shipment_id,order_date,origin_hub,destination_region,transport_mode,carrier,product_category,distance_km,weight_kg,shipment_volume_cbm,month,weekday,planned_days,delivery_days,delay_days,delayed,fuel_price_inr,transport_cost_usd,cost_per_kg,cost_per_km,delay_cause
SHP100000,2025-06-27,Kolkata,North,Sea,TransCo,Apparel,659.0,163.7,0.77,6,Friday,5,3.8,-1.2,0,83.5,75.51,0.461,0.115,None
SHP100001,2025-10-08,Delhi,West,Road,QuickMove,Apparel,816.0,189.3,0.78,10,Wednesday,4,3.3,-0.7,0,74.5,155.95,0.824,0.191,None
SHP100002,2025-04-13,Chennai,South,Sea,SwiftHaul,Pharma,666.0,134.0,0.7,4,Sunday,5,3.2,-1.8,0,97.1,67.21,0.502,0.101,None
SHP100003,2025-09-30,Hyderabad,East,Road,QuickMove,FMCG,337.0,870.0,7.08,9,Tuesday,3,1.7,-1.3,0,77.7,241.95,0.278,0.718,None
SHP100004,2025-08-17,Hyderabad,North,Rail,BlueLine,FMCG,606.0,121.5,0.87,8,Sunday,4,3.2,-0.8,0,76.4,71.34,0.587,0.118,None
SHP100005,2025-02-23,Chennai,South,Road,TransCo,Apparel,1334.0,154.3,0.68,2,Sunday,5,6.2,1.2,1,92.7,221.92,1.438,0.166,Weather
SHP100006,2025-12-27,Hyderabad,West,Road,SwiftHaul,Apparel,1846.0,182.6,0.78,12,Saturday,6,6.0,0.0,0,89.2,333.04,1.824,0.18,None
SHP100007,2025-08-17,Mumbai,North,Rail,BlueLine,FMCG,1316.0,108.1,0.6,8,Sunday,5,4.8,-0.2,0,77.3,110.08,1.018,0.084,None
SHP100008,2025-06-28,Kolkata,West,Rail,SwiftHaul,Pharma,254.0,109.3,0.88,6,Saturday,3,4.2,1.2,1,84.5,44.13,0.404,0.174,Weather
SHP100009,2025-02-09,Kolkata,West,Road,SwiftHaul,FMCG,746.0,554.0,2.78,2,Sunday,4,2.5,-1.5,0,92.5,427.45,0.772,0.573,None
SHP100010,2025-11-19,Delhi,East,Road,SwiftHaul,Apparel,1301.0,127.9,0.86,11,Wednesday,5,4.1,-0.9,0,81.6,163.41,1.278,0.126,None
SHP100011,2025-12-18,Hyderabad,East,Road,BlueLine,Pharma,1883.0,322.1,2.1,12,Thursday,7,6.5,-0.5,0,84.6,587.65,1.824,0.312,None
SHP100012,2025-06-14,Delhi,North,Rail,TransCo,FMCG,830.0,418.1,3.39,6,Saturday,4,3.3,-0.7,0,82.3,226.34,0.541,0.273,None
SHP100013,2025-08-26,Kolkata,South,Road,BlueLine,Electronics,1166.0,312.8,1.95,8,Tuesday,5,6.1,1.1,1,76.7,331.66,1.06,0.284,Carrier capacity
SHP100014,2025-08-01,Mumbai,West,Sea,BlueLine,Electronics,530.0,125.7,0.61,8,Friday,4,2.8,-1.2,0,76.8,51.81,0.412,0.098,None
SHP100015,2025-10-20,Delhi,South,Road,SwiftHaul,Pharma,1934.0,253.8,1.63,10,Monday,7,7.4,0.4,1,76.4,386.5,1.523,0.2,Last-mile failure
SHP100016,2025-12-15,Mumbai,South,Road,QuickMove,Pharma,1322.0,85.3,0.55,12,Monday,5,5.4,0.4,1,86.0,127.73,1.497,0.097,Weather
SHP100017,2025-04-23,Hyderabad,North,Sea,QuickMove,Pharma,1505.0,117.7,0.92,4,Wednesday,8,5.8,-2.2,0,93.0,99.82,0.848,0.066,None
SHP100018,2025-12-16,Chennai,West,Road,QuickMove,FMCG,1282.0,282.5,1.17,12,Tuesday,5,3.7,-1.3,0,85.0,320.2,1.133,0.25,None
SHP100019,2025-08-09,Delhi,North,Sea,QuickMove,FMCG,1068.0,374.7,2.08,8,Saturday,6,4.2,-1.8,0,76.3,158.12,0.422,0.148,None
SHP100020,2025-09-10,Chennai,West,Sea,BlueLine,FMCG,1670.0,65.5,0.26,9,Wednesday,8,6.5,-1.5,0,72.3,66.66,1.018,0.04,None
SHP100021,2025-06-26,Chennai,North,Road,TransCo,Electronics,1565.0,119.8,0.5,6,Thursday,5,7.6,2.6,1,86.4,217.31,1.814,0.139,Customs/Docs
SHP100022,2025-05-30,Mumbai,South,Road,TransCo,Pharma,1834.0,120.5,0.56,5,Friday,6,6.7,0.7,1,91.1,245.7,2.039,0.134,Last-mile failure
SHP100023,2025-01-01,Kolkata,West,Air,SwiftHaul,Electronics,1294.0,717.2,2.92,1,Wednesday,3,2.1,-0.9,0,92.0,4006.52,5.586,3.096,None
SHP100024,2025-05-29,Kolkata,Central,Sea,SwiftHaul,Pharma,668.0,250.5,1.79,5,Thursday,5,6.6,1.6,1,88.0,98.97,0.395,0.148,Warehouse congestion
SHP100025,2025-08-12,Mumbai,Central,Road,SwiftHaul,FMCG,2169.0,144.0,1.08,8,Tuesday,7,5.8,-1.2,0,75.5,248.57,1.726,0.115,None
SHP100026,2025-05-31,Hyderabad,Central,Rail,QuickMove,Electronics,1147.0,870.6,4.39,5,Saturday,5,3.3,-1.7,0,92.2,677.94,0.779,0.591,None
SHP100027,2025-03-03,Kolkata,Central,Rail,TransCo,FMCG,859.0,1229.1,5.72,3,Monday,4,3.6,-0.4,0,93.8,595.3,0.484,0.693,None
SHP100028,2025-06-28,Mumbai,West,Rail,SwiftHaul,FMCG,789.0,207.3,1.31,6,Saturday,4,2.7,-1.3,0,88.6,128.74,0.621,0.163,None
SHP100029,2025-08-26,Kolkata,South,Road,BlueLine,Electronics,1166.0,312.8,1.95,8,Tuesday,5,4.1,-0.9,0,73.2,314.85,1.007,0.27,None
SHP100030,2025-07-27,Delhi,West,Rail,TransCo,Electronics,1085.0,299.5,1.72,7,Sunday,5,3.6,-1.4,0,78.9,210.61,0.703,0.194,None
SHP100031,2025-08-27,Mumbai,Central,Road,QuickMove,Apparel,1708.0,214.4,1.3,8,Wednesday,6,4.8,-1.2,0,75.4,320.54,1.495,0.188,None
SHP100032,2025-07-18,Kolkata,East,Road,TransCo,FMCG,572.0,678.2,3.16,7,Friday,3,3.3,0.3,1,81.5,321.16,0.474,0.561,Weather
SHP100033,2025-01-09,Chennai,East,Road,QuickMove,Electronics,415.0,320.1,1.58,1,Thursday,3,3.2,0.2,1,93.3,150.26,0.469,0.362,Last-mile failure
SHP100034,2025-10-16,Kolkata,West,Road,BlueLine,FMCG,1062.0,445.3,2.18,10,Thursday,4,4.1,0.1,1,,425.13,0.955,0.4,Warehouse congestion
SHP100035,2025-12-16,Kolkata,South,Road,SwiftHaul,Electronics,2328.0,212.3,1.09,12,Tuesday,7,6.7,-0.3,0,79.8,438.88,2.067,0.189,None
SHP100036,2025-06-24,Kolkata,West,Air,BlueLine,Electronics,802.0,109.1,0.5,6,Tuesday,3,2.0,-1.0,0,84.8,365.71,3.352,0.456,None
SHP100037,2025-07-02,Hyderabad,South,Rail,TransCo,Machinery,982.0,208.0,1.02,7,Wednesday,5,4.5,-0.5,0,80.2,135.42,0.651,0.138,None
SHP100038,2025-12-12,Chennai,West,Road,BlueLine,Apparel,744.0,299.9,1.31,12,Friday,4,3.3,-0.7,0,85.8,203.22,0.678,0.273,None
SHP100039,2025-03-19,Chennai,East,Road,SwiftHaul,Pharma,551.0,463.6,2.21,3,Wednesday,3,1.5,-1.5,0,94.8,263.24,0.568,0.478,None
SHP100040,2025-03-15,Kolkata,Central,Sea,SwiftHaul,Apparel,426.0,464.6,2.0,3,Saturday,4,3.1,-0.9,0,97.6,106.32,0.229,0.25,None
SHP100041,2025-05-30,Mumbai,East,Rail,BlueLine,Pharma,2173.0,35.2,0.18,5,Friday,9,7.4,-1.6,0,88.2,78.03,2.217,0.036,None
SHP100042,2025-04-02,Chennai,West,Rail,SwiftHaul,FMCG,1213.0,457.5,2.29,4,Wednesday,5,4.5,-0.5,0,91.6,287.44,0.628,0.237,None
SHP100043,2025-06-03,Kolkata,North,Rail,QuickMove,FMCG,1224.0,244.7,1.04,6,Tuesday,5,4.2,-0.8,0,83.8,187.54,0.766,0.153,None
SHP100044,2025-02-07,Kolkata,West,Road,QuickMove,Apparel,749.0,101.5,0.62,2,Friday,4,3.9,-0.1,0,98.9,116.37,1.147,0.155,None
SHP100045,2025-12-22,Delhi,West,Sea,TransCo,FMCG,1321.0,84.2,0.6,12,Monday,7,7.4,0.4,1,84.6,70.82,0.841,0.054,Weather
SHP100046,2025-07-07,Hyderabad,West,Rail,BlueLine,Pharma,632.0,209.4,1.18,7,Monday,4,3.0,-1.0,0,82.3,97.61,0.466,0.154,None
SHP100047,2025-05-07,Delhi,West,Sea,QuickMove,FMCG,490.0,133.8,0.59,5,Wednesday,4,3.4,-0.6,0,92.3,61.45,0.459,0.125,None
SHP100048,2025-02-25,Chennai,North,Road,BlueLine,FMCG,706.0,2024.7,9.1,2,Tuesday,4,2.8,-1.2,0,90.2,1278.01,0.631,1.81,None
SHP100049,2025-12-20,Hyderabad,North,Air,QuickMove,Electronics,414.0,46.2,0.25,12,Saturday,2,1.4,-0.6,0,84.9,113.64,2.46,0.274,None
SHP100050,2025-04-02,Chennai,West,Rail,SwiftHaul,FMCG,1007.0,229.2,1.11,4,Wednesday,5,3.8,-1.2,0,95.9,173.2,0.756,0.172,None
SHP100051,2025-07-04,Chennai,South,Sea,QuickMove,FMCG,1560.0,187.0,1.04,7,Friday,9,7.9,-1.1,0,85.7,150.15,0.803,0.096,None
SHP100052,2025-12-12,Kolkata,South,Road,SwiftHaul,Apparel,759.0,101.9,0.57,12,Friday,4,3.4,-0.6,0,87.2,110.37,1.083,0.145,None
SHP100053,2025-11-04,Kolkata,South,Road,TransCo,FMCG,1831.0,1128.5,6.54,11,Tuesday,6,5.9,-0.1,0,79.3,1700.9,1.507,0.929,None
SHP100054,2025-01-14,Mumbai,West,Road,SwiftHaul,Pharma,1384.0,234.7,1.24,1,Tuesday,5,4.7,-0.3,0,92.9,321.36,1.369,0.232,None
SHP100055,2025-02-14,Kolkata,Central,Rail,SwiftHaul,Apparel,627.0,76.3,0.59,2,Friday,4,2.0,-2.0,0,92.8,61.29,0.803,0.098,None
SHP100056,2025-02-27,Delhi,South,Sea,SwiftHaul,Machinery,939.0,76.8,0.53,2,Thursday,6,3.9,-2.1,0,91.4,57.18,0.745,0.061,None
SHP100057,2025-08-17,Hyderabad,North,Rail,BlueLine,FMCG,606.0,121.5,0.87,8,Sunday,4,2.8,-1.2,0,77.7,72.01,0.593,0.119,None
SHP100058,2025-03-20,Kolkata,East,Road,BlueLine,FMCG,1453.0,99.2,0.65,3,Thursday,6,5.3,-0.7,0,92.1,158.77,1.601,0.109,None
SHP100059,2025-04-08,Mumbai,West,Air,BlueLine,Apparel,735.0,120.3,0.5,4,Tuesday,2,0.5,-1.5,0,92.5,346.17,2.878,0.471,None
SHP100060,2025-01-22,Delhi,West,Road,QuickMove,Electronics,526.0,379.5,1.86,1,Wednesday,3,2.2,-0.8,0,93.0,212.76,0.561,0.404,None
SHP100061,2025-02-24,Chennai,East,Sea,QuickMove,Electronics,578.0,39.6,0.31,2,Monday,5,5.0,0.0,0,95.1,39.55,0.999,0.068,None
SHP100062,2025-03-10,Chennai,Central,Road,QuickMove,Apparel,1244.0,268.6,1.11,3,Monday,5,3.9,-1.1,0,93.3,280.45,1.044,0.225,None
SHP100063,2025-12-25,Kolkata,Central,Road,QuickMove,Apparel,1417.0,125.7,1.01,12,Thursday,5,4.5,-0.5,0,85.3,182.09,1.449,0.129,None
SHP100064,2025-02-05,Kolkata,North,Sea,SwiftHaul,Pharma,1316.0,344.5,1.4,2,Wednesday,7,7.0,0.0,0,93.5,201.95,0.586,0.153,None
SHP100065,2025-09-08,Chennai,North,Rail,TransCo,FMCG,444.0,479.2,1.97,9,Monday,3,4.2,1.2,1,76.8,135.05,0.282,0.304,Last-mile failure
SHP100066,2025-01-01,Delhi,Central,Road,BlueLine,Pharma,1881.0,284.9,1.87,1,Wednesday,6,5.4,-0.6,0,90.8,473.96,1.664,0.252,None
SHP100067,2025-08-14,Hyderabad,Central,Air,SwiftHaul,Electronics,999.0,1428.3,9.27,8,Thursday,3,0.7,-2.3,0,76.6,5148.84,3.605,5.154,None
SHP100068,2025-01-31,Hyderabad,North,Air,QuickMove,Pharma,623.0,79.0,0.38,1,Friday,2,0.5,-1.5,0,89.9,226.52,2.867,0.364,None
SHP100069,2025-07-27,Chennai,East,Sea,TransCo,FMCG,2269.0,144.1,0.73,7,Sunday,12,12.2,0.2,1,77.8,132.16,0.917,0.058,Weather
SHP100070,2025-04-11,Chennai,South,Road,BlueLine,Pharma,1181.0,272.5,1.38,4,Friday,5,3.3,-1.7,0,96.4,378.01,1.387,0.32,None
SHP100071,2025-09-21,Kolkata,West,Road,BlueLine,FMCG,1159.0,55.6,0.23,9,Sunday,4,3.0,-1.0,0,75.8,79.72,1.434,0.069,None
SHP100072,2025-07-15,Delhi,South,Road,SwiftHaul,Machinery,1389.0,2179.8,11.93,7,Tuesday,5,4.7,-0.3,0,79.3,2355.03,1.08,1.695,None
SHP100073,2025-10-15,Kolkata,North,Air,BlueLine,Pharma,1517.0,88.2,0.58,10,Wednesday,3,2.0,-1.0,0,75.8,453.66,5.144,0.299,None
SHP100074,2025-01-25,Chennai,West,Sea,TransCo,Apparel,499.0,152.9,1.11,1,Saturday,4,7.5,3.5,1,89.8,60.08,0.393,0.12,Carrier capacity
SHP100075,2025-11-21,Chennai,West,Road,QuickMove,Pharma,1625.0,200.0,0.9,11,Friday,5,6.0,1.0,1,78.4,257.22,1.286,0.158,Carrier capacity
SHP100076,2025-02-16,Mumbai,South,Road,QuickMove,Electronics,1483.0,79.4,0.32,2,Sunday,5,4.2,-0.8,0,92.5,151.37,1.906,0.102,None
SHP100077,2025-06-14,Hyderabad,Central,Road,BlueLine,FMCG,1985.0,906.5,6.25,6,Saturday,6,5.5,-0.5,0,87.0,1737.45,1.917,0.875,None
SHP100078,2025-09-15,Delhi,West,Air,BlueLine,Machinery,2424.0,46.2,0.2,9,Monday,4,2.7,-1.3,0,71.9,375.86,8.135,0.155,None
SHP100079,2025-05-16,Kolkata,West,Road,SwiftHaul,Machinery,613.0,201.8,0.98,5,Friday,3,1.5,-1.5,0,93.7,141.49,0.701,0.231,None
SHP100080,2025-01-29,Mumbai,West,Road,SwiftHaul,FMCG,1798.0,334.8,1.62,1,Wednesday,6,6.0,0.0,0,90.0,529.78,1.582,0.295,None
SHP100081,2025-12-28,Delhi,West,Rail,QuickMove,Apparel,1036.0,339.4,2.38,12,Sunday,5,3.8,-1.2,0,83.4,228.29,0.673,0.22,None
SHP100082,2025-09-15,Delhi,West,Air,BlueLine,Machinery,2424.0,46.2,0.2,9,Monday,4,2.2,-1.8,0,74.3,405.3,8.773,0.167,None
SHP100083,2025-03-19,Chennai,South,Road,QuickMove,FMCG,1054.0,429.9,3.46,3,Wednesday,4,4.7,0.7,1,95.8,492.62,1.146,0.467,Customs/Docs
SHP100084,2025-11-26,Kolkata,Central,Road,QuickMove,FMCG,1516.0,318.0,2.12,11,Wednesday,5,4.9,-0.1,0,79.0,419.9,1.32,0.277,None
SHP100085,2025-12-20,Delhi,South,Sea,SwiftHaul,Electronics,782.0,279.2,1.84,12,Saturday,5,5.5,0.5,1,86.3,108.39,0.388,0.139,Carrier capacity
SHP100086,2025-06-10,Mumbai,West,Road,TransCo,Machinery,1100.0,120.6,0.82,6,Tuesday,4,3.9,-0.1,0,82.9,132.81,1.101,0.121,None
SHP100087,2025-10-16,Chennai,South,Road,SwiftHaul,FMCG,1867.0,236.0,1.47,10,Thursday,6,5.3,-0.7,0,74.7,365.72,1.55,0.196,None
SHP100088,2025-09-21,Kolkata,South,Road,SwiftHaul,Apparel,929.0,168.9,0.72,9,Sunday,4,3.2,-0.8,0,75.5,142.73,0.845,0.154,None
SHP100089,2025-11-10,Kolkata,West,Road,BlueLine,Pharma,427.0,,0.36,11,Monday,3,3.8,0.8,1,78.8,46.42,1.048,0.109,Customs/Docs
SHP100090,2025-04-26,Mumbai,West,Sea,TransCo,Pharma,1528.0,101.1,0.48,4,Saturday,8,7.7,-0.3,0,97.6,96.41,0.954,0.063,None
SHP100091,2025-04-16,Mumbai,East,Road,SwiftHaul,FMCG,855.0,84.7,0.61,4,Wednesday,4,4.3,0.3,1,95.3,92.46,1.092,0.108,Carrier capacity
SHP100092,2025-03-17,Kolkata,North,Rail,TransCo,Electronics,546.0,218.5,1.63,3,Monday,3,3.5,0.5,1,96.0,105.82,0.484,0.194,Carrier capacity
SHP100093,2025-06-24,Delhi,South,Sea,TransCo,Pharma,1104.0,220.9,1.35,6,Tuesday,7,7.4,0.4,1,85.2,121.61,0.551,0.11,Last-mile failure
SHP100094,2025-06-07,Mumbai,South,Air,QuickMove,FMCG,952.0,118.0,0.49,6,Saturday,3,4.2,1.2,1,84.3,500.07,4.238,0.525,Customs/Docs
SHP100095,2025-10-30,Hyderabad,Central,Road,BlueLine,Apparel,868.0,592.2,3.51,10,Thursday,4,3.4,-0.6,0,75.8,421.18,0.711,0.485,None
SHP100096,2025-04-11,Chennai,South,Road,BlueLine,Pharma,1181.0,272.5,1.38,4,Friday,5,4.0,-1.0,0,92.0,342.51,1.257,0.29,None
SHP100097,2025-03-20,Kolkata,North,Road,QuickMove,FMCG,1085.0,198.3,1.39,3,Thursday,4,4.1,0.1,1,95.4,232.88,1.174,0.215,Last-mile failure
SHP100098,2025-05-02,Kolkata,North,Road,TransCo,FMCG,373.0,806.8,4.06,5,Friday,3,2.3,-0.7,0,87.5,314.95,0.39,0.844,None
SHP100099,2025-09-21,Mumbai,West,Road,TransCo,FMCG,507.0,122.8,0.53,9,Sunday,3,4.7,1.7,1,77.9,83.24,0.678,0.164,Last-mile failure
SHP100100,2025-04-28,Delhi,Central,Rail,BlueLine,Apparel,1374.0,144.5,0.96,4,Monday,6,4.7,-1.3,0,93.8,145.09,1.004,0.106,None
SHP100101,2025-06-09,Mumbai,West,Rail,SwiftHaul,Pharma,1134.0,950.9,7.41,6,Monday,5,2.3,-2.7,0,87.7,626.64,0.659,0.553,None
SHP100102,2025-06-20,Chennai,Central,Rail,BlueLine,Machinery,664.0,,1.12,6,Friday,4,3.1,-0.9,0,86.8,111.62,0.517,0.168,None
SHP100103,2025-07-17,Mumbai,Central,Road,TransCo,Apparel,1062.0,114.2,0.63,7,Thursday,4,5.9,1.9,1,79.9,134.0,1.173,0.126,Carrier capacity
SHP100104,2025-07-07,Hyderabad,West,Rail,BlueLine,Pharma,632.0,209.4,1.18,7,Monday,4,2.6,-1.4,0,80.9,97.19,0.464,0.154,None
SHP100105,2025-07-07,Hyderabad,South,Road,BlueLine,Apparel,558.0,,0.52,7,Monday,3,2.7,-0.3,0,79.1,59.38,0.739,0.106,None
SHP100106,2025-06-16,Delhi,North,Air,BlueLine,Pharma,669.0,253.6,1.05,6,Monday,2,1.4,-0.6,0,84.8,710.89,2.803,1.063,None
SHP100107,2025-03-31,Mumbai,South,Rail,SwiftHaul,FMCG,688.0,49.6,0.23,3,Monday,4,2.1,-1.9,0,93.4,50.09,1.01,0.073,None
SHP100108,2025-11-24,Hyderabad,South,Air,TransCo,Electronics,1186.0,125.1,1.01,11,Monday,3,4.4,1.4,1,83.3,568.86,4.547,0.48,Warehouse congestion
SHP100109,2025-06-25,Mumbai,West,Air,SwiftHaul,FMCG,928.0,219.9,0.95,6,Wednesday,3,2.9,-0.1,0,85.4,774.7,3.523,0.835,None
SHP100110,2025-02-13,Hyderabad,North,Rail,SwiftHaul,Electronics,827.0,515.9,3.38,2,Thursday,4,2.9,-1.1,0,95.4,256.08,0.496,0.31,None
SHP100111,2025-04-11,Hyderabad,West,Sea,TransCo,Apparel,937.0,171.6,1.14,4,Friday,6,5.1,-0.9,0,92.8,89.61,0.522,0.096,None
SHP100112,2025-09-11,Delhi,North,Road,BlueLine,FMCG,1347.0,100.0,0.44,9,Thursday,5,5.0,0.0,0,78.2,142.49,1.425,0.106,None
SHP100113,2025-06-18,Hyderabad,West,Road,TransCo,Electronics,833.0,40.1,0.23,6,Wednesday,4,4.2,0.2,1,83.6,57.62,1.437,0.069,Weather
SHP100114,2025-02-21,Mumbai,North,Road,QuickMove,Electronics,1008.0,348.0,1.71,2,Friday,4,2.9,-1.1,0,93.4,382.81,1.1,0.38,None
SHP100115,2025-10-29,Hyderabad,South,Sea,SwiftHaul,Electronics,1406.0,742.7,3.87,10,Wednesday,8,8.0,0.0,0,75.4,428.17,0.577,0.305,None
SHP100116,2025-06-16,Mumbai,North,Road,TransCo,FMCG,1211.0,171.3,0.73,6,Monday,5,5.2,0.2,1,85.5,184.29,1.076,0.152,Last-mile failure
SHP100117,2025-04-23,Chennai,East,Rail,TransCo,Machinery,761.0,138.4,0.96,4,Wednesday,4,4.8,0.8,1,92.3,94.5,0.683,0.124,Last-mile failure
SHP100118,2025-11-24,Hyderabad,South,Rail,TransCo,FMCG,361.0,231.2,1.08,11,Monday,3,3.7,0.7,1,81.2,75.11,0.325,0.208,Carrier capacity
SHP100119,2025-06-19,Hyderabad,East,Sea,BlueLine,Electronics,1469.0,69.2,0.33,6,Thursday,9,7.9,-1.1,0,85.5,74.29,1.074,0.051,None
SHP100120,2025-02-04,Mumbai,South,Road,BlueLine,Pharma,495.0,39.9,0.23,2,Tuesday,3,2.1,-0.9,0,93.3,46.97,1.177,0.095,None
SHP100121,2025-08-03,Delhi,East,Road,TransCo,Apparel,1061.0,332.8,2.19,8,Sunday,5,4.7,-0.3,0,74.2,304.96,0.916,0.287,None
SHP100122,2025-12-04,Kolkata,North,Air,QuickMove,Apparel,1701.0,233.9,1.02,12,Thursday,3,3.9,0.9,1,84.8,1684.37,7.201,0.99,Carrier capacity
SHP100123,2025-11-07,Mumbai,North,Sea,BlueLine,Apparel,1087.0,51.4,0.22,11,Friday,6,6.1,0.1,1,79.8,51.22,0.996,0.047,Weather
SHP100124,2025-12-26,Kolkata,West,Road,QuickMove,Electronics,858.0,539.2,2.35,12,Friday,4,5.5,1.5,1,86.8,444.82,0.825,0.518,Carrier capacity
SHP100125,2025-02-09,Kolkata,West,Road,SwiftHaul,FMCG,746.0,554.0,2.78,2,Sunday,4,4.5,0.5,1,93.1,389.91,0.704,0.523,Warehouse congestion
SHP100126,2025-09-06,Chennai,East,Sea,BlueLine,Machinery,367.0,625.7,4.89,9,Saturday,4,3.5,-0.5,0,73.0,112.85,0.18,0.307,None
SHP100127,2025-02-17,Delhi,Central,Rail,SwiftHaul,Machinery,974.0,909.4,5.66,2,Monday,5,2.5,-2.5,0,,493.77,0.543,0.507,None
SHP100128,2025-06-19,Hyderabad,East,Sea,BlueLine,Electronics,1469.0,69.2,0.33,6,Thursday,9,8.6,-0.4,0,87.3,71.95,1.04,0.049,None
SHP100129,2025-05-02,Chennai,South,Road,SwiftHaul,Apparel,1042.0,251.5,1.21,5,Friday,4,3.2,-0.8,0,89.6,233.89,0.93,0.224,None
SHP100130,2025-10-01,Mumbai,West,Road,TransCo,FMCG,638.0,121.2,0.84,10,Wednesday,3,2.7,-0.3,0,77.0,97.54,0.805,0.153,None
SHP100131,2025-03-06,Kolkata,Central,Road,TransCo,Machinery,402.0,70.6,0.33,3,Thursday,3,2.2,-0.8,0,94.0,54.22,0.768,0.135,None
SHP100132,2025-12-10,Chennai,East,Sea,TransCo,FMCG,789.0,117.1,0.67,12,Wednesday,6,6.2,0.2,1,83.8,63.89,0.546,0.081,Warehouse congestion
SHP100133,2025-02-22,Delhi,Central,Sea,TransCo,Electronics,694.0,327.9,1.78,2,Saturday,5,4.3,-0.7,0,93.5,137.14,0.418,0.198,None
SHP100134,2025-10-08,Delhi,West,Road,QuickMove,Electronics,612.0,90.8,0.54,10,Wednesday,3,2.6,-0.4,0,74.7,72.66,0.8,0.119,None
SHP100135,2025-08-16,Delhi,West,Road,BlueLine,Pharma,1425.0,354.5,2.05,8,Saturday,5,3.9,-1.1,0,75.6,387.03,1.092,0.272,None
SHP100136,2025-10-15,Kolkata,North,Air,BlueLine,Pharma,1517.0,88.2,0.58,10,Wednesday,3,2.9,-0.1,0,77.8,496.91,5.634,0.328,None
SHP100137,2025-04-20,Chennai,North,Road,SwiftHaul,Apparel,707.0,218.4,1.38,4,Sunday,4,2.0,-2.0,0,95.1,180.22,0.825,0.255,None
SHP100138,2025-07-09,Chennai,East,Rail,QuickMove,Machinery,940.0,81.1,0.56,7,Wednesday,5,3.8,-1.2,0,79.0,72.44,0.893,0.077,None
SHP100139,2025-06-10,Kolkata,North,Road,TransCo,Pharma,1554.0,134.8,0.6,6,Tuesday,5,4.7,-0.3,0,84.5,204.12,1.514,0.131,None
SHP100140,2025-07-25,Chennai,North,Road,QuickMove,Machinery,960.0,36.8,0.18,7,Friday,4,3.8,-0.2,0,76.1,56.21,1.527,0.059,None
SHP100141,2025-11-22,Chennai,East,Road,SwiftHaul,Electronics,1573.0,266.7,1.19,11,Saturday,6,5.6,-0.4,0,76.7,376.92,1.413,0.24,None
SHP100142,2025-12-25,Hyderabad,Central,Rail,SwiftHaul,FMCG,963.0,141.2,0.65,12,Thursday,5,4.2,-0.8,0,84.0,104.58,0.741,0.109,None
SHP100143,2025-05-31,Mumbai,North,Road,TransCo,FMCG,2593.0,86.6,0.72,5,Saturday,8,7.1,-0.9,0,90.1,214.92,2.482,0.083,None
SHP100144,2025-07-26,Mumbai,West,Road,SwiftHaul,Apparel,992.0,128.3,0.52,7,Saturday,4,3.9,-0.1,0,77.5,125.37,0.977,0.126,None
SHP100145,2025-11-13,Hyderabad,Central,Sea,SwiftHaul,Machinery,1430.0,235.5,1.32,11,Thursday,8,7.1,-0.9,0,81.4,151.65,0.644,0.106,None
SHP100146,2025-02-23,Chennai,Central,Road,TransCo,Electronics,2030.0,112.6,0.84,2,Sunday,7,5.1,-1.9,0,95.4,254.01,2.256,0.125,None
SHP100147,2025-06-03,Hyderabad,South,Rail,QuickMove,Electronics,787.0,331.0,2.01,6,Tuesday,4,3.4,-0.6,0,83.3,178.06,0.538,0.226,None
SHP100148,2025-12-26,Chennai,Central,Rail,QuickMove,Apparel,1000.0,117.1,0.77,12,Friday,5,5.4,0.4,1,83.2,88.11,0.752,0.088,Warehouse congestion
SHP100149,2025-12-30,Mumbai,West,Sea,BlueLine,FMCG,572.0,118.2,0.51,12,Tuesday,4,4.2,0.2,1,85.8,56.62,0.479,0.099,Weather
SHP100150,2025-06-21,Hyderabad,West,Rail,BlueLine,Electronics,1566.0,204.6,1.49,6,Saturday,6,5.3,-0.7,0,88.3,214.15,1.047,0.137,None
SHP100151,2025-02-12,Mumbai,East,Road,SwiftHaul,Pharma,1161.0,178.1,1.43,2,Wednesday,5,3.9,-1.1,0,92.8,217.43,1.221,0.187,None
SHP100152,2025-01-12,Chennai,West,Road,SwiftHaul,Pharma,328.0,98.6,0.46,1,Sunday,3,0.6,-2.4,0,91.9,61.7,0.626,0.188,None
SHP100153,2025-07-13,Mumbai,East,Road,BlueLine,Electronics,736.0,190.5,0.86,7,Sunday,4,4.3,0.3,1,79.9,137.98,0.724,0.187,Carrier capacity
SHP100154,2025-09-17,Mumbai,South,Road,TransCo,Electronics,777.0,40.2,0.17,9,Wednesday,4,3.4,-0.6,0,75.1,57.02,1.418,0.073,None
SHP100155,2025-07-21,Mumbai,Central,Road,BlueLine,Electronics,1608.0,92.2,0.47,7,Monday,6,3.2,-2.8,0,79.6,163.99,1.779,0.102,None
SHP100156,2025-06-30,Mumbai,Central,Rail,BlueLine,FMCG,2439.0,65.5,0.47,6,Monday,8,7.3,-0.7,0,86.9,129.98,1.984,0.053,None
SHP100157,2025-10-30,Chennai,East,Road,TransCo,Pharma,744.0,476.0,2.74,10,Thursday,4,5.4,1.4,1,80.3,305.14,0.641,0.41,Weather
SHP100158,2025-11-26,Chennai,West,Road,TransCo,FMCG,685.0,129.0,0.53,11,Wednesday,3,4.1,1.1,1,81.7,104.95,0.814,0.153,Carrier capacity
SHP100159,2025-07-19,Chennai,East,Sea,SwiftHaul,Pharma,1101.0,112.9,0.58,7,Saturday,7,5.7,-1.3,0,77.6,74.8,0.663,0.068,None
SHP100160,2025-04-29,Hyderabad,East,Road,TransCo,FMCG,378.0,89.8,0.69,4,Tuesday,3,2.0,-1.0,0,93.2,60.47,0.673,0.16,None
SHP100161,2025-04-08,Chennai,East,Road,QuickMove,Pharma,892.0,32.0,0.19,4,Tuesday,4,2.8,-1.2,0,89.8,58.44,1.826,0.066,None
SHP100162,2025-04-21,Kolkata,North,Road,SwiftHaul,Apparel,1552.0,727.4,6.01,4,Monday,5,4.5,-0.5,0,97.8,1133.73,1.559,0.73,None
SHP100163,2025-05-29,Delhi,South,Sea,QuickMove,Machinery,503.0,44.0,0.2,5,Thursday,4,3.4,-0.6,0,90.7,37.23,0.846,0.074,None
SHP100164,2025-03-10,Kolkata,South,Sea,TransCo,FMCG,397.0,1029.1,6.32,3,Monday,4,2.5,-1.5,0,93.4,221.06,0.215,0.557,None
SHP100165,2025-02-22,Delhi,Central,Sea,TransCo,Electronics,694.0,327.9,1.78,2,Saturday,5,5.0,0.0,0,94.2,136.76,0.417,0.197,None
SHP100166,2025-12-09,Mumbai,West,Road,SwiftHaul,FMCG,1374.0,215.1,0.9,12,Tuesday,5,5.0,0.0,0,88.8,289.06,1.344,0.21,None
SHP100167,2025-10-09,Hyderabad,Central,Road,QuickMove,Electronics,1118.0,61.3,0.47,10,Thursday,4,4.2,0.2,1,74.7,83.71,1.366,0.075,Warehouse congestion
SHP100168,2025-04-02,Hyderabad,West,Road,QuickMove,FMCG,905.0,385.3,3.16,4,Wednesday,4,2.0,-2.0,0,92.5,359.03,0.932,0.397,None
SHP100169,2025-04-30,Chennai,North,Rail,BlueLine,Electronics,699.0,51.9,0.22,4,Wednesday,4,2.1,-1.9,0,91.3,51.24,0.987,0.073,None
SHP100170,2025-06-01,Mumbai,North,Rail,QuickMove,Machinery,1540.0,412.2,2.24,6,Sunday,6,6.2,0.2,1,86.1,472.36,1.146,0.307,Carrier capacity
SHP100171,2025-09-25,Hyderabad,West,Sea,SwiftHaul,Electronics,1934.0,177.0,0.9,9,Thursday,9,8.4,-0.6,0,74.7,137.26,0.775,0.071,None
SHP100172,2025-12-03,Mumbai,Central,Road,QuickMove,Electronics,298.0,205.1,1.06,12,Wednesday,3,2.8,-0.2,0,80.7,79.52,0.388,0.267,None
SHP100173,2025-11-12,Kolkata,West,Sea,QuickMove,FMCG,1897.0,,0.26,11,Wednesday,9,7.9,-1.1,0,80.7,61.78,1.195,0.033,None
SHP100174,2025-07-07,Chennai,South,Road,BlueLine,FMCG,259.0,63.5,0.36,7,Monday,3,3.3,0.3,1,81.9,44.5,0.701,0.172,Warehouse congestion
SHP100175,2025-08-30,Chennai,West,Sea,SwiftHaul,Electronics,246.0,562.5,3.65,8,Saturday,3,2.4,-0.6,0,75.3,78.49,0.14,0.319,None
SHP100176,2025-09-08,Chennai,West,Road,QuickMove,FMCG,1364.0,109.8,0.48,9,Monday,5,5.4,0.4,1,74.9,149.02,1.357,0.109,Warehouse congestion
SHP100177,2025-12-13,Delhi,East,Road,TransCo,Electronics,703.0,444.8,2.77,12,Saturday,4,2.9,-1.1,0,84.6,274.08,0.616,0.39,None
SHP100178,2025-09-25,Mumbai,South,Road,BlueLine,Electronics,1161.0,167.4,0.96,9,Thursday,5,4.2,-0.8,0,76.4,182.85,1.092,0.157,None
SHP100179,2025-11-28,Chennai,Central,Rail,SwiftHaul,Apparel,1321.0,278.2,1.31,11,Friday,5,4.9,-0.1,0,76.7,223.81,0.804,0.169,None
SHP100180,2025-11-03,Hyderabad,West,Road,SwiftHaul,FMCG,1278.0,842.1,4.4,11,Monday,5,4.4,-0.6,0,78.7,781.97,0.929,0.612,None
SHP100181,2025-07-01,Chennai,South,Road,SwiftHaul,Machinery,1044.0,608.3,3.73,7,Tuesday,4,2.3,-1.7,0,79.4,553.81,0.91,0.53,None
SHP100182,2025-05-26,Mumbai,North,Road,QuickMove,Machinery,634.0,105.9,0.7,5,Monday,3,2.6,-0.4,0,91.5,88.28,0.834,0.139,None
SHP100183,2025-10-22,Mumbai,East,Road,SwiftHaul,Pharma,1059.0,60.7,0.49,10,Wednesday,5,3.2,-1.8,0,76.3,78.98,1.301,0.075,None
SHP100184,2025-12-07,Kolkata,Central,Air,SwiftHaul,Pharma,494.0,294.4,1.38,12,Sunday,2,3.2,1.2,1,82.4,587.1,1.994,1.188,Warehouse congestion
SHP100185,2025-01-25,Hyderabad,South,Rail,SwiftHaul,Electronics,1256.0,58.5,0.42,1,Saturday,5,4.8,-0.2,0,88.8,74.54,1.274,0.059,None
SHP100186,2025-01-25,Hyderabad,West,Road,BlueLine,Electronics,516.0,336.9,1.37,1,Saturday,3,2.0,-1.0,0,92.5,180.14,0.535,0.349,None
SHP100187,2025-01-20,Delhi,South,Rail,BlueLine,Apparel,634.0,341.5,1.59,1,Monday,4,5.1,1.1,1,87.4,145.5,0.426,0.229,Last-mile failure
SHP100188,2025-03-02,Delhi,Central,Sea,TransCo,FMCG,890.0,521.0,2.12,3,Sunday,6,4.3,-1.7,0,97.1,227.39,0.436,0.255,None
SHP100189,2025-04-28,Mumbai,West,Road,SwiftHaul,FMCG,412.0,159.3,1.11,4,Monday,3,1.5,-1.5,0,95.5,93.35,0.586,0.227,None
SHP100190,2025-04-08,Kolkata,North,Sea,QuickMove,Electronics,972.0,74.2,0.34,4,Tuesday,6,5.7,-0.3,0,96.1,60.84,0.82,0.063,None
SHP100191,2025-02-21,Mumbai,North,Road,QuickMove,Electronics,1008.0,348.0,1.71,2,Friday,4,2.4,-1.6,0,95.9,362.87,1.043,0.36,None
SHP100192,2025-12-28,Mumbai,South,Road,BlueLine,Electronics,2685.0,377.0,3.12,12,Sunday,8,10.9,2.9,1,87.7,908.16,2.409,0.338,Last-mile failure
SHP100193,2025-11-29,Chennai,South,Air,SwiftHaul,FMCG,1102.0,85.8,0.47,11,Saturday,3,2.2,-0.8,0,76.4,390.67,4.553,0.355,None
SHP100194,2025-07-21,Chennai,North,Rail,SwiftHaul,Electronics,683.0,132.4,1.0,7,Monday,4,2.6,-1.4,0,82.6,80.56,0.608,0.118,None
SHP100195,2025-04-23,Mumbai,Central,Road,BlueLine,FMCG,790.0,191.9,1.21,4,Wednesday,4,4.0,0.0,0,94.7,175.82,0.916,0.223,None
SHP100196,2025-05-11,Kolkata,South,Road,BlueLine,FMCG,1426.0,381.1,1.64,5,Sunday,5,3.8,-1.2,0,88.9,507.92,1.333,0.356,None
SHP100197,2025-08-08,Hyderabad,West,Air,SwiftHaul,Apparel,1113.0,387.2,2.43,8,Friday,3,0.6,-2.4,0,74.0,1388.4,3.586,1.247,None
SHP100198,2025-02-10,Hyderabad,West,Rail,QuickMove,FMCG,2648.0,372.7,2.06,2,Monday,9,6.9,-2.1,0,93.7,734.16,1.97,0.277,None
SHP100199,2025-12-02,Kolkata,North,Road,TransCo,FMCG,2203.0,416.2,2.84,12,Tuesday,7,8.3,1.3,1,89.8,890.1,2.139,0.404,Customs/Docs
SHP100200,2025-07-24,Delhi,West,Road,TransCo,Electronics,2060.0,971.5,4.18,7,Thursday,6,6.6,0.6,1,81.0,1739.83,1.791,0.845,Carrier capacity
SHP100201,2025-01-12,Hyderabad,North,Sea,QuickMove,Electronics,2661.0,49.3,0.39,1,Sunday,13,11.2,-1.8,0,89.0,78.58,1.594,0.03,None
SHP100202,2025-03-01,Delhi,North,Sea,SwiftHaul,Apparel,953.0,1130.6,6.06,3,Saturday,6,4.2,-1.8,0,99.7,545.4,0.482,0.572,None
SHP100203,2025-04-27,Hyderabad,North,Sea,TransCo,Machinery,900.0,376.5,2.19,4,Sunday,6,4.8,-1.2,0,95.0,161.53,0.429,0.179,None
SHP100204,2025-11-05,Hyderabad,Central,Road,SwiftHaul,Electronics,1524.0,676.9,4.47,11,Wednesday,5,4.2,-0.8,0,81.4,891.65,1.317,0.585,None
SHP100205,2025-07-18,Hyderabad,South,Rail,TransCo,FMCG,408.0,73.4,0.51,7,Friday,3,2.6,-0.4,0,80.6,46.35,0.631,0.114,None
SHP100206,2025-03-17,Kolkata,South,Road,SwiftHaul,FMCG,891.0,71.9,0.29,3,Monday,4,4.0,0.0,0,96.0,98.54,1.371,0.111,None
SHP100207,2025-06-19,Chennai,East,Road,BlueLine,Pharma,356.0,405.5,2.97,6,Thursday,3,1.4,-1.6,0,80.1,143.49,0.354,0.403,None
SHP100208,2025-09-17,Chennai,South,Road,QuickMove,Apparel,357.0,430.5,1.79,9,Wednesday,3,2.5,-0.5,0,75.3,151.82,0.353,0.425,None
SHP100209,2025-04-27,Mumbai,West,Rail,QuickMove,Electronics,1316.0,95.1,0.63,4,Sunday,5,3.9,-1.1,0,95.3,111.35,1.171,0.085,None
SHP100210,2025-12-13,Kolkata,South,Air,BlueLine,Apparel,1182.0,264.3,1.64,12,Saturday,3,1.2,-1.8,0,88.2,1187.49,4.493,1.005,None
SHP100211,2025-06-27,Kolkata,North,Road,BlueLine,Apparel,2101.0,18.3,0.08,6,Friday,7,5.0,-2.0,0,89.6,65.92,3.602,0.031,None
SHP100212,2025-10-29,Delhi,South,Sea,SwiftHaul,Machinery,1445.0,150.6,0.66,10,Wednesday,8,7.7,-0.3,0,78.5,105.62,0.701,0.073,None
SHP100213,2025-11-12,Hyderabad,South,Air,BlueLine,Apparel,2561.0,858.5,3.74,11,Wednesday,4,4.9,0.9,1,80.4,7921.18,9.227,3.093,Weather
SHP100214,2025-11-01,Mumbai,North,Road,QuickMove,Machinery,2263.0,101.2,0.43,11,Saturday,7,7.0,0.0,0,80.1,208.13,2.057,0.092,None
SHP100215,2025-12-25,Delhi,West,Rail,TransCo,Electronics,718.0,367.0,1.75,12,Thursday,4,4.4,0.4,1,83.6,176.47,0.481,0.246,Warehouse congestion
SHP100216,2025-01-02,Chennai,South,Road,SwiftHaul,FMCG,1326.0,363.7,1.65,1,Thursday,5,3.4,-1.6,0,91.1,474.1,1.304,0.358,None
SHP100217,2025-08-08,Mumbai,South,Air,QuickMove,FMCG,1024.0,962.2,7.46,8,Friday,3,2.6,-0.4,0,80.3,3722.91,3.869,3.636,None
SHP100218,2025-07-02,Chennai,East,Air,SwiftHaul,Apparel,1388.0,480.9,3.46,7,Wednesday,3,1.8,-1.2,0,79.3,2496.1,5.19,1.798,None
SHP100219,2025-01-21,Hyderabad,North,Sea,BlueLine,FMCG,1484.0,84.7,0.43,1,Tuesday,8,9.8,1.8,1,90.4,84.04,0.992,0.057,Warehouse congestion
SHP100220,2025-09-21,Chennai,West,Road,TransCo,Apparel,2261.0,51.3,0.24,9,Sunday,7,7.0,0.0,0,73.6,120.31,2.345,0.053,None
SHP100221,2025-12-22,Hyderabad,East,Road,TransCo,Machinery,509.0,212.2,1.02,12,Monday,3,4.3,1.3,1,87.1,137.71,0.649,0.271,Customs/Docs
SHP100222,2025-08-03,Hyderabad,South,Rail,TransCo,Apparel,767.0,302.8,2.35,8,Sunday,4,4.0,0.0,0,78.8,159.73,0.528,0.208,None
SHP100223,2025-01-20,Kolkata,North,Sea,TransCo,Electronics,1310.0,62.4,0.27,1,Monday,7,7.8,0.8,1,88.6,62.56,1.003,0.048,Weather
SHP100224,2025-09-24,Delhi,Central,Road,BlueLine,Electronics,910.0,1382.1,8.49,9,Wednesday,4,3.9,-0.1,0,76.2,1074.79,0.778,1.181,None
SHP100225,2025-10-22,Chennai,North,Road,SwiftHaul,Electronics,1432.0,134.9,0.71,10,Wednesday,5,4.3,-0.7,0,71.1,168.68,1.25,0.118,None
SHP100226,2025-03-25,Chennai,North,Air,SwiftHaul,Electronics,1397.0,47.0,0.33,3,Tuesday,3,2.5,-0.5,0,94.5,312.03,6.639,0.223,None
SHP100227,2025-05-31,Kolkata,West,Road,SwiftHaul,Machinery,745.0,769.9,3.61,5,Saturday,4,3.0,-1.0,0,92.6,450.68,0.585,0.605,None
SHP100228,2025-10-11,Hyderabad,South,Rail,TransCo,FMCG,1824.0,377.6,1.73,10,Saturday,7,6.8,-0.2,0,75.4,353.7,0.937,0.194,None
SHP100229,2025-01-24,Chennai,South,Sea,BlueLine,FMCG,902.0,938.5,5.74,1,Friday,6,5.9,-0.1,0,87.4,379.83,0.405,0.421,None
SHP100230,2025-05-29,Chennai,East,Rail,QuickMove,Pharma,775.0,135.7,0.61,5,Thursday,4,2.9,-1.1,0,91.4,102.54,0.756,0.132,None
SHP100231,2025-02-28,Kolkata,West,Road,QuickMove,Pharma,803.0,129.8,0.83,2,Friday,4,2.8,-1.2,0,93.4,130.83,1.008,0.163,None
SHP100232,2025-05-10,Chennai,Central,Road,BlueLine,Pharma,753.0,685.2,2.82,5,Saturday,4,3.7,-0.3,0,90.4,519.09,0.758,0.689,None
SHP100233,2025-10-09,Mumbai,South,Rail,BlueLine,Apparel,1003.0,305.8,1.62,10,Thursday,5,3.2,-1.8,0,77.0,197.2,0.645,0.197,None
SHP100234,2025-08-03,Hyderabad,South,Road,SwiftHaul,Apparel,646.0,49.0,0.4,8,Sunday,4,2.6,-1.4,0,78.2,55.0,1.122,0.085,None
SHP100235,2025-10-01,Mumbai,South,Sea,BlueLine,FMCG,871.0,375.0,2.49,10,Wednesday,6,6.8,0.8,1,78.5,136.2,0.363,0.156,Warehouse congestion
SHP100236,2025-11-25,Kolkata,Central,Road,BlueLine,FMCG,1151.0,545.4,4.17,11,Tuesday,5,7.4,2.4,1,80.8,563.04,1.032,0.489,Weather
SHP100237,2025-07-25,Delhi,West,Air,BlueLine,FMCG,536.0,397.3,1.65,7,Friday,2,2.1,0.1,1,82.4,727.0,1.83,1.356,Warehouse congestion
SHP100238,2025-10-20,Delhi,East,Rail,BlueLine,Machinery,1138.0,104.6,0.64,10,Monday,5,5.4,0.4,1,76.3,94.35,0.902,0.083,Warehouse congestion
SHP100239,2025-10-15,Kolkata,North,Air,BlueLine,Pharma,1517.0,88.2,0.58,10,Wednesday,3,1.8,-1.2,0,77.0,539.77,6.12,0.356,None
SHP100240,2025-12-16,Kolkata,South,Road,SwiftHaul,Electronics,2328.0,212.3,1.09,12,Tuesday,7,7.0,0.0,0,85.1,463.35,2.183,0.199,None
SHP100241,2025-05-09,Delhi,South,Sea,QuickMove,Apparel,564.0,361.6,2.1,5,Friday,4,2.2,-1.8,0,87.7,113.41,0.314,0.201,None
SHP100242,2025-05-10,Kolkata,North,Road,SwiftHaul,Apparel,595.0,192.3,1.35,5,Saturday,3,2.0,-1.0,0,93.0,145.65,0.757,0.245,None
SHP100243,2025-09-25,Chennai,South,Road,TransCo,Machinery,1332.0,226.8,1.2,9,Thursday,5,3.9,-1.1,0,75.1,255.96,1.129,0.192,None
SHP100244,2025-11-27,Chennai,East,Air,TransCo,FMCG,715.0,903.7,5.34,11,Thursday,3,3.7,0.7,1,83.2,2764.99,3.06,3.867,Weather
SHP100245,2025-03-31,Delhi,Central,Rail,BlueLine,FMCG,1488.0,181.3,0.77,3,Monday,6,4.4,-1.6,0,95.9,216.66,1.195,0.146,None
SHP100246,2025-05-14,Hyderabad,Central,Road,SwiftHaul,FMCG,1092.0,237.5,1.55,5,Wednesday,4,2.2,-1.8,0,90.9,268.2,1.129,0.246,None
SHP100247,2025-11-24,Mumbai,Central,Air,BlueLine,Pharma,843.0,264.2,1.75,11,Monday,3,3.1,0.1,1,81.9,698.23,2.643,0.828,Warehouse congestion
SHP100248,2025-02-08,Mumbai,North,Road,BlueLine,Machinery,764.0,142.4,0.9,2,Saturday,4,2.1,-1.9,0,94.3,131.71,0.925,0.172,None
SHP100249,2025-04-27,Mumbai,West,Rail,QuickMove,Electronics,1316.0,95.1,0.63,4,Sunday,5,3.8,-1.2,0,92.4,105.85,1.113,0.08,None
SHP100250,2025-12-15,Mumbai,West,Sea,SwiftHaul,Apparel,367.0,172.2,1.41,12,Monday,3,4.9,1.9,1,84.7,54.23,0.315,0.148,Carrier capacity
SHP100251,2025-07-11,Hyderabad,North,Road,TransCo,Machinery,887.0,,0.9,7,Friday,4,6.3,2.3,1,82.4,137.11,1.044,0.155,Carrier capacity
SHP100252,2025-01-23,Kolkata,Central,Sea,BlueLine,Electronics,1411.0,409.3,2.05,1,Thursday,8,7.8,-0.2,0,91.4,283.88,0.694,0.201,None
SHP100253,2025-05-05,Delhi,West,Sea,TransCo,Electronics,1400.0,238.3,1.3,5,Monday,7,7.1,0.1,1,88.3,162.3,0.681,0.116,Warehouse congestion
SHP100254,2025-02-15,Mumbai,North,Road,TransCo,FMCG,565.0,403.8,2.98,2,Saturday,3,2.8,-0.2,0,94.3,240.71,0.596,0.426,None
SHP100255,2025-03-20,Mumbai,South,Road,TransCo,FMCG,1181.0,323.4,2.54,3,Thursday,5,3.9,-1.1,0,93.1,335.6,1.038,0.284,None
SHP100256,2025-08-14,Hyderabad,East,Road,SwiftHaul,Machinery,1760.0,442.9,1.83,8,Thursday,6,5.5,-0.5,0,76.5,677.5,1.53,0.385,None
SHP100257,2025-08-09,Mumbai,West,Road,SwiftHaul,FMCG,899.0,490.3,2.41,8,Saturday,4,3.8,-0.2,0,78.4,382.9,0.781,0.426,None
SHP100258,2025-03-14,Delhi,West,Road,BlueLine,Apparel,1066.0,487.1,2.74,3,Friday,4,4.1,0.1,1,93.8,552.98,1.135,0.519,Last-mile failure
SHP100259,2025-01-27,Kolkata,West,Rail,SwiftHaul,Apparel,1288.0,111.7,0.58,1,Monday,5,4.2,-0.8,0,89.8,118.08,1.057,0.092,None
SHP100260,2025-03-19,Chennai,East,Road,SwiftHaul,Pharma,551.0,463.6,2.21,3,Wednesday,3,3.2,0.2,1,93.1,262.36,0.566,0.476,Carrier capacity
SHP100261,2025-08-08,Kolkata,East,Road,QuickMove,Apparel,1264.0,172.4,0.86,8,Friday,5,3.8,-1.2,0,77.6,209.84,1.217,0.166,None
SHP100262,2025-07-07,Chennai,North,Road,SwiftHaul,Apparel,724.0,82.9,0.47,7,Monday,4,2.3,-1.7,0,80.3,79.54,0.959,0.11,None
SHP100263,2025-03-14,Hyderabad,North,Road,SwiftHaul,Machinery,1752.0,123.0,0.62,3,Friday,6,3.8,-2.2,0,93.7,248.32,2.019,0.142,None
SHP100264,2025-05-29,Kolkata,North,Rail,SwiftHaul,Apparel,868.0,247.8,1.27,5,Thursday,4,1.4,-2.6,0,90.8,157.64,0.636,0.182,None
SHP100265,2025-05-14,Kolkata,East,Sea,TransCo,FMCG,1662.0,155.6,0.65,5,Wednesday,10,9.9,-0.1,0,90.0,130.68,0.84,0.079,None
SHP100266,2025-01-20,Delhi,Central,Air,BlueLine,Pharma,635.0,281.1,1.68,1,Monday,2,0.6,-1.4,0,91.0,763.12,2.715,1.202,None
SHP100267,2025-12-28,Kolkata,North,Road,BlueLine,Electronics,824.0,,1.05,12,Sunday,4,4.0,0.0,0,83.2,125.5,0.899,0.152,None
SHP100268,2025-10-20,Chennai,West,Rail,QuickMove,Pharma,1252.0,118.8,0.7,10,Monday,5,3.7,-1.3,0,75.7,101.47,0.854,0.081,None
SHP100269,2025-03-19,Kolkata,South,Road,BlueLine,FMCG,2049.0,198.9,1.14,3,Wednesday,7,4.9,-2.1,0,95.3,404.86,2.035,0.198,None
SHP100270,2025-12-03,Delhi,East,Sea,QuickMove,FMCG,388.0,47.1,0.36,12,Wednesday,4,4.5,0.5,1,86.4,37.91,0.805,0.098,Carrier capacity
SHP100271,2025-06-01,Mumbai,North,Rail,QuickMove,Machinery,1540.0,412.2,2.24,6,Sunday,6,4.8,-1.2,0,83.0,380.71,0.924,0.247,None
SHP100272,2025-01-22,Hyderabad,East,Sea,SwiftHaul,Machinery,479.0,312.1,2.47,1,Wednesday,4,2.7,-1.3,0,90.2,97.11,0.311,0.203,None
SHP100273,2025-07-07,Hyderabad,West,Rail,QuickMove,Apparel,218.0,113.8,0.64,7,Monday,3,0.7,-2.3,0,82.0,45.81,0.403,0.21,None
SHP100274,2025-05-05,Delhi,West,Sea,TransCo,Electronics,1400.0,238.3,1.3,5,Monday,7,6.7,-0.3,0,90.1,161.02,0.676,0.115,None
SHP100275,2025-08-05,Hyderabad,South,Air,BlueLine,FMCG,751.0,673.9,3.85,8,Tuesday,3,2.7,-0.3,0,75.7,1658.68,2.461,2.209,None
SHP100276,2025-11-27,Kolkata,North,Air,SwiftHaul,Electronics,1973.0,81.1,0.56,11,Thursday,3,2.6,-0.4,0,,549.07,6.77,0.278,None
SHP100277,2025-11-07,Chennai,North,Road,QuickMove,Pharma,727.0,477.3,2.6,11,Friday,4,4.1,0.1,1,79.0,329.45,0.69,0.453,Warehouse congestion
SHP100278,2025-03-01,Mumbai,Central,Road,TransCo,Pharma,1469.0,268.3,1.34,3,Saturday,5,4.7,-0.3,0,95.4,404.65,1.508,0.275,None
SHP100279,2025-03-07,Chennai,West,Rail,TransCo,FMCG,464.0,270.5,1.09,3,Friday,3,2.4,-0.6,0,91.0,106.73,0.395,0.23,None
SHP100280,2025-09-13,Hyderabad,West,Road,SwiftHaul,FMCG,1888.0,55.6,0.37,9,Saturday,6,5.1,-0.9,0,73.9,105.35,1.895,0.056,None
SHP100281,2025-07-05,Kolkata,East,Road,QuickMove,Machinery,1282.0,704.5,3.35,7,Saturday,5,5.0,0.0,0,80.8,775.82,1.101,0.605,None
SHP100282,2025-05-13,Hyderabad,South,Road,SwiftHaul,Apparel,2554.0,116.6,0.61,5,Tuesday,8,6.8,-1.2,0,91.5,364.09,3.123,0.143,None
SHP100283,2025-09-30,Chennai,East,Rail,BlueLine,Pharma,667.0,171.3,0.76,9,Tuesday,4,3.2,-0.8,0,,84.5,0.493,0.127,None
SHP100284,2025-09-17,Mumbai,South,Road,TransCo,Electronics,777.0,40.2,0.17,9,Wednesday,4,4.6,0.6,1,73.7,49.6,1.234,0.064,Carrier capacity
SHP100285,2025-02-20,Hyderabad,East,Air,QuickMove,Pharma,898.0,171.9,1.08,2,Thursday,3,0.5,-2.5,0,93.8,689.44,4.011,0.768,None
SHP100286,2025-04-30,Delhi,South,Road,BlueLine,Machinery,869.0,416.8,2.15,4,Wednesday,4,2.8,-1.2,0,94.9,363.99,0.873,0.419,None
SHP100287,2025-04-05,Delhi,Central,Rail,TransCo,Electronics,281.0,83.6,0.5,4,Saturday,3,2.4,-0.6,0,92.9,45.46,0.544,0.162,None
SHP100288,2025-01-07,Chennai,South,Rail,TransCo,Pharma,585.0,99.8,0.4,1,Tuesday,4,2.1,-1.9,0,89.7,65.44,0.656,0.112,None
SHP100289,2025-02-05,Delhi,South,Rail,TransCo,Electronics,624.0,188.6,0.89,2,Wednesday,4,4.6,0.6,1,94.3,111.9,0.593,0.179,Warehouse congestion
SHP100290,2025-11-26,Hyderabad,West,Air,TransCo,FMCG,808.0,150.5,0.79,11,Wednesday,3,2.5,-0.5,0,77.7,381.73,2.536,0.472,None
SHP100291,2025-09-21,Delhi,North,Road,TransCo,Machinery,1375.0,255.5,1.41,9,Sunday,5,4.3,-0.7,0,78.3,319.35,1.25,0.232,None
SHP100292,2025-04-30,Chennai,North,Rail,BlueLine,Electronics,699.0,51.9,0.22,4,Wednesday,4,2.7,-1.3,0,93.8,55.34,1.066,0.079,None
SHP100293,2025-10-16,Hyderabad,Central,Sea,SwiftHaul,Apparel,994.0,86.8,0.58,10,Thursday,6,4.8,-1.2,0,75.6,58.28,0.671,0.059,None
SHP100294,2025-11-16,Kolkata,West,Road,BlueLine,Apparel,1023.0,174.6,1.0,11,Sunday,4,4.1,0.1,1,82.3,172.07,0.986,0.168,Carrier capacity
SHP100295,2025-07-06,Delhi,East,Road,TransCo,FMCG,2067.0,898.3,5.72,7,Sunday,7,7.8,0.8,1,80.3,1509.69,1.681,0.73,Carrier capacity
SHP100296,2025-12-29,Hyderabad,South,Road,SwiftHaul,Electronics,1131.0,66.3,0.28,12,Monday,5,4.5,-0.5,0,84.7,91.59,1.381,0.081,None
SHP100297,2025-09-16,Hyderabad,East,Rail,QuickMove,Pharma,2133.0,384.4,2.38,9,Tuesday,8,7.9,-0.1,0,75.7,493.37,1.283,0.231,None
SHP100298,2025-02-27,Chennai,West,Road,BlueLine,Machinery,1327.0,174.2,0.74,2,Thursday,5,3.1,-1.9,0,93.7,230.51,1.323,0.174,None
SHP100299,2025-04-09,Kolkata,South,Road,SwiftHaul,Electronics,1051.0,607.4,3.79,4,Wednesday,4,3.0,-1.0,0,92.4,657.3,1.082,0.625,None
SHP100300,2025-05-10,Chennai,West,Rail,TransCo,Electronics,920.0,20.4,0.1,5,Saturday,4,3.4,-0.6,0,92.1,40.12,1.967,0.044,None
SHP100301,2025-04-29,Delhi,East,Sea,BlueLine,FMCG,1682.0,91.6,0.39,4,Tuesday,10,9.7,-0.3,0,90.7,87.48,0.955,0.052,None
SHP100302,2025-04-24,Delhi,Central,Road,BlueLine,FMCG,408.0,166.1,1.23,4,Thursday,3,1.7,-1.3,0,92.9,93.83,0.565,0.23,None
SHP100303,2025-11-02,Chennai,North,Road,SwiftHaul,Electronics,320.0,198.5,1.23,11,Sunday,3,4.4,1.4,1,83.7,78.89,0.397,0.247,Warehouse congestion
SHP100304,2025-01-23,Kolkata,Central,Road,BlueLine,Electronics,1283.0,206.6,1.06,1,Thursday,5,4.5,-0.5,0,90.2,249.05,1.205,0.194,None
SHP100305,2025-08-27,Hyderabad,West,Road,TransCo,Apparel,773.0,242.7,1.23,8,Wednesday,4,2.6,-1.4,0,73.2,179.91,0.741,0.233,None
SHP100306,2025-12-27,Hyderabad,Central,Road,BlueLine,FMCG,755.0,400.1,1.67,12,Saturday,4,4.1,0.1,1,,304.94,0.762,0.404,Customs/Docs
SHP100307,2025-05-23,Chennai,South,Rail,BlueLine,Apparel,1588.0,183.0,0.73,5,Friday,6,7.1,1.1,1,89.4,205.91,1.125,0.13,Customs/Docs
SHP100308,2025-01-15,Delhi,West,Rail,BlueLine,Pharma,1640.0,85.1,0.42,1,Wednesday,6,6.2,0.2,1,87.9,115.63,1.359,0.071,Carrier capacity
SHP100309,2025-12-31,Chennai,West,Rail,BlueLine,Pharma,594.0,524.8,4.12,12,Wednesday,3,3.5,0.5,1,87.1,190.24,0.363,0.32,Warehouse congestion
SHP100310,2025-11-15,Mumbai,East,Road,QuickMove,Pharma,1165.0,129.0,0.72,11,Saturday,5,4.6,-0.4,0,82.2,147.22,1.141,0.126,None
SHP100311,2025-09-30,Mumbai,East,Road,SwiftHaul,Pharma,616.0,113.0,0.5,9,Tuesday,4,1.9,-2.1,0,77.9,86.65,0.767,0.141,None
SHP100312,2025-02-23,Kolkata,North,Sea,BlueLine,FMCG,1002.0,37.3,0.17,2,Sunday,6,7.5,1.5,1,91.7,43.51,1.166,0.043,Last-mile failure
SHP100313,2025-02-15,Delhi,West,Rail,SwiftHaul,FMCG,998.0,61.0,0.3,2,Saturday,4,3.9,-0.1,0,93.4,63.45,1.04,0.064,None
SHP100314,2025-03-10,Mumbai,Central,Sea,SwiftHaul,FMCG,352.0,77.5,0.42,3,Monday,3,2.0,-1.0,0,94.4,41.17,0.531,0.117,None
SHP100315,2025-09-08,Mumbai,West,Road,QuickMove,Pharma,121.0,79.0,0.37,9,Monday,2,0.6,-1.4,0,73.1,37.06,0.469,0.306,None
SHP100316,2025-03-31,Chennai,South,Road,SwiftHaul,Electronics,375.0,71.4,0.43,3,Monday,3,2.7,-0.3,0,96.1,55.54,0.778,0.148,None
SHP100317,2025-05-12,Chennai,West,Air,SwiftHaul,Pharma,1145.0,108.4,0.46,5,Monday,3,1.0,-2.0,0,92.2,499.19,4.605,0.436,None
SHP100318,2025-12-24,Delhi,West,Road,TransCo,FMCG,721.0,292.0,1.96,12,Wednesday,4,3.9,-0.1,0,84.1,194.02,0.664,0.269,None
SHP100319,2025-01-17,Kolkata,Central,Road,QuickMove,Apparel,1780.0,51.7,0.35,1,Friday,6,3.8,-2.2,0,90.3,111.68,2.16,0.063,None
SHP100320,2025-06-11,Kolkata,East,Road,TransCo,Apparel,1017.0,637.1,3.11,6,Wednesday,5,4.0,-1.0,0,85.3,630.07,0.989,0.62,None
SHP100321,2025-02-10,Hyderabad,West,Rail,QuickMove,FMCG,2648.0,372.7,2.06,2,Monday,9,8.7,-0.3,0,95.8,733.11,1.967,0.277,None
SHP100322,2025-05-25,Kolkata,Central,Road,SwiftHaul,Pharma,1711.0,178.3,1.07,5,Sunday,6,4.6,-1.4,0,90.0,306.72,1.72,0.179,None
SHP100323,2025-06-25,Chennai,East,Road,SwiftHaul,Pharma,254.0,14.4,0.11,6,Wednesday,3,2.1,-0.9,0,85.1,32.7,2.271,0.129,None
SHP100324,2025-02-21,Mumbai,East,Road,BlueLine,Apparel,1359.0,290.9,1.53,2,Friday,5,4.5,-0.5,0,95.5,443.83,1.526,0.327,None
SHP100325,2025-11-26,Mumbai,West,Road,SwiftHaul,FMCG,926.0,170.4,0.79,11,Wednesday,4,4.0,0.0,0,80.2,162.56,0.954,0.176,None
SHP100326,2025-07-08,Hyderabad,North,Road,TransCo,Machinery,1720.0,63.5,0.36,7,Tuesday,6,5.3,-0.7,0,78.9,112.46,1.771,0.065,None
SHP100327,2025-01-22,Hyderabad,East,Sea,SwiftHaul,Machinery,479.0,312.1,2.47,1,Wednesday,4,2.8,-1.2,0,87.8,88.76,0.284,0.185,None
SHP100328,2025-09-19,Delhi,North,Rail,QuickMove,Apparel,503.0,1033.8,6.48,9,Friday,3,1.6,-1.4,0,73.8,315.55,0.305,0.627,None
SHP100329,2025-05-10,Mumbai,West,Rail,BlueLine,Electronics,838.0,796.2,4.95,5,Saturday,4,4.4,0.4,1,90.5,480.77,0.604,0.574,Warehouse congestion
SHP100330,2025-04-30,Kolkata,East,Sea,QuickMove,Electronics,1884.0,145.5,0.79,4,Wednesday,11,10.1,-0.9,0,91.1,136.39,0.937,0.072,None
SHP100331,2025-10-18,Mumbai,South,Road,QuickMove,Electronics,1692.0,170.2,0.9,10,Saturday,6,6.4,0.4,1,76.9,292.99,1.721,0.173,Warehouse congestion
SHP100332,2025-08-17,Chennai,West,Road,TransCo,Electronics,924.0,104.4,0.59,8,Sunday,4,5.5,1.5,1,73.3,102.91,0.986,0.111,Carrier capacity
SHP100333,2025-04-17,Chennai,Central,Rail,TransCo,Electronics,1424.0,95.2,0.62,4,Thursday,6,5.1,-0.9,0,91.7,129.67,1.362,0.091,None
SHP100334,2025-04-24,Delhi,South,Road,SwiftHaul,Pharma,910.0,399.4,2.18,4,Thursday,4,3.4,-0.6,0,95.0,340.94,0.854,0.375,None
SHP100335,2025-09-17,Hyderabad,Central,Rail,QuickMove,Electronics,1901.0,79.1,0.58,9,Wednesday,7,7.2,0.2,1,74.1,101.27,1.28,0.053,Last-mile failure
SHP100336,2025-12-01,Kolkata,North,Road,SwiftHaul,Apparel,767.0,404.9,1.85,12,Monday,4,3.4,-0.6,0,85.5,249.82,0.617,0.326,None
SHP100337,2025-10-15,Chennai,Central,Rail,TransCo,Apparel,584.0,218.5,0.91,10,Wednesday,4,4.3,0.3,1,76.2,93.92,0.43,0.161,Warehouse congestion
SHP100338,2025-10-11,Hyderabad,South,Rail,TransCo,FMCG,1824.0,377.6,1.73,10,Saturday,7,6.6,-0.4,0,79.5,422.39,1.119,0.232,None
SHP100339,2025-04-24,Kolkata,West,Air,SwiftHaul,Apparel,1005.0,505.7,2.98,4,Thursday,3,1.5,-1.5,0,93.9,2448.46,4.842,2.436,None
SHP100340,2025-06-09,Chennai,North,Sea,TransCo,FMCG,673.0,57.9,0.31,6,Monday,5,4.6,-0.4,0,83.0,43.56,0.752,0.065,None
SHP100341,2025-08-05,Kolkata,North,Sea,TransCo,Electronics,1024.0,343.8,2.8,8,Tuesday,6,5.5,-0.5,0,77.6,154.92,0.451,0.151,None
SHP100342,2025-03-27,Delhi,Central,Sea,QuickMove,Electronics,2029.0,784.6,3.5,3,Thursday,10,10.2,0.2,1,92.9,672.02,0.857,0.331,Weather
SHP100343,2025-05-19,Chennai,North,Sea,BlueLine,FMCG,306.0,272.7,1.13,5,Monday,3,2.7,-0.3,0,92.0,66.09,0.242,0.216,None
SHP100344,2025-06-18,Chennai,Central,Road,TransCo,Pharma,1921.0,187.5,1.46,6,Wednesday,6,4.8,-1.2,0,86.6,338.84,1.807,0.176,None
SHP100345,2025-11-21,Kolkata,West,Road,QuickMove,Apparel,665.0,147.2,0.66,11,Friday,3,5.4,2.4,1,80.6,106.66,0.725,0.16,Weather
SHP100346,2025-12-10,Hyderabad,North,Road,BlueLine,FMCG,1043.0,104.9,0.46,12,Wednesday,4,4.1,0.1,1,86.5,111.5,1.063,0.107,Last-mile failure
SHP100347,2025-06-03,Mumbai,North,Road,SwiftHaul,Apparel,1186.0,267.8,1.79,6,Tuesday,5,4.7,-0.3,0,87.3,314.01,1.173,0.265,None
SHP100348,2025-09-13,Hyderabad,Central,Air,BlueLine,FMCG,656.0,269.3,1.19,9,Saturday,2,1.6,-0.4,0,74.9,687.92,2.554,1.049,None
SHP100349,2025-05-19,Chennai,Central,Rail,BlueLine,Machinery,845.0,712.8,5.83,5,Monday,4,2.6,-1.4,0,90.3,356.3,0.5,0.422,None
SHP100350,2025-10-13,Hyderabad,North,Sea,BlueLine,Machinery,1090.0,69.7,0.43,10,Monday,6,5.7,-0.3,0,76.8,57.86,0.83,0.053,None
SHP100351,2025-03-12,Chennai,South,Sea,SwiftHaul,Electronics,1132.0,610.0,3.31,3,Wednesday,7,4.7,-2.3,0,93.5,321.33,0.527,0.284,None
SHP100352,2025-07-26,Hyderabad,East,Road,TransCo,FMCG,1411.0,132.0,0.72,7,Saturday,6,6.2,0.2,1,78.8,155.35,1.177,0.11,Weather
SHP100353,2025-02-23,Kolkata,North,Sea,BlueLine,FMCG,1002.0,37.3,0.17,2,Sunday,6,4.6,-1.4,0,93.8,45.16,1.211,0.045,None
SHP100354,2025-11-08,Hyderabad,West,Air,QuickMove,Electronics,1363.0,84.2,0.64,11,Saturday,3,1.5,-1.5,0,80.0,426.3,5.063,0.313,None
SHP100355,2025-12-27,Hyderabad,Central,Road,BlueLine,FMCG,755.0,400.1,1.67,12,Saturday,4,2.9,-1.1,0,85.5,297.51,0.744,0.394,None
SHP100356,2025-01-07,Delhi,West,Sea,QuickMove,FMCG,662.0,158.1,1.3,1,Tuesday,5,4.4,-0.6,0,89.0,72.93,0.461,0.11,None
SHP100357,2025-11-22,Delhi,West,Road,SwiftHaul,Pharma,1245.0,332.4,1.43,11,Saturday,5,4.9,-0.1,0,77.1,350.03,1.053,0.281,None
SHP100358,2025-10-15,Hyderabad,West,Rail,TransCo,Machinery,1232.0,251.2,2.01,10,Wednesday,5,4.9,-0.1,0,79.3,201.4,0.802,0.163,None
SHP100359,2025-03-13,Mumbai,North,Rail,TransCo,FMCG,1578.0,170.9,0.94,3,Thursday,6,7.2,1.2,1,92.2,183.84,1.076,0.117,Carrier capacity
SHP100360,2025-08-15,Delhi,East,Air,SwiftHaul,Electronics,1013.0,85.6,0.49,8,Friday,3,3.0,0.0,0,78.0,332.79,3.888,0.329,None
SHP100361,2025-05-04,Delhi,West,Road,BlueLine,Pharma,1358.0,104.6,0.46,5,Sunday,5,3.7,-1.3,0,89.4,154.55,1.478,0.114,None
SHP100362,2025-03-16,Mumbai,East,Sea,QuickMove,Electronics,1470.0,476.8,2.6,3,Sunday,9,7.8,-1.2,0,95.4,362.31,0.76,0.246,None
SHP100363,2025-02-25,Hyderabad,West,Rail,BlueLine,Apparel,2685.0,271.6,2.08,2,Tuesday,9,6.2,-2.8,0,95.0,420.93,1.55,0.157,None
SHP100364,2025-03-17,Kolkata,Central,Road,SwiftHaul,FMCG,945.0,67.3,0.29,3,Monday,4,1.4,-2.6,0,94.1,92.72,1.378,0.098,None
SHP100365,2025-12-16,Delhi,East,Road,QuickMove,Pharma,562.0,73.7,0.3,12,Tuesday,3,3.5,0.5,1,82.3,69.03,0.937,0.123,Last-mile failure
SHP100366,2025-12-31,Hyderabad,West,Road,TransCo,Electronics,838.0,475.9,2.74,12,Wednesday,4,3.8,-0.2,0,87.0,377.87,0.794,0.451,None
SHP100367,2025-12-19,Kolkata,Central,Road,TransCo,FMCG,1479.0,188.4,0.78,12,Friday,5,7.2,2.2,1,86.3,334.45,1.775,0.226,Warehouse congestion
SHP100368,2025-08-04,Chennai,West,Rail,SwiftHaul,Machinery,1708.0,157.6,0.91,8,Monday,6,6.3,0.3,1,76.5,160.93,1.021,0.094,Last-mile failure
SHP100369,2025-06-29,Hyderabad,Central,Rail,QuickMove,Electronics,2115.0,123.0,0.65,6,Sunday,8,6.6,-1.4,0,86.6,178.63,1.452,0.084,None
SHP100370,2025-08-13,Kolkata,South,Road,BlueLine,Machinery,697.0,137.0,0.55,8,Wednesday,4,3.0,-1.0,0,77.0,100.78,0.736,0.145,None
SHP100371,2025-08-03,Delhi,East,Road,TransCo,Apparel,1061.0,332.8,2.19,8,Sunday,5,3.6,-1.4,0,76.2,300.34,0.902,0.283,None
SHP100372,2025-08-10,Kolkata,East,Sea,BlueLine,Apparel,1097.0,582.6,3.37,8,Sunday,7,5.6,-1.4,0,75.9,261.6,0.449,0.238,None
SHP100373,2025-03-10,Chennai,North,Rail,QuickMove,FMCG,531.0,324.1,1.89,3,Monday,3,2.0,-1.0,0,90.7,131.02,0.404,0.247,None
SHP100374,2025-02-10,Kolkata,South,Sea,QuickMove,Pharma,1439.0,96.5,0.41,2,Monday,8,6.4,-1.6,0,94.2,84.72,0.878,0.059,None
SHP100375,2025-12-31,Chennai,North,Sea,TransCo,Electronics,470.0,21.1,0.14,12,Wednesday,4,2.9,-1.1,0,83.0,33.19,1.573,0.071,None
SHP100376,2025-04-15,Chennai,North,Road,BlueLine,Electronics,1387.0,123.3,0.7,4,Tuesday,5,5.9,0.9,1,94.5,189.67,1.538,0.137,Carrier capacity
SHP100377,2025-05-27,Chennai,East,Air,TransCo,Apparel,1323.0,66.8,0.29,5,Tuesday,3,3.7,0.7,1,89.4,388.56,5.817,0.294,Last-mile failure
SHP100378,2025-11-24,Hyderabad,South,Air,TransCo,Electronics,1186.0,125.1,1.01,11,Monday,3,2.5,-0.5,0,76.5,526.18,4.206,0.444,None
SHP100379,2025-07-06,Kolkata,Central,Sea,SwiftHaul,Electronics,1135.0,,1.71,7,Sunday,7,5.8,-1.2,0,79.9,150.88,0.592,0.133,None
SHP100380,2025-12-25,Hyderabad,East,Road,TransCo,Pharma,1996.0,206.9,1.34,12,Thursday,7,8.2,1.2,1,84.1,403.57,1.951,0.202,Warehouse congestion
SHP100381,2025-12-23,Kolkata,Central,Air,BlueLine,FMCG,731.0,88.7,0.41,12,Tuesday,2,5.0,3.0,1,87.8,272.03,3.067,0.372,Warehouse congestion
SHP100382,2025-06-13,Mumbai,Central,Road,BlueLine,Apparel,891.0,184.3,0.85,6,Friday,4,4.4,0.4,1,81.0,170.57,0.926,0.191,Warehouse congestion
SHP100383,2025-01-29,Hyderabad,West,Rail,SwiftHaul,Electronics,682.0,150.8,0.98,1,Wednesday,4,3.5,-0.5,0,88.3,94.07,0.624,0.138,None
SHP100384,2025-05-13,Kolkata,East,Rail,BlueLine,Machinery,2546.0,365.6,1.9,5,Tuesday,10,10.5,0.5,1,87.6,585.88,1.603,0.23,Warehouse congestion
SHP100385,2025-08-14,Kolkata,Central,Rail,SwiftHaul,Apparel,2427.0,144.5,0.62,8,Thursday,8,7.8,-0.2,0,77.9,206.18,1.427,0.085,None
SHP100386,2025-03-18,Hyderabad,East,Sea,QuickMove,FMCG,360.0,199.4,0.9,3,Tuesday,4,2.9,-1.1,0,95.4,58.7,0.294,0.163,None
SHP100387,2025-11-06,Chennai,East,Road,BlueLine,Apparel,1209.0,408.2,1.79,11,Thursday,5,4.4,-0.6,0,81.5,486.39,1.192,0.402,None
SHP100388,2025-12-14,Mumbai,North,Rail,QuickMove,Apparel,1151.0,120.8,0.62,12,Sunday,5,6.1,1.1,1,82.8,105.74,0.875,0.092,Carrier capacity
SHP100389,2025-10-20,Chennai,Central,Road,TransCo,Electronics,735.0,69.9,0.42,10,Monday,4,2.7,-1.3,0,74.4,67.65,0.968,0.092,None
SHP100390,2025-01-19,Delhi,North,Rail,QuickMove,Apparel,730.0,,1.3,1,Sunday,4,2.9,-1.1,0,90.1,174.68,0.577,0.239,None
SHP100391,2025-05-10,Chennai,Central,Road,BlueLine,Pharma,753.0,685.2,2.82,5,Saturday,4,2.9,-1.1,0,93.5,513.55,0.749,0.682,None
SHP100392,2025-01-07,Delhi,West,Road,TransCo,Electronics,549.0,95.8,0.51,1,Tuesday,3,2.6,-0.4,0,91.1,86.91,0.907,0.158,None
SHP100393,2025-07-27,Hyderabad,South,Sea,QuickMove,Machinery,394.0,359.0,1.5,7,Sunday,4,3.0,-1.0,0,78.2,77.47,0.216,0.197,None
SHP100394,2025-07-25,Delhi,West,Air,BlueLine,FMCG,536.0,397.3,1.65,7,Friday,2,2.2,0.2,1,80.4,763.16,1.921,1.424,Last-mile failure
SHP100395,2025-08-20,Chennai,East,Sea,SwiftHaul,Pharma,1134.0,210.3,0.98,8,Wednesday,7,5.6,-1.4,0,77.5,109.3,0.52,0.096,None
SHP100396,2025-12-22,Mumbai,West,Sea,SwiftHaul,FMCG,591.0,429.3,2.46,12,Monday,4,3.0,-1.0,0,82.3,115.97,0.27,0.196,None
SHP100397,2025-03-19,Chennai,East,Road,SwiftHaul,Pharma,551.0,463.6,2.21,3,Wednesday,3,2.5,-0.5,0,94.5,284.81,0.614,0.517,None
SHP100398,2025-07-06,Chennai,East,Sea,QuickMove,Electronics,963.0,88.3,0.44,7,Sunday,6,5.1,-0.9,0,79.6,62.52,0.708,0.065,None
SHP100399,2025-07-05,Hyderabad,West,Road,TransCo,Pharma,2024.0,129.5,0.67,7,Saturday,6,7.3,1.3,1,83.6,240.82,1.86,0.119,Last-mile failure
SHP100400,2025-11-10,Hyderabad,North,Road,BlueLine,Pharma,294.0,330.4,2.34,11,Monday,3,3.3,0.3,1,80.2,108.16,0.327,0.368,Warehouse congestion
SHP100401,2025-11-06,Mumbai,West,Rail,BlueLine,FMCG,1162.0,,0.59,11,Thursday,5,4.6,-0.4,0,83.3,108.9,0.899,0.094,None
SHP100402,2025-11-23,Chennai,Central,Sea,QuickMove,FMCG,1287.0,99.9,0.43,11,Sunday,7,8.0,1.0,1,78.5,79.5,0.796,0.062,Warehouse congestion
SHP100403,2025-12-21,Mumbai,West,Road,SwiftHaul,FMCG,703.0,60.8,0.26,12,Sunday,3,2.6,-0.4,0,86.1,64.75,1.065,0.092,None
SHP100404,2025-03-10,Mumbai,South,Sea,SwiftHaul,Machinery,1570.0,513.2,2.95,3,Monday,9,8.6,-0.4,0,92.2,367.46,0.716,0.234,None
SHP100405,2025-06-12,Chennai,West,Road,BlueLine,Electronics,1214.0,519.0,2.29,6,Thursday,5,2.0,-3.0,0,86.2,587.88,1.133,0.484,None
SHP100406,2025-07-22,Hyderabad,North,Road,QuickMove,Pharma,955.0,55.8,0.28,7,Tuesday,4,3.0,-1.0,0,79.2,73.6,1.319,0.077,None
SHP100407,2025-09-04,Delhi,West,Road,TransCo,Pharma,869.0,78.1,0.4,9,Thursday,4,4.0,0.0,0,74.4,80.38,1.029,0.092,None
SHP100408,2025-05-28,Chennai,Central,Air,SwiftHaul,FMCG,1262.0,1127.1,5.53,5,Wednesday,3,2.5,-0.5,0,91.4,6282.71,5.574,4.978,None
SHP100409,2025-03-26,Delhi,South,Air,TransCo,FMCG,1004.0,76.4,0.54,3,Wednesday,3,2.7,-0.3,0,96.6,343.44,4.495,0.342,None
SHP100410,2025-07-11,Hyderabad,East,Road,TransCo,Pharma,662.0,243.9,1.61,7,Friday,4,3.7,-0.3,0,80.6,161.25,0.661,0.244,None
SHP100411,2025-07-21,Mumbai,Central,Road,TransCo,Machinery,1004.0,32.2,0.13,7,Monday,4,5.1,1.1,1,83.6,55.75,1.731,0.056,Last-mile failure
SHP100412,2025-11-17,Mumbai,Central,Rail,QuickMove,FMCG,1096.0,45.2,0.19,11,Monday,5,4.5,-0.5,0,80.1,55.07,1.218,0.05,None
SHP100413,2025-06-18,Hyderabad,West,Road,TransCo,Electronics,833.0,40.1,0.23,6,Wednesday,4,4.6,0.6,1,85.7,58.66,1.463,0.07,Last-mile failure
SHP100414,2025-09-16,Delhi,East,Sea,QuickMove,Machinery,1727.0,75.8,0.59,9,Tuesday,10,8.7,-1.3,0,75.5,78.5,1.036,0.045,None
SHP100415,2025-10-23,Chennai,South,Road,QuickMove,Pharma,1480.0,251.0,1.97,10,Thursday,5,6.4,1.4,1,77.7,302.75,1.206,0.205,Carrier capacity
SHP100416,2025-10-17,Kolkata,East,Road,BlueLine,Machinery,787.0,535.8,3.21,10,Friday,4,3.4,-0.6,0,76.4,383.59,0.716,0.487,None
SHP100417,2025-05-27,Delhi,North,Road,BlueLine,Electronics,957.0,120.9,0.94,5,Tuesday,4,4.2,0.2,1,,129.06,1.067,0.135,Weather
SHP100418,2025-07-10,Kolkata,North,Road,QuickMove,FMCG,334.0,68.4,0.57,7,Thursday,3,1.2,-1.8,0,80.8,47.04,0.688,0.141,None
SHP100419,2025-05-27,Chennai,East,Road,BlueLine,FMCG,403.0,67.6,0.49,5,Tuesday,3,1.0,-2.0,0,86.9,52.93,0.783,0.131,None
SHP100420,2025-04-16,Mumbai,East,Road,SwiftHaul,Machinery,989.0,71.1,0.44,4,Wednesday,5,2.5,-2.5,0,95.4,103.83,1.46,0.105,None
SHP100421,2025-05-04,Hyderabad,East,Rail,BlueLine,Electronics,1051.0,619.5,4.59,5,Sunday,5,4.3,-0.7,0,92.3,405.81,0.655,0.386,None
SHP100422,2025-12-12,Chennai,West,Road,BlueLine,Apparel,744.0,299.9,1.31,12,Friday,4,3.2,-0.8,0,84.0,245.95,0.82,0.331,None
SHP100423,2025-10-22,Mumbai,East,Road,SwiftHaul,Pharma,1059.0,60.7,0.49,10,Wednesday,5,3.6,-1.4,0,75.3,80.04,1.319,0.076,None
SHP100424,2025-06-30,Mumbai,North,Rail,SwiftHaul,Electronics,1397.0,48.5,0.25,6,Monday,6,5.1,-0.9,0,81.1,61.66,1.271,0.044,None
SHP100425,2025-10-29,Delhi,West,Rail,TransCo,Machinery,1654.0,89.6,0.49,10,Wednesday,6,7.2,1.2,1,76.2,98.55,1.1,0.06,Warehouse congestion
SHP100426,2025-07-27,Hyderabad,South,Sea,QuickMove,Machinery,394.0,359.0,1.5,7,Sunday,4,2.7,-1.3,0,80.8,84.53,0.235,0.215,None
SHP100427,2025-10-07,Delhi,East,Road,SwiftHaul,Pharma,813.0,121.8,0.69,10,Tuesday,4,3.3,-0.7,0,77.0,98.87,0.812,0.122,None
SHP100428,2025-12-13,Kolkata,South,Air,BlueLine,Apparel,1182.0,264.3,1.64,12,Saturday,3,2.6,-0.4,0,85.5,1289.88,4.88,1.091,None
SHP100429,2025-08-14,Mumbai,Central,Sea,TransCo,Electronics,457.0,566.8,3.49,8,Thursday,4,4.5,0.5,1,75.8,109.11,0.193,0.239,Carrier capacity
SHP100430,2025-10-14,Delhi,North,Air,QuickMove,FMCG,400.0,105.3,0.73,10,Tuesday,2,2.6,0.6,1,78.2,180.61,1.715,0.452,Warehouse congestion
SHP100431,2025-03-28,Hyderabad,South,Air,BlueLine,Apparel,1656.0,220.4,1.74,3,Friday,3,3.7,0.7,1,93.1,1711.29,7.764,1.033,Customs/Docs
SHP100432,2025-11-07,Kolkata,North,Air,QuickMove,FMCG,308.0,170.3,1.04,11,Friday,2,1.3,-0.7,0,78.1,217.63,1.278,0.707,None
SHP100433,2025-04-18,Mumbai,Central,Road,SwiftHaul,Pharma,1003.0,108.8,0.56,4,Friday,4,3.3,-0.7,0,91.0,136.03,1.25,0.136,None
SHP100434,2025-11-17,Mumbai,Central,Rail,QuickMove,FMCG,1096.0,45.2,0.19,11,Monday,5,4.6,-0.4,0,78.7,57.5,1.272,0.052,None
SHP100435,2025-12-27,Chennai,Central,Rail,QuickMove,Electronics,639.0,75.2,0.38,12,Saturday,4,3.1,-0.9,0,82.7,54.08,0.719,0.085,None
SHP100436,2025-05-12,Chennai,South,Rail,TransCo,FMCG,1030.0,289.3,2.23,5,Monday,5,5.4,0.4,1,85.4,184.41,0.637,0.179,Weather
SHP100437,2025-05-15,Chennai,North,Sea,BlueLine,Pharma,268.0,74.8,0.33,5,Thursday,3,1.4,-1.6,0,88.6,36.78,0.492,0.137,None
SHP100438,2025-07-27,Chennai,South,Road,SwiftHaul,Apparel,1316.0,304.2,1.82,7,Sunday,5,5.0,0.0,0,81.6,367.36,1.208,0.279,None
SHP100439,2025-11-02,Chennai,Central,Road,QuickMove,Electronics,330.0,87.5,0.62,11,Sunday,3,2.4,-0.6,0,80.6,53.08,0.607,0.161,None
SHP100440,2025-12-14,Hyderabad,West,Rail,QuickMove,FMCG,670.0,110.3,0.45,12,Sunday,4,3.7,-0.3,0,86.3,68.81,0.624,0.103,None
SHP100441,2025-02-28,Kolkata,East,Sea,SwiftHaul,Machinery,826.0,73.7,0.3,2,Friday,6,4.7,-1.3,0,94.7,56.9,0.772,0.069,None
SHP100442,2025-04-24,Kolkata,West,Air,SwiftHaul,Apparel,1005.0,505.7,2.98,4,Thursday,3,0.5,-2.5,0,93.0,2383.26,4.713,2.371,None
SHP100443,2025-08-03,Delhi,West,Sea,QuickMove,Electronics,368.0,160.3,0.93,8,Sunday,3,2.7,-0.3,0,75.9,50.84,0.317,0.138,None
SHP100444,2025-11-25,Mumbai,South,Road,TransCo,Pharma,652.0,664.9,4.67,11,Tuesday,4,3.8,-0.2,0,78.6,410.82,0.618,0.63,None
SHP100445,2025-01-24,Chennai,South,Sea,BlueLine,FMCG,902.0,938.5,5.74,1,Friday,6,5.6,-0.4,0,90.5,362.43,0.386,0.402,None
SHP100446,2025-03-08,Delhi,Central,Road,QuickMove,FMCG,547.0,1056.1,6.75,3,Saturday,3,1.8,-1.2,0,100.7,619.98,0.587,1.133,None
SHP100447,2025-07-07,Hyderabad,North,Sea,TransCo,FMCG,982.0,123.4,1.0,7,Monday,6,6.2,0.2,1,77.4,72.75,0.59,0.074,Warehouse congestion
SHP100448,2025-10-02,Kolkata,West,Sea,SwiftHaul,Machinery,664.0,110.6,0.63,10,Thursday,5,5.5,0.5,1,78.3,57.09,0.516,0.086,Customs/Docs
SHP100449,2025-08-26,Kolkata,East,Sea,QuickMove,FMCG,2081.0,340.5,1.63,8,Tuesday,12,10.5,-1.5,0,75.3,242.67,0.713,0.117,None
SHP100450,2025-03-25,Mumbai,South,Road,BlueLine,FMCG,933.0,118.6,0.64,3,Tuesday,4,4.2,0.2,1,97.9,152.28,1.284,0.163,Last-mile failure
SHP100451,2025-05-07,Kolkata,South,Rail,QuickMove,Electronics,523.0,184.1,1.1,5,Wednesday,3,1.9,-1.1,0,90.7,89.78,0.488,0.172,None
SHP100452,2025-06-03,Delhi,West,Road,SwiftHaul,Machinery,1928.0,62.0,0.43,6,Tuesday,6,4.5,-1.5,0,83.9,139.88,2.256,0.073,None
SHP100453,2025-03-26,Delhi,West,Air,TransCo,Pharma,450.0,147.6,0.96,3,Wednesday,2,1.4,-0.6,0,94.5,330.34,2.238,0.734,None
SHP100454,2025-10-09,Chennai,Central,Road,QuickMove,FMCG,696.0,38.7,0.16,10,Thursday,4,2.5,-1.5,0,77.8,47.37,1.224,0.068,None
SHP100455,2025-11-08,Kolkata,South,Road,TransCo,FMCG,766.0,254.1,1.8,11,Saturday,4,4.5,0.5,1,83.4,197.87,0.779,0.258,Customs/Docs
SHP100456,2025-01-20,Delhi,East,Air,TransCo,Electronics,746.0,337.1,1.44,1,Monday,3,2.7,-0.3,0,91.6,1118.14,3.317,1.499,None
SHP100457,2025-06-05,Kolkata,North,Air,SwiftHaul,FMCG,1159.0,373.4,2.81,6,Thursday,3,0.5,-2.5,0,84.1,1619.73,4.338,1.398,None
SHP100458,2025-03-24,Mumbai,Central,Sea,SwiftHaul,Apparel,693.0,366.9,1.77,3,Monday,5,3.1,-1.9,0,96.0,138.54,0.378,0.2,None
SHP100459,2025-04-05,Delhi,North,Sea,SwiftHaul,Apparel,1617.0,160.3,0.68,4,Saturday,8,7.7,-0.3,0,96.9,133.73,0.834,0.083,None
SHP100460,2025-12-26,Delhi,North,Air,BlueLine,Electronics,1952.0,141.0,0.59,12,Friday,3,3.0,0.0,0,85.9,1068.13,7.575,0.547,None
SHP100461,2025-05-31,Chennai,Central,Rail,SwiftHaul,Electronics,705.0,285.8,1.66,5,Saturday,4,3.9,-0.1,0,89.7,147.36,0.516,0.209,None
SHP100462,2025-08-17,Hyderabad,North,Rail,BlueLine,FMCG,606.0,121.5,0.87,8,Sunday,4,5.5,1.5,1,73.5,64.59,0.532,0.107,Warehouse congestion
SHP100463,2025-10-13,Mumbai,Central,Road,TransCo,Pharma,281.0,78.9,0.32,10,Monday,3,3.1,0.1,1,78.8,46.96,0.595,0.167,Warehouse congestion
SHP100464,2025-09-17,Delhi,East,Sea,QuickMove,FMCG,1150.0,59.0,0.44,9,Wednesday,7,6.6,-0.4,0,74.7,48.69,0.825,0.042,None
SHP100465,2025-10-09,Kolkata,Central,Road,TransCo,Electronics,1161.0,93.0,0.56,10,Thursday,5,4.7,-0.3,0,74.9,107.54,1.156,0.093,None
SHP100466,2025-06-17,Delhi,West,Road,SwiftHaul,Apparel,746.0,47.1,0.21,6,Tuesday,4,1.6,-2.4,0,86.5,57.96,1.231,0.078,None
SHP100467,2025-12-01,Delhi,West,Rail,TransCo,FMCG,661.0,180.0,0.83,12,Monday,4,4.9,0.9,1,86.5,93.59,0.52,0.142,Weather
SHP100468,2025-02-09,Hyderabad,North,Road,SwiftHaul,FMCG,1865.0,445.7,2.54,2,Sunday,6,4.5,-1.5,0,91.8,708.86,1.59,0.38,None
SHP100469,2025-03-11,Delhi,North,Sea,QuickMove,Electronics,683.0,104.3,0.47,3,Tuesday,5,2.0,-3.0,0,93.5,59.05,0.566,0.086,None
SHP100470,2025-08-09,Kolkata,West,Sea,QuickMove,FMCG,1073.0,548.7,3.05,8,Saturday,6,4.5,-1.5,0,77.5,216.91,0.395,0.202,None
SHP100471,2025-12-31,Chennai,North,Sea,TransCo,Electronics,470.0,21.1,0.14,12,Wednesday,4,4.3,0.3,1,87.4,33.58,1.591,0.071,Carrier capacity
SHP100472,2025-10-20,Delhi,East,Rail,BlueLine,Machinery,1138.0,104.6,0.64,10,Monday,5,4.9,-0.1,0,75.7,92.01,0.88,0.081,None
SHP100473,2025-10-22,Chennai,West,Sea,BlueLine,FMCG,1956.0,300.5,2.3,10,Wednesday,9,7.9,-1.1,0,75.9,252.49,0.84,0.129,None
SHP100474,2025-09-17,Hyderabad,Central,Sea,TransCo,Pharma,306.0,97.0,0.49,9,Wednesday,3,4.4,1.4,1,73.6,39.81,0.41,0.13,Last-mile failure
SHP100475,2025-01-15,Delhi,North,Road,QuickMove,Apparel,1337.0,112.1,0.62,1,Wednesday,5,4.0,-1.0,0,92.5,180.47,1.61,0.135,None
SHP100476,2025-11-22,Chennai,South,Road,QuickMove,Pharma,773.0,190.7,0.88,11,Saturday,4,3.7,-0.3,0,81.3,149.83,0.786,0.194,None
SHP100477,2025-04-21,Mumbai,North,Road,BlueLine,Electronics,1095.0,88.0,0.51,4,Monday,4,3.6,-0.4,0,91.4,135.55,1.54,0.124,None
SHP100478,2025-08-01,Mumbai,West,Sea,BlueLine,Electronics,530.0,125.7,0.61,8,Friday,4,3.7,-0.3,0,79.7,51.31,0.408,0.097,None
SHP100479,2025-09-18,Delhi,East,Air,QuickMove,FMCG,1265.0,35.4,0.18,9,Thursday,3,1.7,-1.3,0,81.9,170.1,4.805,0.134,None
SHP100480,2025-05-13,Delhi,East,Sea,BlueLine,Electronics,1208.0,182.3,0.77,5,Tuesday,8,6.7,-1.3,0,86.4,122.66,0.673,0.102,None
SHP100481,2025-05-16,Chennai,South,Road,TransCo,FMCG,1056.0,76.6,0.62,5,Friday,4,3.7,-0.3,0,90.7,108.26,1.413,0.103,None
SHP100482,2025-04-23,Hyderabad,North,Sea,QuickMove,Pharma,1505.0,117.7,0.92,4,Wednesday,8,7.1,-0.9,0,90.6,90.99,0.773,0.06,None
SHP100483,2025-08-20,Mumbai,West,Rail,TransCo,FMCG,446.0,173.7,0.72,8,Wednesday,3,1.8,-1.2,0,75.7,68.37,0.394,0.153,None
SHP100484,2025-08-07,Mumbai,North,Road,SwiftHaul,Machinery,2439.0,223.2,1.28,8,Thursday,7,4.9,-2.1,0,73.4,487.01,2.182,0.2,None
SHP100485,2025-04-29,Hyderabad,East,Road,SwiftHaul,FMCG,2353.0,431.7,2.93,4,Tuesday,8,8.0,0.0,0,96.6,1104.98,2.56,0.47,None
SHP100486,2025-01-26,Chennai,West,Road,TransCo,Electronics,639.0,285.3,2.03,1,Sunday,3,3.9,0.9,1,89.3,171.58,0.601,0.269,Warehouse congestion
SHP100487,2025-08-24,Kolkata,South,Road,BlueLine,FMCG,855.0,257.1,1.99,8,Sunday,4,2.4,-1.6,0,78.4,175.39,0.682,0.205,None
SHP100488,2025-10-12,Chennai,East,Sea,TransCo,Electronics,559.0,246.3,1.05,10,Sunday,5,3.9,-1.1,0,76.7,84.19,0.342,0.151,None
SHP100489,2025-08-14,Kolkata,East,Rail,TransCo,FMCG,1466.0,82.8,0.57,8,Thursday,6,6.7,0.7,1,79.7,91.5,1.105,0.062,Customs/Docs
SHP100490,2025-05-28,Hyderabad,North,Road,SwiftHaul,Apparel,1223.0,74.1,0.38,5,Wednesday,5,3.5,-1.5,0,87.6,115.52,1.559,0.094,None
SHP100491,2025-11-15,Mumbai,East,Road,QuickMove,Pharma,1165.0,129.0,0.72,11,Saturday,5,5.1,0.1,1,75.6,152.8,1.184,0.131,Carrier capacity
SHP100492,2025-11-07,Chennai,North,Road,QuickMove,Pharma,727.0,477.3,2.6,11,Friday,4,2.6,-1.4,0,78.8,303.05,0.635,0.417,None
SHP100493,2025-12-17,Mumbai,South,Rail,SwiftHaul,Electronics,889.0,107.4,0.55,12,Wednesday,4,3.1,-0.9,0,84.3,80.79,0.752,0.091,None
SHP100494,2025-04-25,Chennai,South,Sea,TransCo,Pharma,722.0,285.2,1.27,4,Friday,5,4.9,-0.1,0,90.5,123.37,0.433,0.171,None
SHP100495,2025-04-23,Mumbai,Central,Road,BlueLine,FMCG,790.0,191.9,1.21,4,Wednesday,4,2.9,-1.1,0,94.5,147.57,0.769,0.187,None
SHP100496,2025-02-18,Chennai,East,Road,BlueLine,Electronics,585.0,647.2,4.93,2,Tuesday,3,3.8,0.8,1,94.4,427.6,0.661,0.731,Warehouse congestion
SHP100497,2025-10-04,Mumbai,West,Sea,QuickMove,Machinery,580.0,782.4,3.8,10,Saturday,4,3.6,-0.4,0,79.0,184.04,0.235,0.317,None
SHP100498,2025-08-16,Chennai,North,Sea,BlueLine,Pharma,830.0,71.1,0.58,8,Saturday,5,5.6,0.6,1,78.4,49.31,0.694,0.059,Weather
SHP100499,2025-12-24,Hyderabad,West,Road,SwiftHaul,FMCG,877.0,77.7,0.35,12,Wednesday,4,3.3,-0.7,0,84.0,86.26,1.11,0.098,None
SHP100500,2025-04-22,Kolkata,South,Road,BlueLine,Machinery,908.0,432.9,1.74,4,Tuesday,4,2.9,-1.1,0,91.3,424.38,0.98,0.467,None
SHP100501,2025-08-12,Hyderabad,South,Road,BlueLine,FMCG,1668.0,565.5,2.76,8,Tuesday,6,5.6,-0.4,0,72.9,653.73,1.156,0.392,None
SHP100502,2025-03-11,Delhi,North,Sea,QuickMove,Electronics,683.0,104.3,0.47,3,Tuesday,5,4.5,-0.5,0,94.6,60.75,0.582,0.089,None
SHP100503,2025-02-04,Delhi,South,Sea,BlueLine,Pharma,1172.0,521.6,2.52,2,Tuesday,7,6.3,-0.7,0,93.2,297.42,0.57,0.254,None
SHP100504,2025-06-10,Mumbai,West,Sea,QuickMove,Electronics,1739.0,297.2,1.26,6,Tuesday,9,7.8,-1.2,0,85.8,222.4,0.748,0.128,None
SHP100505,2025-09-21,Hyderabad,North,Road,SwiftHaul,Apparel,949.0,489.0,3.78,9,Sunday,4,3.4,-0.6,0,71.7,333.47,0.682,0.351,None
SHP100506,2025-05-29,Mumbai,Central,Road,TransCo,FMCG,1016.0,60.2,0.29,5,Thursday,4,3.2,-0.8,0,90.3,81.58,1.355,0.08,None
SHP100507,2025-10-06,Hyderabad,East,Rail,TransCo,FMCG,1511.0,934.9,7.46,10,Monday,7,6.5,-0.5,0,77.4,881.45,0.943,0.583,None
SHP100508,2025-10-06,Chennai,West,Road,TransCo,Pharma,1015.0,74.1,0.31,10,Monday,4,3.5,-0.5,0,75.0,90.25,1.218,0.089,None
SHP100509,2025-03-06,Delhi,East,Road,BlueLine,FMCG,798.0,651.0,4.99,3,Thursday,4,2.7,-1.3,0,96.1,565.09,0.868,0.708,None
SHP100510,2025-01-26,Mumbai,West,Rail,TransCo,Pharma,229.0,981.4,7.31,1,Sunday,3,3.4,0.4,1,89.5,185.8,0.189,0.811,Customs/Docs
SHP100511,2025-03-03,Delhi,South,Sea,QuickMove,FMCG,674.0,174.2,0.77,3,Monday,5,3.4,-1.6,0,97.4,77.96,0.448,0.116,None
SHP100512,2025-12-14,Mumbai,North,Rail,QuickMove,Apparel,1151.0,120.8,0.62,12,Sunday,5,4.7,-0.3,0,87.9,111.34,0.922,0.097,None
SHP100513,2025-05-02,Delhi,East,Sea,SwiftHaul,Pharma,1100.0,333.1,1.89,5,Friday,7,6.7,-0.3,0,90.1,180.52,0.542,0.164,None
SHP100514,2025-11-09,Mumbai,North,Sea,BlueLine,Electronics,1893.0,112.7,0.75,11,Sunday,10,9.5,-0.5,0,81.7,115.15,1.022,0.061,None
SHP100515,2025-06-10,Kolkata,West,Road,QuickMove,Pharma,976.0,123.7,0.6,6,Tuesday,4,3.2,-0.8,0,82.3,115.71,0.935,0.119,None
SHP100516,2025-11-26,Hyderabad,West,Air,TransCo,FMCG,808.0,150.5,0.79,11,Wednesday,3,2.4,-0.6,0,79.1,456.85,3.036,0.565,None
SHP100517,2025-02-04,Delhi,South,Sea,BlueLine,Pharma,1172.0,521.6,2.52,2,Tuesday,7,7.1,0.1,1,,288.35,0.553,0.246,Weather
SHP100518,2025-06-24,Hyderabad,East,Road,SwiftHaul,Apparel,628.0,57.6,0.47,6,Tuesday,4,2.7,-1.3,0,84.1,63.16,1.097,0.101,None
SHP100519,2025-01-08,Hyderabad,East,Road,SwiftHaul,FMCG,537.0,21.9,0.11,1,Wednesday,3,3.6,0.6,1,89.4,40.38,1.844,0.075,Warehouse congestion
SHP100520,2025-11-25,Hyderabad,South,Road,SwiftHaul,FMCG,816.0,78.2,0.61,11,Tuesday,4,3.8,-0.2,0,78.1,85.05,1.088,0.104,None
SHP100521,2025-12-06,Delhi,North,Road,BlueLine,Pharma,1464.0,31.9,0.15,12,Saturday,5,6.2,1.2,1,88.5,72.65,2.277,0.05,Customs/Docs
SHP100522,2025-05-18,Hyderabad,North,Sea,BlueLine,Electronics,1169.0,434.5,1.97,5,Sunday,7,6.8,-0.2,0,88.1,216.44,0.498,0.185,None
SHP100523,2025-03-16,Mumbai,East,Sea,QuickMove,Electronics,1470.0,476.8,2.6,3,Sunday,9,8.4,-0.6,0,96.5,351.71,0.738,0.239,None
SHP100524,2025-11-15,Kolkata,South,Sea,BlueLine,FMCG,2989.0,327.2,1.67,11,Saturday,15,15.0,0.0,0,79.0,372.61,1.139,0.125,None
SHP100525,2025-11-23,Chennai,Central,Sea,QuickMove,FMCG,1287.0,99.9,0.43,11,Sunday,7,7.0,0.0,0,81.2,78.24,0.783,0.061,None
SHP100526,2025-03-16,Mumbai,North,Road,TransCo,Apparel,461.0,61.9,0.44,3,Sunday,3,2.3,-0.7,0,93.7,54.21,0.876,0.118,None
SHP100527,2025-11-14,Chennai,South,Rail,BlueLine,Pharma,1790.0,145.5,0.63,11,Friday,7,7.2,0.2,1,79.3,165.71,1.139,0.093,Warehouse congestion
SHP100528,2025-11-09,Chennai,West,Road,SwiftHaul,Machinery,878.0,66.1,0.36,11,Sunday,4,3.0,-1.0,0,80.8,80.34,1.215,0.092,None
SHP100529,2025-02-07,Mumbai,West,Road,SwiftHaul,FMCG,1476.0,141.0,1.07,2,Friday,5,3.1,-1.9,0,94.9,248.0,1.759,0.168,None
SHP100530,2025-10-21,Chennai,Central,Road,TransCo,Electronics,792.0,702.3,3.54,10,Tuesday,4,4.1,0.1,1,78.1,479.69,0.683,0.606,Last-mile failure
SHP100531,2025-06-09,Mumbai,North,Air,SwiftHaul,FMCG,1472.0,506.3,3.67,6,Monday,3,1.7,-1.3,0,85.1,2794.17,5.519,1.898,None
SHP100532,2025-11-26,Hyderabad,North,Road,SwiftHaul,Pharma,648.0,259.8,1.43,11,Wednesday,3,2.8,-0.2,0,82.1,162.23,0.624,0.25,None
SHP100533,2025-05-10,Chennai,Central,Rail,BlueLine,Pharma,999.0,73.2,0.3,5,Saturday,5,3.6,-1.4,0,90.5,71.63,0.979,0.072,None
SHP100534,2025-07-10,Kolkata,North,Road,QuickMove,FMCG,334.0,68.4,0.57,7,Thursday,3,1.4,-1.6,0,79.7,47.18,0.69,0.141,None
SHP100535,2025-12-27,Mumbai,West,Road,TransCo,FMCG,695.0,377.6,2.82,12,Saturday,3,4.4,1.4,1,86.7,240.5,0.637,0.346,Last-mile failure
SHP100536,2025-07-26,Kolkata,West,Road,SwiftHaul,Pharma,637.0,259.2,1.25,7,Saturday,3,3.5,0.5,1,80.2,160.56,0.619,0.252,Warehouse congestion
SHP100537,2025-01-17,Delhi,Central,Road,TransCo,Electronics,335.0,69.3,0.51,1,Friday,3,1.9,-1.1,0,90.5,50.02,0.722,0.149,None
SHP100538,2025-09-01,Delhi,North,Rail,SwiftHaul,Machinery,682.0,515.5,2.77,9,Monday,4,2.8,-1.2,0,73.0,208.72,0.405,0.306,None
SHP100539,2025-06-28,Mumbai,North,Road,SwiftHaul,Electronics,545.0,249.1,1.88,6,Saturday,3,1.8,-1.2,0,83.7,146.93,0.59,0.27,None
SHP100540,2025-06-08,Chennai,North,Sea,QuickMove,Apparel,1545.0,155.1,0.82,6,Sunday,8,8.5,0.5,1,85.8,129.42,0.834,0.084,Weather
SHP100541,2025-12-17,Kolkata,South,Rail,SwiftHaul,Pharma,388.0,168.0,0.89,12,Wednesday,3,3.2,0.2,1,83.2,68.09,0.405,0.175,Warehouse congestion
SHP100542,2025-12-31,Mumbai,South,Air,TransCo,Apparel,183.0,96.6,0.42,12,Wednesday,2,3.0,1.0,1,85.1,101.84,1.054,0.557,Weather
SHP100543,2025-12-29,Chennai,West,Road,BlueLine,Electronics,208.0,74.0,0.58,12,Monday,2,1.5,-0.5,0,81.2,41.59,0.562,0.2,None
SHP100544,2025-09-21,Kolkata,West,Road,BlueLine,FMCG,1159.0,55.6,0.23,9,Sunday,4,4.3,0.3,1,78.8,82.38,1.482,0.071,Last-mile failure
SHP100545,2025-07-07,Mumbai,West,Road,SwiftHaul,Electronics,742.0,149.3,0.6,7,Monday,4,1.7,-2.3,0,81.3,121.23,0.812,0.163,None
SHP100546,2025-02-05,Delhi,South,Road,BlueLine,Pharma,668.0,270.2,1.51,2,Wednesday,4,2.4,-1.6,0,92.8,172.03,0.637,0.258,None
SHP100547,2025-02-05,Mumbai,Central,Road,QuickMove,Pharma,838.0,48.2,0.2,2,Wednesday,4,4.5,0.5,1,96.7,68.87,1.429,0.082,Customs/Docs
SHP100548,2025-09-11,Chennai,East,Road,BlueLine,Electronics,2002.0,388.4,2.73,9,Thursday,7,4.9,-2.1,0,73.2,565.3,1.455,0.282,None
SHP100549,2025-10-30,Mumbai,North,Road,BlueLine,FMCG,1458.0,138.5,0.58,10,Thursday,5,7.1,2.1,1,75.2,163.4,1.18,0.112,Warehouse congestion
SHP100550,2025-04-04,Hyderabad,Central,Sea,BlueLine,Apparel,1229.0,383.4,2.84,4,Friday,7,5.8,-1.2,0,94.7,223.35,0.583,0.182,None
SHP100551,2025-04-09,Delhi,East,Road,TransCo,FMCG,1187.0,549.6,4.17,4,Wednesday,5,4.3,-0.7,0,95.5,634.88,1.155,0.535,None
SHP100552,2025-07-07,Chennai,North,Road,SwiftHaul,Apparel,724.0,82.9,0.47,7,Monday,4,2.6,-1.4,0,78.9,74.48,0.898,0.103,None
SHP100553,2025-02-24,Mumbai,Central,Road,QuickMove,Pharma,903.0,265.0,1.47,2,Monday,4,3.0,-1.0,0,94.6,230.27,0.869,0.255,None
SHP100554,2025-01-26,Hyderabad,East,Road,SwiftHaul,FMCG,1926.0,769.5,4.58,1,Sunday,7,4.9,-2.1,0,90.7,1599.51,2.079,0.83,None
SHP100555,2025-12-31,Chennai,West,Rail,BlueLine,Pharma,594.0,524.8,4.12,12,Wednesday,3,3.8,0.8,1,84.9,187.75,0.358,0.316,Warehouse congestion
SHP100556,2025-08-24,Mumbai,North,Road,SwiftHaul,Apparel,715.0,505.6,2.15,8,Sunday,4,1.8,-2.2,0,75.3,294.72,0.583,0.412,None
SHP100557,2025-11-21,Hyderabad,West,Road,SwiftHaul,Pharma,312.0,52.8,0.22,11,Friday,3,2.4,-0.6,0,81.7,44.08,0.835,0.141,None
SHP100558,2025-10-13,Hyderabad,North,Sea,BlueLine,Machinery,1090.0,69.7,0.43,10,Monday,6,5.7,-0.3,0,72.3,56.33,0.808,0.052,None
SHP100559,2025-11-18,Hyderabad,Central,Road,SwiftHaul,Electronics,1707.0,276.5,1.35,11,Tuesday,6,6.3,0.3,1,80.3,375.51,1.358,0.22,Warehouse congestion
SHP100560,2025-11-06,Delhi,South,Road,BlueLine,Pharma,1470.0,202.5,0.89,11,Thursday,5,5.0,0.0,0,78.6,261.71,1.292,0.178,None
SHP100561,2025-11-26,Hyderabad,West,Air,TransCo,FMCG,808.0,150.5,0.79,11,Wednesday,3,2.1,-0.9,0,79.8,476.77,3.168,0.59,None
SHP100562,2025-05-26,Kolkata,North,Road,SwiftHaul,FMCG,769.0,,1.03,5,Monday,4,3.0,-1.0,0,88.6,147.14,0.876,0.191,None
SHP100563,2025-12-30,Mumbai,West,Sea,BlueLine,FMCG,572.0,118.2,0.51,12,Tuesday,4,6.2,2.2,1,82.6,55.38,0.469,0.097,Carrier capacity
SHP100564,2025-02-04,Kolkata,Central,Road,BlueLine,FMCG,456.0,,2.43,2,Tuesday,3,2.1,-0.9,0,,181.52,0.456,0.398,None
SHP100565,2025-10-17,Hyderabad,North,Road,SwiftHaul,FMCG,1893.0,627.9,4.04,10,Friday,6,4.9,-1.1,0,75.2,865.13,1.378,0.457,None
SHP100566,2025-06-14,Mumbai,Central,Road,TransCo,FMCG,1184.0,77.9,0.42,6,Saturday,5,3.9,-1.1,0,84.5,107.03,1.374,0.09,None
SHP100567,2025-06-08,Chennai,West,Road,SwiftHaul,FMCG,309.0,302.4,2.11,6,Sunday,3,2.1,-0.9,0,85.0,106.84,0.353,0.346,None
SHP100568,2025-07-05,Kolkata,North,Road,BlueLine,FMCG,636.0,359.3,2.22,7,Saturday,3,4.5,1.5,1,81.3,218.12,0.607,0.343,Last-mile failure
SHP100569,2025-05-11,Mumbai,West,Sea,QuickMove,FMCG,1079.0,270.1,1.28,5,Sunday,6,4.5,-1.5,0,93.0,139.41,0.516,0.129,None
SHP100570,2025-01-26,Mumbai,Central,Road,BlueLine,Machinery,1063.0,137.4,0.6,1,Sunday,4,2.9,-1.1,0,90.1,171.93,1.251,0.162,None
SHP100571,2025-05-16,Chennai,South,Road,TransCo,FMCG,1056.0,76.6,0.62,5,Friday,4,3.7,-0.3,0,87.9,94.81,1.238,0.09,None
SHP100572,2025-01-13,Kolkata,West,Sea,QuickMove,Electronics,944.0,206.4,1.61,1,Monday,6,5.8,-0.2,0,91.6,110.14,0.534,0.117,None
SHP100573,2025-03-28,Kolkata,South,Air,BlueLine,FMCG,1029.0,89.4,0.47,3,Friday,3,2.1,-0.9,0,95.5,397.91,4.451,0.387,None
SHP100574,2025-11-21,Hyderabad,West,Road,SwiftHaul,Pharma,312.0,52.8,0.22,11,Friday,3,3.0,0.0,0,78.0,42.48,0.805,0.136,None
SHP100575,2025-03-25,Hyderabad,North,Air,BlueLine,Apparel,871.0,490.4,3.18,3,Tuesday,3,2.0,-1.0,0,95.2,1623.44,3.31,1.864,None
SHP100576,2025-05-31,Kolkata,North,Air,BlueLine,Machinery,811.0,395.5,2.88,5,Saturday,3,2.9,-0.1,0,91.4,1314.77,3.324,1.621,None
SHP100577,2025-07-07,Hyderabad,Central,Road,SwiftHaul,Electronics,287.0,267.7,1.17,7,Monday,3,1.5,-1.5,0,78.3,93.37,0.349,0.325,None
SHP100578,2025-01-01,Delhi,South,Road,TransCo,FMCG,579.0,444.2,1.84,1,Wednesday,3,2.7,-0.3,0,88.9,283.6,0.638,0.49,None
SHP100579,2025-01-14,Kolkata,East,Road,BlueLine,Electronics,1279.0,51.5,0.35,1,Tuesday,5,5.3,0.3,1,90.2,90.24,1.752,0.071,Customs/Docs
SHP100580,2025-12-16,Delhi,East,Road,BlueLine,Electronics,1630.0,254.7,1.58,12,Tuesday,6,6.0,0.0,0,84.4,353.43,1.388,0.217,None
SHP100581,2025-02-08,Chennai,South,Road,SwiftHaul,Apparel,2363.0,60.3,0.4,2,Saturday,8,6.5,-1.5,0,90.6,168.49,2.794,0.071,None
SHP100582,2025-04-29,Kolkata,North,Road,TransCo,Apparel,1661.0,87.5,0.61,4,Tuesday,6,8.3,2.3,1,98.4,176.91,2.022,0.107,Customs/Docs
SHP100583,2025-03-02,Chennai,East,Air,QuickMove,Electronics,1624.0,219.2,1.01,3,Sunday,3,2.1,-0.9,0,93.8,1526.84,6.966,0.94,None
SHP100584,2025-07-27,Chennai,South,Road,SwiftHaul,Apparel,1316.0,304.2,1.82,7,Sunday,5,4.8,-0.2,0,78.6,333.3,1.096,0.253,None
SHP100585,2025-09-20,Chennai,North,Road,SwiftHaul,Apparel,526.0,2130.1,14.13,9,Saturday,3,2.3,-0.7,0,74.2,853.81,0.401,1.623,None
SHP100586,2025-05-08,Mumbai,East,Rail,TransCo,FMCG,611.0,243.6,1.54,5,Thursday,4,2.5,-1.5,0,89.8,121.3,0.498,0.199,None
SHP100587,2025-05-05,Chennai,North,Road,BlueLine,Apparel,1192.0,148.4,0.65,5,Monday,5,6.0,1.0,1,90.6,200.68,1.352,0.168,Carrier capacity
SHP100588,2025-08-08,Chennai,East,Road,BlueLine,FMCG,526.0,22.5,0.1,8,Friday,3,2.6,-0.4,0,74.2,38.37,1.705,0.073,None
SHP100589,2025-11-22,Hyderabad,East,Road,QuickMove,FMCG,926.0,147.2,0.62,11,Saturday,4,5.1,1.1,1,82.5,138.75,0.943,0.15,Carrier capacity
SHP100590,2025-09-21,Chennai,South,Rail,SwiftHaul,Apparel,2255.0,64.4,0.33,9,Sunday,8,6.2,-1.8,0,72.1,99.04,1.538,0.044,None
SHP100591,2025-03-25,Kolkata,North,Road,BlueLine,Machinery,1098.0,230.3,0.94,3,Tuesday,4,2.9,-1.1,0,94.1,242.07,1.051,0.22,None
SHP100592,2025-12-11,Hyderabad,South,Rail,SwiftHaul,Machinery,1393.0,298.9,1.48,12,Thursday,6,5.8,-0.2,0,86.5,285.24,0.954,0.205,None
SHP100593,2025-07-22,Hyderabad,North,Road,QuickMove,Pharma,955.0,55.8,0.28,7,Tuesday,4,3.1,-0.9,0,81.4,75.42,1.352,0.079,None
SHP100594,2025-05-06,Hyderabad,Central,Road,TransCo,Pharma,1663.0,270.6,1.43,5,Tuesday,6,5.9,-0.1,0,84.4,418.89,1.548,0.252,None
SHP100595,2025-05-26,Hyderabad,North,Sea,QuickMove,Electronics,1814.0,82.6,0.49,5,Monday,9,9.6,0.6,1,89.9,101.42,1.228,0.056,Carrier capacity
SHP100596,2025-05-24,Hyderabad,East,Air,QuickMove,FMCG,960.0,180.0,0.76,5,Saturday,3,2.5,-0.5,0,90.1,775.92,4.311,0.808,None
SHP100597,2025-12-12,Chennai,South,Road,TransCo,Pharma,673.0,123.0,0.57,12,Friday,4,3.6,-0.4,0,85.4,108.93,0.886,0.162,None
SHP100598,2025-07-09,Hyderabad,West,Air,QuickMove,Electronics,785.0,2662.6,19.84,7,Wednesday,2,1.9,-0.1,0,78.8,7328.12,2.752,9.335,None
SHP100599,2025-02-15,Delhi,West,Rail,SwiftHaul,FMCG,998.0,61.0,0.3,2,Saturday,4,3.0,-1.0,0,93.1,65.87,1.08,0.066,None
SHP100600,2025-07-25,Chennai,East,Road,TransCo,Apparel,486.0,350.3,2.38,7,Friday,3,2.7,-0.3,0,81.0,154.8,0.442,0.319,None
SHP100601,2025-09-23,Chennai,West,Road,TransCo,Apparel,1141.0,28.3,0.18,9,Tuesday,4,4.7,0.7,1,76.5,55.11,1.947,0.048,Last-mile failure
SHP100602,2025-12-12,Mumbai,Central,Sea,SwiftHaul,FMCG,748.0,71.4,0.57,12,Friday,5,5.8,0.8,1,82.1,50.33,0.705,0.067,Warehouse congestion
SHP100603,2025-01-28,Hyderabad,Central,Air,QuickMove,Pharma,774.0,102.1,0.47,1,Tuesday,3,3.3,0.3,1,90.9,373.06,3.654,0.482,Customs/Docs
SHP100604,2025-10-28,Kolkata,North,Road,SwiftHaul,Electronics,871.0,343.6,2.26,10,Tuesday,4,3.6,-0.4,0,77.0,251.24,0.731,0.288,None
SHP100605,2025-04-19,Delhi,North,Air,QuickMove,Apparel,1436.0,866.4,3.91,4,Saturday,3,2.1,-0.9,0,95.3,5582.8,6.444,3.888,None
SHP100606,2025-10-09,Chennai,Central,Road,QuickMove,FMCG,696.0,38.7,0.16,10,Thursday,4,4.0,0.0,0,74.6,48.01,1.241,0.069,None
SHP100607,2025-06-09,Chennai,East,Road,QuickMove,Electronics,1028.0,53.1,0.27,6,Monday,5,3.2,-1.8,0,85.9,78.28,1.474,0.076,None
SHP100608,2025-01-13,Mumbai,West,Rail,QuickMove,FMCG,738.0,183.5,0.91,1,Monday,4,2.2,-1.8,0,86.2,110.69,0.603,0.15,None
SHP100609,2025-04-27,Kolkata,West,Air,QuickMove,Electronics,899.0,490.2,2.17,4,Sunday,3,1.9,-1.1,0,92.9,1929.26,3.936,2.146,None
SHP100610,2025-12-21,Delhi,West,Road,SwiftHaul,FMCG,761.0,214.5,1.24,12,Sunday,4,4.3,0.3,1,84.3,175.61,0.819,0.231,Weather
SHP100611,2025-09-08,Delhi,South,Road,BlueLine,Electronics,997.0,83.6,0.46,9,Monday,4,3.4,-0.6,0,75.2,95.82,1.146,0.096,None
SHP100612,2025-07-18,Delhi,Central,Sea,SwiftHaul,Electronics,812.0,201.0,1.61,7,Friday,5,4.3,-0.7,0,81.4,89.61,0.446,0.11,None
SHP100613,2025-11-07,Kolkata,North,Air,QuickMove,FMCG,308.0,170.3,1.04,11,Friday,2,2.5,0.5,1,77.8,229.39,1.347,0.745,Weather
SHP100614,2025-01-13,Chennai,South,Road,TransCo,Electronics,1707.0,317.4,1.3,1,Monday,6,6.5,0.5,1,92.4,532.28,1.677,0.312,Carrier capacity
SHP100615,2025-05-18,Hyderabad,North,Sea,BlueLine,Electronics,1169.0,434.5,1.97,5,Sunday,7,6.4,-0.6,0,85.3,222.41,0.512,0.19,None
SHP100616,2025-10-16,Chennai,North,Road,QuickMove,Apparel,553.0,27.1,0.19,10,Thursday,3,2.3,-0.7,0,73.0,42.32,1.562,0.077,None
SHP100617,2025-10-10,Mumbai,Central,Road,QuickMove,FMCG,1369.0,240.1,1.23,10,Friday,5,3.3,-1.7,0,78.2,229.63,0.956,0.168,None
SHP100618,2025-10-30,Mumbai,North,Road,BlueLine,Electronics,787.0,201.3,1.03,10,Thursday,4,4.4,0.4,1,76.5,156.85,0.779,0.199,Carrier capacity
SHP100619,2025-07-08,Kolkata,South,Rail,TransCo,Apparel,751.0,14.3,0.08,7,Tuesday,4,4.4,0.4,1,83.4,36.31,2.539,0.048,Customs/Docs
SHP100620,2025-08-17,Hyderabad,North,Rail,BlueLine,FMCG,606.0,121.5,0.87,8,Sunday,4,3.5,-0.5,0,77.9,66.94,0.551,0.11,None
SHP100621,2025-12-16,Mumbai,North,Road,SwiftHaul,Apparel,1411.0,347.3,1.51,12,Tuesday,5,5.8,0.8,1,85.0,447.28,1.288,0.317,Last-mile failure
SHP100622,2025-07-06,Kolkata,Central,Sea,SwiftHaul,Electronics,1135.0,254.7,1.71,7,Sunday,7,4.9,-2.1,0,79.0,131.41,0.516,0.116,None
SHP100623,2025-08-31,Mumbai,North,Sea,TransCo,Pharma,764.0,109.5,0.59,8,Sunday,5,4.7,-0.3,0,75.1,57.44,0.525,0.075,None
SHP100624,2025-08-29,Mumbai,South,Road,TransCo,Apparel,1080.0,1385.2,9.72,8,Friday,5,5.8,0.8,1,77.1,1185.81,0.856,1.098,Weather
SHP100625,2025-04-01,Kolkata,West,Road,SwiftHaul,Machinery,1654.0,272.9,1.94,4,Tuesday,5,3.5,-1.5,0,92.5,457.0,1.675,0.276,None
SHP100626,2025-02-01,Hyderabad,North,Sea,SwiftHaul,FMCG,781.0,225.0,1.26,2,Saturday,5,6.9,1.9,1,94.2,100.05,0.445,0.128,Carrier capacity
SHP100627,2025-06-09,Chennai,West,Air,SwiftHaul,Pharma,490.0,128.6,0.93,6,Monday,2,1.6,-0.4,0,83.6,262.43,2.041,0.536,None
SHP100628,2025-01-04,Kolkata,North,Sea,SwiftHaul,Pharma,1626.0,105.4,0.67,1,Saturday,9,7.4,-1.6,0,90.4,91.43,0.867,0.056,None
SHP100629,2025-03-13,Kolkata,East,Air,QuickMove,Electronics,681.0,273.4,1.9,3,Thursday,3,1.5,-1.5,0,98.1,819.05,2.996,1.203,None
SHP100630,2025-08-04,Kolkata,South,Road,TransCo,Machinery,887.0,413.8,1.97,8,Monday,4,2.6,-1.4,0,77.4,291.51,0.704,0.329,None
SHP100631,2025-03-12,Chennai,South,Sea,SwiftHaul,Electronics,1132.0,610.0,3.31,3,Wednesday,7,5.1,-1.9,0,94.1,324.45,0.532,0.287,None
SHP100632,2025-06-01,Delhi,North,Road,SwiftHaul,FMCG,1102.0,301.4,2.37,6,Sunday,4,3.7,-0.3,0,85.7,290.98,0.965,0.264,None
SHP100633,2025-06-14,Mumbai,West,Road,TransCo,FMCG,948.0,86.9,0.48,6,Saturday,4,4.3,0.3,1,85.6,92.16,1.061,0.097,Carrier capacity
SHP100634,2025-03-25,Delhi,South,Road,QuickMove,FMCG,843.0,142.2,0.76,3,Tuesday,4,2.8,-1.2,0,95.4,132.43,0.931,0.157,None
SHP100635,2025-11-27,Mumbai,East,Road,SwiftHaul,FMCG,1142.0,25.6,0.12,11,Thursday,5,4.4,-0.6,0,80.8,52.15,2.037,0.046,None
SHP100636,2025-10-09,Mumbai,South,Sea,TransCo,FMCG,670.0,224.2,1.4,10,Thursday,5,6.9,1.9,1,,86.91,0.388,0.13,Carrier capacity
SHP100637,2025-12-05,Hyderabad,South,Road,SwiftHaul,FMCG,778.0,525.6,2.65,12,Friday,4,2.5,-1.5,0,87.1,433.16,0.824,0.557,None
SHP100638,2025-12-13,Kolkata,South,Air,BlueLine,Apparel,1182.0,264.3,1.64,12,Saturday,3,2.3,-0.7,0,85.0,1186.92,4.491,1.004,None
SHP100639,2025-08-15,Delhi,East,Air,SwiftHaul,Electronics,1013.0,85.6,0.49,8,Friday,3,1.9,-1.1,0,73.6,285.32,3.333,0.282,None
SHP100640,2025-05-28,Chennai,South,Sea,TransCo,Electronics,1138.0,598.7,2.61,5,Wednesday,7,6.9,-0.1,0,90.2,298.47,0.499,0.262,None
SHP100641,2025-05-12,Chennai,South,Rail,TransCo,FMCG,1030.0,289.3,2.23,5,Monday,5,7.0,2.0,1,89.7,229.4,0.793,0.223,Last-mile failure
SHP100642,2025-11-28,Chennai,Central,Rail,SwiftHaul,Apparel,1321.0,278.2,1.31,11,Friday,5,5.8,0.8,1,81.1,232.34,0.835,0.176,Carrier capacity
SHP100643,2025-11-19,Delhi,South,Sea,QuickMove,FMCG,977.0,280.9,1.31,11,Wednesday,6,6.3,0.3,1,77.6,114.19,0.407,0.117,Warehouse congestion
SHP100644,2025-10-20,Kolkata,North,Rail,TransCo,Pharma,1414.0,322.1,2.24,10,Monday,6,6.4,0.4,1,77.3,299.09,0.929,0.212,Customs/Docs
SHP100645,2025-06-02,Hyderabad,Central,Road,SwiftHaul,FMCG,701.0,631.9,4.12,6,Monday,4,3.0,-1.0,0,85.3,396.82,0.628,0.566,None
SHP100646,2025-12-08,Hyderabad,West,Road,SwiftHaul,FMCG,1906.0,352.2,1.59,12,Monday,6,5.3,-0.7,0,83.1,559.7,1.589,0.294,None
SHP100647,2025-11-21,Hyderabad,West,Road,TransCo,Apparel,1180.0,162.3,0.7,11,Friday,4,5.7,1.7,1,75.9,187.69,1.156,0.159,Warehouse congestion
SHP100648,2025-11-20,Hyderabad,North,Road,SwiftHaul,Electronics,1146.0,48.5,0.23,11,Thursday,5,5.3,0.3,1,81.7,76.44,1.576,0.067,Warehouse congestion
SHP100649,2025-07-11,Mumbai,West,Rail,QuickMove,Apparel,1034.0,156.5,0.66,7,Friday,5,4.3,-0.7,0,78.0,122.15,0.781,0.118,None
SHP100650,2025-02-08,Chennai,Central,Rail,QuickMove,Apparel,1115.0,182.6,1.35,2,Saturday,5,2.5,-2.5,0,90.7,151.76,0.831,0.136,None
SHP100651,2025-10-31,Chennai,North,Road,SwiftHaul,Machinery,705.0,572.6,2.89,10,Friday,4,3.7,-0.3,0,75.2,331.8,0.579,0.471,None
SHP100652,2025-09-06,Hyderabad,North,Road,QuickMove,Apparel,962.0,248.8,1.1,9,Saturday,4,4.3,0.3,1,77.3,208.07,0.836,0.216,Warehouse congestion
SHP100653,2025-04-07,Mumbai,West,Road,BlueLine,FMCG,1012.0,35.7,0.21,4,Monday,4,3.0,-1.0,0,94.1,64.14,1.797,0.063,None
SHP100654,2025-09-19,Mumbai,North,Sea,SwiftHaul,FMCG,965.0,124.1,0.98,9,Friday,6,4.2,-1.8,0,75.9,70.27,0.566,0.073,None
SHP100655,2025-04-25,Delhi,West,Sea,QuickMove,Apparel,1022.0,790.8,3.78,4,Friday,6,4.8,-1.2,0,93.6,344.77,0.436,0.337,None
SHP100656,2025-08-15,Delhi,North,Road,TransCo,Pharma,1682.0,44.5,0.19,8,Friday,6,6.0,0.0,0,76.9,79.8,1.793,0.047,None
SHP100657,2025-01-15,Chennai,West,Road,BlueLine,Machinery,1012.0,60.3,0.24,1,Wednesday,4,4.6,0.6,1,89.6,86.33,1.432,0.085,Last-mile failure
SHP100658,2025-09-15,Delhi,East,Road,TransCo,FMCG,1259.0,78.9,0.52,9,Monday,5,5.9,0.9,1,74.1,107.17,1.358,0.085,Last-mile failure
SHP100659,2025-04-10,Delhi,South,Road,TransCo,Machinery,1233.0,109.1,0.74,4,Thursday,5,4.2,-0.8,0,,152.56,1.398,0.124,None
SHP100660,2025-04-30,Delhi,South,Road,BlueLine,Machinery,869.0,416.8,2.15,4,Wednesday,4,3.4,-0.6,0,93.0,395.25,0.948,0.455,None
SHP100661,2025-07-27,Delhi,North,Sea,QuickMove,FMCG,1114.0,233.2,1.03,7,Sunday,6,6.2,0.2,1,84.8,129.11,0.554,0.116,Carrier capacity
SHP100662,2025-10-17,Kolkata,South,Road,BlueLine,Pharma,295.0,287.6,1.62,10,Friday,3,2.0,-1.0,0,77.5,98.54,0.343,0.334,None
SHP100663,2025-01-07,Kolkata,South,Air,TransCo,Machinery,1355.0,114.4,0.95,1,Tuesday,3,2.1,-0.9,0,88.3,642.56,5.617,0.474,None
SHP100664,2025-07-09,Chennai,South,Road,BlueLine,Machinery,553.0,73.6,0.3,7,Wednesday,3,1.8,-1.2,0,77.3,57.69,0.784,0.104,None
SHP100665,2025-12-19,Mumbai,North,Road,TransCo,Pharma,1168.0,614.3,2.91,12,Friday,5,5.2,0.2,1,84.8,702.16,1.143,0.601,Carrier capacity
SHP100666,2025-10-02,Hyderabad,West,Road,BlueLine,Apparel,206.0,136.2,0.93,10,Thursday,2,3.5,1.5,1,72.9,50.92,0.374,0.247,Carrier capacity
SHP100667,2025-04-03,Chennai,West,Road,TransCo,FMCG,1053.0,138.1,0.6,4,Thursday,4,3.8,-0.2,0,95.5,153.17,1.109,0.145,None
SHP100668,2025-03-19,Kolkata,Central,Road,TransCo,Apparel,853.0,185.9,1.02,3,Wednesday,4,4.6,0.6,1,89.9,167.38,0.9,0.196,Carrier capacity
SHP100669,2025-02-04,Mumbai,South,Road,BlueLine,Pharma,495.0,39.9,0.23,2,Tuesday,3,3.3,0.3,1,93.0,49.36,1.237,0.1,Warehouse congestion
SHP100670,2025-12-26,Kolkata,West,Road,QuickMove,Electronics,858.0,539.2,2.35,12,Friday,4,3.0,-1.0,0,81.4,448.95,0.833,0.523,None
SHP100671,2025-08-21,Hyderabad,Central,Rail,QuickMove,Apparel,1002.0,128.4,0.73,8,Thursday,5,3.3,-1.7,0,77.2,97.77,0.761,0.098,None
SHP100672,2025-04-28,Chennai,South,Road,SwiftHaul,Apparel,2232.0,165.3,0.67,4,Monday,7,7.0,0.0,0,92.1,392.74,2.376,0.176,None
SHP100673,2025-08-17,Delhi,North,Rail,SwiftHaul,FMCG,819.0,531.7,2.37,8,Sunday,4,3.5,-0.5,0,77.7,285.47,0.537,0.349,None
SHP100674,2025-11-22,Chennai,South,Road,QuickMove,Pharma,773.0,190.7,0.88,11,Saturday,4,3.7,-0.3,0,75.7,156.78,0.822,0.203,None
SHP100675,2025-07-16,Mumbai,West,Road,TransCo,Electronics,1297.0,338.6,1.56,7,Wednesday,5,6.0,1.0,1,82.3,396.11,1.17,0.305,Warehouse congestion
SHP100676,2025-06-04,Hyderabad,North,Road,QuickMove,FMCG,1199.0,,2.28,6,Wednesday,5,4.0,-1.0,0,85.7,639.67,1.135,0.534,None
SHP100677,2025-03-29,Chennai,South,Road,BlueLine,Pharma,215.0,313.8,1.41,3,Saturday,3,3.9,0.9,1,94.9,89.47,0.285,0.416,Carrier capacity
SHP100678,2025-12-31,Delhi,West,Road,TransCo,Electronics,984.0,57.7,0.23,12,Wednesday,4,3.6,-0.4,0,83.3,76.76,1.33,0.078,None
SHP100679,2025-04-21,Chennai,West,Road,QuickMove,Pharma,233.0,681.0,3.63,4,Monday,2,1.8,-0.2,0,93.0,181.29,0.266,0.778,None
SHP100680,2025-12-11,Delhi,South,Road,TransCo,Apparel,1603.0,50.1,0.35,12,Thursday,6,5.5,-0.5,0,,97.59,1.948,0.061,None
SHP100681,2025-03-13,Hyderabad,West,Sea,QuickMove,FMCG,1045.0,119.8,0.92,3,Thursday,6,5.9,-0.1,0,93.3,76.07,0.635,0.073,None
SHP100682,2025-04-03,Kolkata,West,Sea,QuickMove,Apparel,677.0,78.7,0.48,4,Thursday,5,4.9,-0.1,0,93.4,51.89,0.659,0.077,None
SHP100683,2025-11-17,Kolkata,West,Road,SwiftHaul,FMCG,824.0,689.2,2.99,11,Monday,4,4.1,0.1,1,79.4,414.21,0.601,0.503,Customs/Docs
SHP100684,2025-11-26,Chennai,East,Sea,BlueLine,FMCG,1849.0,598.0,4.01,11,Wednesday,11,11.2,0.2,1,80.4,482.59,0.807,0.261,Warehouse congestion
SHP100685,2025-10-13,Hyderabad,North,Sea,BlueLine,Machinery,1090.0,69.7,0.43,10,Monday,6,5.4,-0.6,0,73.6,54.72,0.785,0.05,None
SHP100686,2025-09-11,Chennai,East,Road,SwiftHaul,Apparel,455.0,133.2,0.94,9,Thursday,3,2.8,-0.2,0,77.9,82.38,0.618,0.181,None
SHP100687,2025-04-16,Kolkata,Central,Road,BlueLine,FMCG,1407.0,450.6,2.77,4,Wednesday,5,5.0,0.0,0,95.5,593.06,1.316,0.422,None
SHP100688,2025-03-25,Chennai,West,Rail,SwiftHaul,Apparel,1184.0,621.8,2.5,3,Tuesday,5,4.7,-0.3,0,91.5,457.57,0.736,0.386,None
SHP100689,2025-03-30,Delhi,Central,Road,QuickMove,Apparel,645.0,287.2,1.57,3,Sunday,3,2.4,-0.6,0,91.1,206.63,0.719,0.32,None
SHP100690,2025-08-03,Delhi,West,Sea,QuickMove,Electronics,368.0,160.3,0.93,8,Sunday,3,2.2,-0.8,0,79.2,53.06,0.331,0.144,None
SHP100691,2025-02-24,Kolkata,East,Sea,BlueLine,Electronics,717.0,253.9,1.46,2,Monday,5,3.7,-1.3,0,93.8,108.75,0.428,0.152,None
SHP100692,2025-10-29,Hyderabad,South,Rail,SwiftHaul,FMCG,1018.0,178.9,0.78,10,Wednesday,5,3.5,-1.5,0,72.7,113.09,0.632,0.111,None
SHP100693,2025-12-31,Hyderabad,East,Rail,TransCo,Pharma,1741.0,57.8,0.25,12,Wednesday,7,8.3,1.3,1,84.0,91.66,1.586,0.053,Warehouse congestion
SHP100694,2025-10-15,Chennai,East,Road,TransCo,Machinery,1016.0,185.7,0.76,10,Wednesday,5,4.6,-0.4,0,75.8,163.63,0.881,0.161,None
SHP100695,2025-10-30,Mumbai,North,Road,BlueLine,FMCG,1458.0,138.5,0.58,10,Thursday,5,5.0,0.0,0,77.6,203.06,1.466,0.139,None
SHP100696,2025-02-08,Mumbai,South,Air,BlueLine,FMCG,471.0,121.6,0.88,2,Saturday,2,0.5,-1.5,0,95.6,295.86,2.433,0.628,None
SHP100697,2025-09-15,Chennai,North,Road,QuickMove,FMCG,2369.0,54.1,0.31,9,Monday,7,7.7,0.7,1,75.3,120.59,2.229,0.051,Carrier capacity
SHP100698,2025-12-13,Chennai,Central,Sea,TransCo,FMCG,1125.0,219.3,0.93,12,Saturday,6,7.4,1.4,1,84.7,121.9,0.556,0.108,Carrier capacity
SHP100699,2025-05-01,Hyderabad,North,Rail,BlueLine,Apparel,1246.0,219.6,1.24,5,Thursday,5,7.0,2.0,1,89.1,185.8,0.846,0.149,Warehouse congestion
SHP100700,2025-04-18,Mumbai,East,Road,TransCo,Apparel,634.0,487.7,3.04,4,Friday,4,3.0,-1.0,0,96.5,344.3,0.706,0.543,None
SHP100701,2025-01-26,Chennai,West,Road,TransCo,Electronics,639.0,285.3,2.03,1,Sunday,3,3.4,0.4,1,89.2,197.37,0.692,0.309,Last-mile failure
SHP100702,2025-12-26,Kolkata,East,Air,BlueLine,Apparel,1652.0,196.0,1.1,12,Friday,3,2.4,-0.6,0,86.0,1122.27,5.726,0.679,None
SHP100703,2025-12-01,Kolkata,North,Road,SwiftHaul,Apparel,767.0,404.9,1.85,12,Monday,4,3.6,-0.4,0,82.9,297.98,0.736,0.389,None
SHP100704,2025-12-29,Chennai,West,Road,BlueLine,Electronics,208.0,74.0,0.58,12,Monday,2,2.6,0.6,1,82.5,42.5,0.574,0.204,Carrier capacity
SHP100705,2025-01-29,Delhi,West,Road,QuickMove,FMCG,882.0,74.7,0.43,1,Wednesday,4,2.4,-1.6,0,90.4,83.34,1.116,0.094,None
SHP100706,2025-09-03,Chennai,South,Rail,TransCo,Pharma,195.0,49.9,0.26,9,Wednesday,3,2.6,-0.4,0,74.2,35.09,0.703,0.18,None
SHP100707,2025-11-07,Chennai,North,Road,QuickMove,Pharma,727.0,477.3,2.6,11,Friday,4,3.9,-0.1,0,77.3,332.03,0.696,0.457,None
SHP100708,2025-08-17,Mumbai,North,Rail,BlueLine,FMCG,1316.0,108.1,0.6,8,Sunday,5,4.5,-0.5,0,75.7,102.42,0.947,0.078,None
SHP100709,2025-01-12,Delhi,South,Air,TransCo,FMCG,458.0,53.9,0.3,1,Sunday,2,1.5,-0.5,0,95.0,146.72,2.722,0.32,None
SHP100710,2025-07-22,Hyderabad,North,Road,QuickMove,Pharma,955.0,55.8,0.28,7,Tuesday,4,2.6,-1.4,0,79.9,75.39,1.351,0.079,None
SHP100711,2025-05-28,Chennai,South,Sea,TransCo,Apparel,1214.0,30.6,0.15,5,Wednesday,7,6.9,-0.1,0,89.4,45.86,1.499,0.038,None
SHP100712,2025-04-22,Delhi,West,Road,BlueLine,Machinery,1324.0,116.3,0.49,4,Tuesday,5,4.2,-0.8,0,93.1,177.52,1.526,0.134,None
SHP100713,2025-02-24,Hyderabad,East,Road,BlueLine,Electronics,1955.0,61.3,0.37,2,Monday,7,6.1,-0.9,0,96.1,145.62,2.376,0.074,None
SHP100714,2025-10-29,Kolkata,South,Road,QuickMove,Pharma,1703.0,519.8,3.43,10,Wednesday,6,4.9,-1.1,0,76.0,667.99,1.285,0.392,None
SHP100715,2025-02-11,Kolkata,West,Air,BlueLine,Electronics,906.0,82.7,0.58,2,Tuesday,3,1.3,-1.7,0,94.2,417.75,5.051,0.461,None
SHP100716,2025-05-22,Mumbai,South,Road,BlueLine,Electronics,694.0,236.3,1.36,5,Thursday,4,3.4,-0.6,0,91.4,183.16,0.775,0.264,None
SHP100717,2025-11-06,Chennai,East,Road,BlueLine,Apparel,1209.0,408.2,1.79,11,Thursday,5,6.1,1.1,1,82.6,451.99,1.107,0.374,Carrier capacity
SHP100718,2025-03-07,Hyderabad,East,Road,BlueLine,FMCG,2498.0,128.7,0.81,3,Friday,8,7.1,-0.9,0,93.5,364.23,2.83,0.146,None
SHP100719,2025-02-20,Hyderabad,North,Road,SwiftHaul,FMCG,1104.0,520.5,2.12,2,Thursday,4,1.6,-2.4,0,91.7,477.29,0.917,0.432,None
SHP100720,2025-01-20,Delhi,South,Road,TransCo,FMCG,1276.0,403.9,1.7,1,Monday,5,3.8,-1.2,0,88.6,511.09,1.265,0.401,None
SHP100721,2025-01-20,Delhi,East,Air,TransCo,Electronics,746.0,337.1,1.44,1,Monday,3,1.5,-1.5,0,91.3,1185.98,3.518,1.59,None
SHP100722,2025-11-06,Mumbai,West,Rail,TransCo,FMCG,867.0,287.0,2.26,11,Thursday,4,4.2,0.2,1,81.5,178.44,0.622,0.206,Warehouse congestion
SHP100723,2025-12-08,Chennai,North,Air,SwiftHaul,Machinery,393.0,281.1,2.34,12,Monday,2,1.1,-0.9,0,85.4,468.49,1.667,1.192,None
SHP100724,2025-08-27,Hyderabad,South,Rail,SwiftHaul,Pharma,1176.0,373.3,1.6,8,Wednesday,5,5.3,0.3,1,78.3,242.29,0.649,0.206,Warehouse congestion
SHP100725,2025-11-07,Hyderabad,West,Road,SwiftHaul,Electronics,706.0,120.3,0.62,11,Friday,3,1.5,-1.5,0,81.5,103.67,0.862,0.147,None
SHP100726,2025-01-10,Chennai,West,Road,QuickMove,Apparel,997.0,31.1,0.13,1,Friday,4,3.9,-0.1,0,88.8,54.89,1.765,0.055,None
SHP100727,2025-03-22,Kolkata,East,Road,SwiftHaul,FMCG,1357.0,63.7,0.48,3,Saturday,5,4.5,-0.5,0,92.0,121.12,1.901,0.089,None
SHP100728,2025-02-02,Kolkata,South,Road,TransCo,Pharma,698.0,60.2,0.26,2,Sunday,4,3.5,-0.5,0,92.8,71.73,1.192,0.103,None
SHP100729,2025-06-23,Hyderabad,West,Road,SwiftHaul,Electronics,1535.0,331.6,2.41,6,Monday,5,3.8,-1.2,0,86.1,451.67,1.362,0.294,None
SHP100730,2025-03-04,Kolkata,North,Road,SwiftHaul,Apparel,961.0,213.6,1.11,3,Tuesday,4,2.0,-2.0,0,96.0,244.05,1.143,0.254,None
SHP100731,2025-05-24,Chennai,Central,Sea,BlueLine,Electronics,918.0,1168.2,6.25,5,Saturday,6,4.1,-1.9,0,86.4,436.69,0.374,0.476,None
SHP100732,2025-12-10,Hyderabad,North,Air,SwiftHaul,FMCG,1084.0,364.7,1.62,12,Wednesday,3,2.6,-0.4,0,80.3,1451.79,3.981,1.339,None
SHP100733,2025-06-22,Delhi,North,Road,SwiftHaul,FMCG,601.0,324.2,1.32,6,Sunday,3,1.8,-1.2,0,86.4,208.02,0.642,0.346,None
SHP100734,2025-04-12,Mumbai,North,Sea,QuickMove,FMCG,554.0,179.0,1.36,4,Saturday,4,3.1,-0.9,0,95.1,71.73,0.401,0.129,None
SHP100735,2025-12-15,Hyderabad,East,Rail,TransCo,Electronics,2604.0,316.6,2.14,12,Monday,10,10.8,0.8,1,85.7,503.21,1.589,0.193,Warehouse congestion
SHP100736,2025-12-02,Kolkata,North,Road,TransCo,FMCG,2203.0,416.2,2.84,12,Tuesday,7,7.0,0.0,0,86.8,786.15,1.889,0.357,None
SHP100737,2025-01-12,Mumbai,West,Road,TransCo,Electronics,787.0,117.6,0.77,1,Sunday,4,3.9,-0.1,0,90.4,119.33,1.015,0.152,None
SHP100738,2025-08-21,Chennai,West,Rail,SwiftHaul,Pharma,860.0,214.9,1.16,8,Thursday,4,3.6,-0.4,0,73.7,120.42,0.56,0.14,None
SHP100739,2025-06-10,Hyderabad,West,Road,TransCo,Machinery,1234.0,200.0,1.36,6,Tuesday,5,4.2,-0.8,0,84.4,254.05,1.27,0.206,None
SHP100740,2025-10-24,Kolkata,Central,Road,QuickMove,Electronics,1576.0,89.4,0.71,10,Friday,6,5.0,-1.0,0,76.2,132.43,1.481,0.084,None
SHP100741,2025-04-07,Mumbai,West,Rail,SwiftHaul,Pharma,1074.0,130.7,0.57,4,Monday,5,3.9,-1.1,0,92.5,109.24,0.836,0.102,None
SHP100742,2025-12-01,Chennai,South,Sea,QuickMove,FMCG,1014.0,43.7,0.2,12,Monday,6,6.3,0.3,1,83.8,48.1,1.101,0.047,Last-mile failure
SHP100743,2025-12-30,Hyderabad,West,Air,TransCo,FMCG,546.0,207.4,1.0,12,Tuesday,2,5.8,3.8,1,84.8,417.33,2.012,0.764,Warehouse congestion
SHP100744,2025-09-10,Mumbai,South,Rail,SwiftHaul,Pharma,1638.0,194.9,0.99,9,Wednesday,7,4.4,-2.6,0,73.3,180.32,0.925,0.11,None
SHP100745,2025-08-19,Mumbai,South,Road,BlueLine,Pharma,853.0,242.0,0.97,8,Tuesday,4,3.1,-0.9,0,72.1,186.98,0.773,0.219,None
SHP100746,2025-10-19,Kolkata,South,Rail,BlueLine,Apparel,1386.0,429.8,2.44,10,Sunday,6,6.2,0.2,1,76.6,380.53,0.885,0.275,Warehouse congestion
SHP100747,2025-07-28,Chennai,Central,Road,SwiftHaul,Pharma,602.0,133.1,0.96,7,Monday,3,2.2,-0.8,0,82.5,98.04,0.737,0.163,None
SHP100748,2025-04-28,Mumbai,West,Air,BlueLine,FMCG,1407.0,32.3,0.16,4,Monday,3,4.2,1.2,1,89.3,193.77,5.999,0.138,Warehouse congestion
SHP100749,2025-09-27,Kolkata,North,Road,TransCo,FMCG,916.0,138.3,0.69,9,Saturday,4,3.0,-1.0,0,75.3,118.52,0.857,0.129,None
SHP100750,2025-11-07,Kolkata,North,Air,QuickMove,FMCG,308.0,170.3,1.04,11,Friday,2,3.8,1.8,1,78.0,211.74,1.243,0.687,Weather
SHP100751,2025-02-27,Kolkata,South,Road,BlueLine,FMCG,420.0,124.8,0.59,2,Thursday,3,1.0,-2.0,0,95.0,82.75,0.663,0.197,None
SHP100752,2025-03-19,Delhi,West,Road,SwiftHaul,Electronics,1610.0,503.9,2.22,3,Wednesday,5,3.7,-1.3,0,95.8,742.71,1.474,0.461,None
SHP100753,2025-01-10,Mumbai,East,Air,BlueLine,Apparel,915.0,88.3,0.67,1,Friday,3,1.4,-1.6,0,92.1,343.97,3.895,0.376,None
SHP100754,2025-01-14,Mumbai,West,Road,SwiftHaul,Pharma,1384.0,234.7,1.24,1,Tuesday,5,4.1,-0.9,0,88.3,313.35,1.335,0.226,None
SHP100755,2025-01-08,Kolkata,South,Road,TransCo,Machinery,826.0,230.6,1.92,1,Wednesday,4,4.3,0.3,1,90.1,212.79,0.923,0.258,Warehouse congestion
SHP100756,2025-11-09,Chennai,West,Air,QuickMove,Pharma,688.0,325.7,2.0,11,Sunday,2,1.7,-0.3,0,85.0,783.25,2.405,1.138,None
SHP100757,2025-01-08,Mumbai,North,Road,SwiftHaul,Electronics,730.0,145.3,0.72,1,Wednesday,4,1.8,-2.2,0,90.4,107.76,0.742,0.148,None
SHP100758,2025-06-29,Mumbai,North,Air,BlueLine,Apparel,1191.0,311.1,2.0,6,Sunday,3,1.7,-1.3,0,86.4,1442.23,4.636,1.211,None
SHP100759,2025-12-06,Hyderabad,West,Air,TransCo,Electronics,1076.0,224.1,1.17,12,Saturday,3,1.9,-1.1,0,87.8,1167.18,5.208,1.085,None
SHP100760,2025-04-10,Delhi,South,Road,TransCo,Machinery,1233.0,109.1,0.74,4,Thursday,5,4.1,-0.9,0,91.9,149.93,1.374,0.122,None
SHP100761,2025-10-16,Chennai,South,Road,SwiftHaul,FMCG,1867.0,236.0,1.47,10,Thursday,6,5.3,-0.7,0,72.3,381.25,1.615,0.204,None
SHP100762,2025-08-02,Mumbai,South,Road,BlueLine,Electronics,1835.0,197.3,1.06,8,Saturday,6,5.6,-0.4,0,72.9,274.3,1.39,0.149,None
SHP100763,2025-08-18,Chennai,North,Rail,BlueLine,Apparel,895.0,162.6,1.13,8,Monday,4,3.8,-0.2,0,74.0,102.52,0.631,0.115,None
SHP100764,2025-05-25,Hyderabad,South,Air,SwiftHaul,Machinery,591.0,181.4,1.08,5,Sunday,2,1.4,-0.6,0,89.2,495.43,2.731,0.838,None
SHP100765,2025-05-11,Kolkata,South,Road,BlueLine,FMCG,1426.0,381.1,1.64,5,Sunday,5,5.0,0.0,0,91.0,522.98,1.372,0.367,None
SHP100766,2025-09-28,Hyderabad,West,Sea,QuickMove,Apparel,1545.0,127.8,0.51,9,Sunday,8,8.4,0.4,1,76.9,90.58,0.709,0.059,Carrier capacity
SHP100767,2025-12-01,Hyderabad,West,Air,TransCo,FMCG,1238.0,42.8,0.3,12,Monday,3,2.6,-0.4,0,82.8,224.6,5.248,0.181,None
SHP100768,2025-06-07,Delhi,West,Road,BlueLine,Apparel,1962.0,30.4,0.2,6,Saturday,6,6.4,0.4,1,89.3,86.33,2.84,0.044,Carrier capacity
SHP100769,2025-05-22,Chennai,South,Road,BlueLine,Apparel,1325.0,81.5,0.59,5,Thursday,5,4.6,-0.4,0,92.6,146.66,1.8,0.111,None
SHP100770,2025-04-11,Kolkata,East,Rail,SwiftHaul,Electronics,1678.0,149.6,0.8,4,Friday,7,5.4,-1.6,0,92.6,171.6,1.147,0.102,None
SHP100771,2025-07-11,Kolkata,North,Road,BlueLine,Electronics,486.0,572.6,2.93,7,Friday,3,1.2,-1.8,0,84.8,272.41,0.476,0.561,None
SHP100772,2025-12-14,Delhi,South,Road,BlueLine,Apparel,2108.0,663.5,4.64,12,Sunday,7,7.7,0.7,1,86.2,1162.32,1.752,0.551,Carrier capacity
SHP100773,2025-05-21,Delhi,North,Road,QuickMove,Electronics,407.0,99.3,0.41,5,Wednesday,3,1.2,-1.8,0,89.9,66.79,0.673,0.164,None
SHP100774,2025-10-09,Chennai,Central,Road,TransCo,Pharma,1180.0,341.5,1.73,10,Thursday,5,6.2,1.2,1,74.5,309.47,0.906,0.262,Warehouse congestion
SHP100775,2025-09-06,Hyderabad,Central,Road,SwiftHaul,Electronics,900.0,146.9,0.75,9,Saturday,4,2.6,-1.4,0,72.8,121.06,0.824,0.135,None
SHP100776,2025-01-04,Hyderabad,South,Air,TransCo,FMCG,594.0,76.8,0.33,1,Saturday,2,1.5,-0.5,0,91.9,242.0,3.151,0.407,None
SHP100777,2025-02-13,Hyderabad,North,Rail,SwiftHaul,Electronics,827.0,515.9,3.38,2,Thursday,4,3.5,-0.5,0,93.9,298.36,0.578,0.361,None
SHP100778,2025-11-01,Chennai,North,Rail,SwiftHaul,Pharma,1522.0,77.7,0.36,11,Saturday,6,6.5,0.5,1,80.8,87.16,1.122,0.057,Carrier capacity
SHP100779,2025-08-27,Delhi,Central,Road,BlueLine,Apparel,1459.0,106.4,0.49,8,Wednesday,5,5.2,0.2,1,74.1,143.44,1.348,0.098,Warehouse congestion
SHP100780,2025-07-30,Chennai,East,Road,TransCo,FMCG,450.0,319.3,1.49,7,Wednesday,3,2.3,-0.7,0,81.1,155.42,0.487,0.345,None
SHP100781,2025-10-21,Chennai,Central,Road,TransCo,Electronics,792.0,702.3,3.54,10,Tuesday,4,5.0,1.0,1,76.5,462.65,0.659,0.584,Warehouse congestion
SHP100782,2025-08-11,Hyderabad,North,Road,TransCo,Pharma,1105.0,28.7,0.19,8,Monday,4,5.0,1.0,1,74.2,54.4,1.895,0.049,Weather
SHP100783,2025-06-17,Delhi,West,Road,SwiftHaul,Apparel,746.0,47.1,0.21,6,Tuesday,4,3.0,-1.0,0,82.2,63.02,1.338,0.084,None
SHP100784,2025-11-01,Chennai,West,Rail,BlueLine,Apparel,1906.0,,2.29,11,Saturday,7,6.2,-0.8,0,80.1,432.1,1.17,0.227,None
SHP100785,2025-12-26,Delhi,South,Rail,TransCo,Apparel,812.0,37.9,0.16,12,Friday,4,5.8,1.8,1,86.4,49.85,1.315,0.061,Weather
SHP100786,2025-05-18,Chennai,Central,Rail,SwiftHaul,Pharma,1198.0,90.2,0.44,5,Sunday,5,4.3,-0.7,0,92.1,98.42,1.091,0.082,None
SHP100787,2025-11-14,Delhi,North,Road,TransCo,FMCG,1495.0,1202.2,5.93,11,Friday,5,5.6,0.6,1,80.5,1577.56,1.312,1.055,Last-mile failure
SHP100788,2025-07-24,Kolkata,East,Road,SwiftHaul,Pharma,542.0,365.5,1.77,7,Thursday,3,1.3,-1.7,0,78.4,180.03,0.493,0.332,None
SHP100789,2025-08-27,Delhi,East,Sea,BlueLine,Apparel,1325.0,271.0,1.97,8,Wednesday,8,7.3,-0.7,0,76.4,162.08,0.598,0.122,None
SHP100790,2025-01-20,Delhi,South,Road,TransCo,FMCG,1276.0,403.9,1.7,1,Monday,5,3.2,-1.8,0,90.7,559.81,1.386,0.439,None
SHP100791,2025-05-14,Delhi,West,Sea,SwiftHaul,FMCG,898.0,189.0,1.01,5,Wednesday,5,7.5,2.5,1,88.5,97.4,0.515,0.108,Last-mile failure
SHP100792,2025-05-22,Chennai,South,Road,BlueLine,FMCG,744.0,383.2,1.54,5,Thursday,4,3.9,-0.1,0,89.1,277.26,0.724,0.373,None
SHP100793,2025-03-30,Delhi,Central,Road,QuickMove,Apparel,645.0,287.2,1.57,3,Sunday,3,3.7,0.7,1,95.1,224.89,0.783,0.349,Carrier capacity
SHP100794,2025-10-12,Hyderabad,North,Road,QuickMove,Apparel,739.0,272.6,1.14,10,Sunday,4,3.5,-0.5,0,76.8,174.9,0.642,0.237,None
SHP100795,2025-04-02,Hyderabad,West,Sea,BlueLine,Machinery,683.0,336.3,1.54,4,Wednesday,5,4.6,-0.4,0,91.1,139.27,0.414,0.204,None
SHP100796,2025-08-04,Kolkata,South,Road,TransCo,Machinery,887.0,413.8,1.97,8,Monday,4,3.4,-0.6,0,75.2,315.68,0.763,0.356,None
SHP100797,2025-09-19,Delhi,North,Rail,QuickMove,Apparel,503.0,1033.8,6.48,9,Friday,3,3.5,0.5,1,75.3,257.63,0.249,0.512,Customs/Docs
SHP100798,2025-04-27,Hyderabad,East,Rail,BlueLine,Apparel,364.0,62.5,0.37,4,Sunday,3,3.1,0.1,1,94.7,45.21,0.723,0.124,Customs/Docs
SHP100799,2025-09-18,Mumbai,South,Air,SwiftHaul,Pharma,739.0,311.5,2.05,9,Thursday,3,2.2,-0.8,0,75.3,893.69,2.869,1.209,None
SHP100800,2025-01-19,Kolkata,South,Road,QuickMove,Machinery,1991.0,343.3,1.46,1,Sunday,7,6.4,-0.6,0,90.6,709.98,2.068,0.357,None
SHP100801,2025-07-02,Kolkata,North,Rail,SwiftHaul,FMCG,1537.0,44.4,0.2,7,Wednesday,6,4.5,-1.5,0,80.5,66.74,1.503,0.043,None
SHP100802,2025-10-07,Chennai,West,Sea,QuickMove,Apparel,1292.0,121.6,0.59,10,Tuesday,7,7.6,0.6,1,74.7,82.39,0.678,0.064,Carrier capacity
SHP100803,2025-03-27,Kolkata,North,Sea,TransCo,Pharma,1812.0,507.6,2.06,3,Thursday,9,7.5,-1.5,0,97.8,465.52,0.917,0.257,None
SHP100804,2025-11-22,Delhi,West,Road,SwiftHaul,Pharma,1245.0,332.4,1.43,11,Saturday,5,6.7,1.7,1,79.2,304.74,0.917,0.245,Warehouse congestion
SHP100805,2025-05-26,Kolkata,Central,Air,TransCo,Machinery,716.0,188.6,1.09,5,Monday,2,2.5,0.5,1,88.5,537.56,2.85,0.751,Carrier capacity
SHP100806,2025-03-02,Hyderabad,North,Sea,BlueLine,Machinery,616.0,728.4,5.93,3,Sunday,4,3.6,-0.4,0,92.1,203.28,0.279,0.33,None
SHP100807,2025-10-16,Mumbai,West,Road,SwiftHaul,Pharma,1191.0,848.6,3.88,10,Thursday,5,3.2,-1.8,0,75.3,836.48,0.986,0.702,None
SHP100808,2025-12-02,Kolkata,North,Air,TransCo,Apparel,1136.0,132.4,0.85,12,Tuesday,3,4.2,1.2,1,83.6,549.75,4.152,0.484,Last-mile failure
SHP100809,2025-06-05,Hyderabad,Central,Sea,QuickMove,Machinery,639.0,404.2,3.17,6,Thursday,5,3.2,-1.8,0,84.2,121.26,0.3,0.19,None
SHP100810,2025-11-16,Chennai,West,Road,QuickMove,FMCG,483.0,71.0,0.31,11,Sunday,3,3.2,0.2,1,80.6,56.46,0.795,0.117,Carrier capacity
SHP100811,2025-10-15,Hyderabad,North,Sea,BlueLine,FMCG,1258.0,370.6,1.61,10,Wednesday,7,6.7,-0.3,0,78.7,182.35,0.492,0.145,None
SHP100812,2025-03-11,Chennai,Central,Road,QuickMove,Apparel,725.0,80.0,0.33,3,Tuesday,4,2.4,-1.6,0,96.6,90.84,1.136,0.125,None
SHP100813,2025-11-16,Kolkata,West,Road,BlueLine,Apparel,1023.0,174.6,1.0,11,Sunday,4,6.3,2.3,1,76.0,159.66,0.914,0.156,Warehouse congestion
SHP100814,2025-12-26,Hyderabad,West,Sea,BlueLine,FMCG,2398.0,222.4,1.21,12,Friday,11,11.4,0.4,1,87.0,243.68,1.096,0.102,Weather
SHP100815,2025-02-04,Delhi,South,Sea,BlueLine,Pharma,1172.0,521.6,2.52,2,Tuesday,7,6.7,-0.3,0,94.7,278.42,0.534,0.238,None
SHP100816,2025-02-04,Kolkata,Central,Sea,TransCo,Apparel,722.0,50.5,0.21,2,Tuesday,5,5.5,0.5,1,97.3,45.75,0.906,0.063,Customs/Docs
SHP100817,2025-04-30,Kolkata,East,Sea,QuickMove,Electronics,1884.0,145.5,0.79,4,Wednesday,11,9.5,-1.5,0,92.4,143.38,0.985,0.076,None
SHP100818,2025-11-22,Chennai,South,Road,QuickMove,Pharma,773.0,190.7,0.88,11,Saturday,4,3.8,-0.2,0,78.0,128.47,0.674,0.166,None
SHP100819,2025-11-20,Hyderabad,East,Sea,QuickMove,Pharma,545.0,293.3,1.79,11,Thursday,5,6.1,1.1,1,81.7,83.78,0.286,0.154,Carrier capacity
SHP100820,2025-04-24,Delhi,Central,Road,BlueLine,FMCG,408.0,166.1,1.23,4,Thursday,3,1.9,-1.1,0,95.2,88.09,0.53,0.216,None
SHP100821,2025-12-14,Hyderabad,South,Air,SwiftHaul,Machinery,434.0,125.8,0.92,12,Sunday,2,1.4,-0.6,0,83.6,252.36,2.006,0.581,None
SHP100822,2025-01-01,Kolkata,West,Air,SwiftHaul,Electronics,1294.0,717.2,2.92,1,Wednesday,3,2.9,-0.1,0,89.5,4071.1,5.676,3.146,None
SHP100823,2025-08-12,Hyderabad,South,Road,BlueLine,FMCG,1668.0,565.5,2.76,8,Tuesday,6,5.4,-0.6,0,77.3,735.63,1.301,0.441,None
SHP100824,2025-10-15,Kolkata,South,Rail,TransCo,FMCG,911.0,160.4,0.67,10,Wednesday,5,4.0,-1.0,0,77.0,108.32,0.675,0.119,None
SHP100825,2025-10-19,Mumbai,East,Sea,QuickMove,FMCG,1495.0,424.4,1.96,10,Sunday,9,7.7,-1.3,0,76.3,237.64,0.56,0.159,None
SHP100826,2025-05-25,Chennai,Central,Rail,BlueLine,Electronics,1973.0,193.6,0.98,5,Sunday,7,6.7,-0.3,0,90.2,264.89,1.368,0.134,None
SHP100827,2025-07-09,Kolkata,North,Road,SwiftHaul,FMCG,2168.0,356.0,1.77,7,Wednesday,7,6.0,-1.0,0,78.4,617.67,1.735,0.285,None
SHP100828,2025-02-06,Kolkata,South,Sea,SwiftHaul,Electronics,1057.0,165.6,0.8,2,Thursday,6,5.2,-0.8,0,93.3,100.08,0.604,0.095,None
SHP100829,2025-11-01,Mumbai,South,Rail,SwiftHaul,Electronics,257.0,105.9,0.67,11,Saturday,3,3.2,0.2,1,77.2,44.8,0.423,0.174,Weather
SHP100830,2025-11-01,Chennai,Central,Rail,SwiftHaul,Apparel,1017.0,109.4,0.64,11,Saturday,5,5.4,0.4,1,80.0,90.86,0.831,0.089,Carrier capacity
SHP100831,2025-01-08,Chennai,East,Road,TransCo,Machinery,1035.0,284.3,1.47,1,Wednesday,5,3.8,-1.2,0,87.3,276.8,0.974,0.267,None
SHP100832,2025-06-28,Mumbai,West,Rail,SwiftHaul,FMCG,789.0,207.3,1.31,6,Saturday,4,0.9,-3.1,0,82.8,131.9,0.636,0.167,None
SHP100833,2025-01-01,Mumbai,West,Sea,TransCo,Apparel,731.0,443.4,3.16,1,Wednesday,5,4.8,-0.2,0,96.4,188.13,0.424,0.257,None
SHP100834,2025-03-03,Kolkata,Central,Sea,SwiftHaul,FMCG,1025.0,359.5,1.56,3,Monday,6,4.9,-1.1,0,91.2,180.78,0.503,0.176,None
SHP100835,2025-09-25,Mumbai,North,Road,TransCo,Electronics,1014.0,206.7,1.68,9,Thursday,4,3.7,-0.3,0,76.9,199.11,0.963,0.196,None
SHP100836,2025-02-06,Chennai,West,Road,BlueLine,Electronics,2091.0,442.0,1.99,2,Thursday,6,5.0,-1.0,0,94.2,1055.37,2.388,0.505,None
SHP100837,2025-08-15,Hyderabad,South,Road,SwiftHaul,FMCG,377.0,124.1,0.77,8,Friday,3,2.0,-1.0,0,76.9,68.02,0.548,0.18,None
SHP100838,2025-05-27,Delhi,North,Road,BlueLine,Electronics,957.0,120.9,0.94,5,Tuesday,4,5.0,1.0,1,87.9,120.62,0.998,0.126,Last-mile failure
SHP100839,2025-06-10,Kolkata,West,Road,QuickMove,Pharma,976.0,123.7,0.6,6,Tuesday,4,2.1,-1.9,0,86.5,133.96,1.083,0.137,None
SHP100840,2025-09-07,Delhi,North,Road,SwiftHaul,Electronics,742.0,,0.93,9,Sunday,4,1.9,-2.1,0,71.4,130.45,0.669,0.176,None
SHP100841,2025-10-23,Chennai,South,Road,QuickMove,Pharma,1480.0,251.0,1.97,10,Thursday,5,5.2,0.2,1,75.4,302.03,1.203,0.204,Carrier capacity
SHP100842,2025-09-09,Hyderabad,East,Sea,TransCo,Machinery,1431.0,78.9,0.48,9,Tuesday,9,8.6,-0.4,0,75.0,69.87,0.886,0.049,None
SHP100843,2025-10-04,Mumbai,West,Sea,QuickMove,Machinery,580.0,782.4,3.8,10,Saturday,4,3.5,-0.5,0,79.7,183.33,0.234,0.316,None
SHP100844,2025-10-08,Delhi,West,Road,QuickMove,Electronics,612.0,90.8,0.54,10,Wednesday,3,2.8,-0.2,0,77.7,75.69,0.834,0.124,None
SHP100845,2025-11-07,Chennai,North,Road,QuickMove,Pharma,727.0,477.3,2.6,11,Friday,4,3.3,-0.7,0,79.1,290.86,0.609,0.4,None
SHP100846,2025-06-10,Mumbai,West,Sea,QuickMove,Electronics,1739.0,297.2,1.26,6,Tuesday,9,8.8,-0.2,0,84.4,205.6,0.692,0.118,None
SHP100847,2025-10-02,Kolkata,West,Sea,SwiftHaul,Machinery,664.0,110.6,0.63,10,Thursday,5,4.4,-0.6,0,77.5,57.65,0.521,0.087,None
SHP100848,2025-03-14,Kolkata,North,Sea,SwiftHaul,Machinery,903.0,91.0,0.7,3,Friday,6,3.2,-2.8,0,92.6,63.08,0.693,0.07,None
SHP100849,2025-11-08,Hyderabad,North,Sea,TransCo,Apparel,882.0,354.1,1.82,11,Saturday,6,8.1,2.1,1,82.2,151.41,0.428,0.172,Carrier capacity
SHP100850,2025-09-13,Kolkata,West,Road,SwiftHaul,FMCG,1196.0,111.9,0.9,9,Saturday,5,4.0,-1.0,0,74.8,121.88,1.089,0.102,None
SHP100851,2025-10-12,Kolkata,North,Road,BlueLine,Machinery,1883.0,143.7,1.08,10,Sunday,6,6.8,0.8,1,74.6,228.88,1.593,0.122,Carrier capacity
SHP100852,2025-05-11,Mumbai,South,Road,BlueLine,FMCG,1493.0,173.8,1.18,5,Sunday,5,4.8,-0.2,0,87.2,269.88,1.553,0.181,None
SHP100853,2025-09-04,Delhi,North,Sea,BlueLine,FMCG,592.0,601.0,3.53,9,Thursday,4,3.3,-0.7,0,70.0,133.84,0.223,0.226,None
SHP100854,2025-01-17,Hyderabad,East,Road,TransCo,Apparel,1572.0,401.4,1.97,1,Friday,6,5.2,-0.8,0,93.5,655.49,1.633,0.417,None
SHP100855,2025-10-06,Delhi,North,Air,SwiftHaul,FMCG,1248.0,50.8,0.22,10,Monday,3,2.2,-0.8,0,72.6,254.02,5.0,0.204,None
SHP100856,2025-09-27,Mumbai,North,Road,SwiftHaul,Machinery,1066.0,222.3,1.43,9,Saturday,4,3.9,-0.1,0,76.0,215.13,0.968,0.202,None
SHP100857,2025-09-25,Hyderabad,West,Road,TransCo,Pharma,1256.0,59.0,0.27,9,Thursday,5,2.2,-2.8,0,75.9,83.4,1.414,0.066,None
SHP100858,2025-03-30,Hyderabad,West,Road,QuickMove,FMCG,2078.0,154.8,1.04,3,Sunday,6,5.8,-0.2,0,94.0,315.37,2.037,0.152,None
SHP100859,2025-12-30,Hyderabad,West,Rail,BlueLine,FMCG,1192.0,96.8,0.43,12,Tuesday,5,4.5,-0.5,0,84.8,90.8,0.938,0.076,None
SHP100860,2025-07-15,Delhi,South,Road,SwiftHaul,FMCG,916.0,195.8,1.24,7,Tuesday,4,2.4,-1.6,0,79.2,163.04,0.833,0.178,None
SHP100861,2025-12-31,Mumbai,South,Air,TransCo,Apparel,183.0,96.6,0.42,12,Wednesday,2,2.2,0.2,1,85.4,102.12,1.057,0.558,Carrier capacity
SHP100862,2025-06-10,Mumbai,West,Road,TransCo,Machinery,1100.0,120.6,0.82,6,Tuesday,4,4.8,0.8,1,84.2,132.62,1.1,0.121,Last-mile failure
SHP100863,2025-11-16,Kolkata,North,Road,QuickMove,FMCG,1393.0,509.7,2.87,11,Sunday,5,4.2,-0.8,0,79.4,580.66,1.139,0.417,None
SHP100864,2025-11-29,Hyderabad,South,Sea,SwiftHaul,Pharma,432.0,143.0,0.66,11,Saturday,4,2.9,-1.1,0,79.8,52.4,0.366,0.121,None
SHP100865,2025-11-16,Chennai,South,Road,SwiftHaul,FMCG,303.0,197.3,1.63,11,Sunday,3,2.3,-0.7,0,81.3,77.48,0.393,0.256,None
SHP100866,2025-07-14,Hyderabad,Central,Road,SwiftHaul,Apparel,797.0,114.8,0.61,7,Monday,4,0.8,-3.2,0,81.2,100.22,0.873,0.126,None
SHP100867,2025-04-28,Mumbai,West,Road,SwiftHaul,FMCG,412.0,159.3,1.11,4,Monday,3,1.7,-1.3,0,93.4,96.66,0.607,0.235,None
SHP100868,2025-06-29,Delhi,South,Rail,QuickMove,FMCG,1189.0,143.8,0.59,6,Sunday,5,5.0,0.0,0,84.5,122.28,0.85,0.103,None
SHP100869,2025-08-26,Mumbai,West,Rail,BlueLine,Apparel,635.0,153.3,0.63,8,Tuesday,4,2.8,-1.2,0,77.5,80.6,0.526,0.127,None
SHP100870,2025-06-19,Chennai,West,Rail,BlueLine,Electronics,1553.0,83.9,0.35,6,Thursday,6,5.2,-0.8,0,83.3,98.82,1.178,0.064,None
SHP100871,2025-08-27,Kolkata,South,Rail,BlueLine,FMCG,867.0,328.8,1.32,8,Wednesday,4,2.9,-1.1,0,74.0,165.18,0.502,0.191,None
SHP100872,2025-09-21,Kolkata,North,Road,TransCo,Apparel,1080.0,344.8,1.95,9,Sunday,4,5.1,1.1,1,72.3,270.65,0.785,0.251,Carrier capacity
SHP100873,2025-11-13,Hyderabad,Central,Sea,SwiftHaul,Machinery,1430.0,235.5,1.32,11,Thursday,8,6.4,-1.6,0,80.5,150.61,0.64,0.105,None
SHP100874,2025-12-28,Delhi,West,Rail,QuickMove,Apparel,1036.0,339.4,2.38,12,Sunday,5,3.1,-1.9,0,87.2,211.83,0.624,0.204,None
SHP100875,2025-08-10,Delhi,South,Air,SwiftHaul,FMCG,1196.0,85.1,0.43,8,Sunday,3,1.6,-1.4,0,76.5,386.62,4.543,0.323,None
SHP100876,2025-03-19,Chennai,South,Rail,TransCo,FMCG,983.0,93.8,0.38,3,Wednesday,5,5.0,0.0,0,95.5,87.77,0.936,0.089,None
SHP100877,2025-11-14,Mumbai,South,Road,QuickMove,FMCG,1174.0,741.6,3.14,11,Friday,5,3.9,-1.1,0,79.0,669.58,0.903,0.57,None
SHP100878,2025-12-10,Hyderabad,North,Road,BlueLine,FMCG,1043.0,104.9,0.46,12,Wednesday,4,3.6,-0.4,0,85.5,115.06,1.097,0.11,None
SHP100879,2025-06-05,Delhi,Central,Sea,QuickMove,Electronics,1307.0,53.6,0.24,6,Thursday,7,7.2,0.2,1,85.3,51.66,0.964,0.04,Weather
SHP100880,2025-05-21,Delhi,West,Road,BlueLine,Apparel,781.0,118.3,0.79,5,Wednesday,4,3.3,-0.7,0,91.0,117.77,0.996,0.151,None
SHP100881,2025-12-08,Delhi,South,Road,TransCo,Apparel,857.0,934.7,5.35,12,Monday,4,5.0,1.0,1,80.2,674.61,0.722,0.787,Carrier capacity
SHP100882,2025-06-10,Kolkata,North,Road,TransCo,Pharma,1554.0,134.8,0.6,6,Tuesday,5,4.5,-0.5,0,85.9,212.12,1.574,0.136,None
SHP100883,2025-08-24,Kolkata,South,Sea,TransCo,Apparel,566.0,227.7,1.12,8,Sunday,4,4.2,0.2,1,77.6,76.56,0.336,0.135,Carrier capacity
SHP100884,2025-06-07,Hyderabad,East,Air,BlueLine,Electronics,474.0,1482.3,7.95,6,Saturday,2,1.0,-1.0,0,86.2,3131.01,2.112,6.606,None
SHP100885,2025-04-27,Hyderabad,East,Rail,BlueLine,Apparel,364.0,62.5,0.37,4,Sunday,3,3.8,0.8,1,93.4,43.38,0.694,0.119,Last-mile failure
SHP100886,2025-03-03,Hyderabad,East,Sea,BlueLine,Pharma,661.0,327.5,1.37,3,Monday,5,3.4,-1.6,0,98.5,122.1,0.373,0.185,None
SHP100887,2025-12-04,Kolkata,North,Air,QuickMove,Apparel,1701.0,233.9,1.02,12,Thursday,3,2.9,-0.1,0,86.9,1631.01,6.973,0.959,None
SHP100888,2025-07-05,Kolkata,North,Road,BlueLine,FMCG,636.0,359.3,2.22,7,Saturday,3,2.2,-0.8,0,82.9,230.59,0.642,0.363,None
SHP100889,2025-03-30,Mumbai,East,Sea,QuickMove,FMCG,1168.0,237.2,1.41,3,Sunday,7,5.2,-1.8,0,95.9,151.34,0.638,0.13,None
SHP100890,2025-12-14,Mumbai,West,Sea,SwiftHaul,Electronics,407.0,76.9,0.45,12,Sunday,4,3.3,-0.7,0,85.0,39.83,0.518,0.098,None
SHP100891,2025-09-13,Mumbai,North,Road,TransCo,Machinery,1830.0,463.7,2.88,9,Saturday,6,6.0,0.0,0,76.2,561.32,1.211,0.307,None
SHP100892,2025-11-24,Hyderabad,West,Road,SwiftHaul,Pharma,1112.0,1082.9,5.6,11,Monday,4,3.1,-0.9,0,78.7,965.26,0.891,0.868,None
SHP100893,2025-07-20,Mumbai,South,Road,TransCo,FMCG,750.0,86.6,0.42,7,Sunday,4,3.2,-0.8,0,81.7,88.07,1.017,0.117,None
SHP100894,2025-08-02,Hyderabad,South,Road,SwiftHaul,Electronics,679.0,181.1,1.38,8,Saturday,4,2.1,-1.9,0,75.4,134.19,0.741,0.198,None
SHP100895,2025-12-19,Delhi,South,Air,BlueLine,Pharma,515.0,220.9,0.97,12,Friday,2,1.3,-0.7,0,83.8,398.65,1.805,0.774,None
SHP100896,2025-06-07,Hyderabad,West,Road,QuickMove,FMCG,1595.0,104.8,0.58,6,Saturday,5,4.2,-0.8,0,82.4,171.74,1.639,0.108,None
SHP100897,2025-09-06,Chennai,East,Sea,BlueLine,Machinery,367.0,625.7,4.89,9,Saturday,4,3.6,-0.4,0,77.0,113.22,0.181,0.309,None
SHP100898,2025-10-22,Mumbai,East,Road,SwiftHaul,FMCG,1223.0,536.4,2.49,10,Wednesday,5,5.5,0.5,1,80.4,546.18,1.018,0.447,Warehouse congestion
SHP100899,2025-06-02,Mumbai,West,Air,QuickMove,Pharma,1213.0,767.4,5.55,6,Monday,3,1.3,-1.7,0,87.7,3673.11,4.786,3.028,None
SHP100900,2025-04-15,Kolkata,South,Road,QuickMove,Electronics,1014.0,125.5,1.0,4,Tuesday,4,3.1,-0.9,0,95.5,150.01,1.195,0.148,None
SHP100901,2025-01-14,Kolkata,Central,Air,BlueLine,Machinery,2200.0,28.6,0.13,1,Tuesday,3,4.9,1.9,1,91.9,263.33,9.207,0.12,Weather
SHP100902,2025-09-12,Mumbai,North,Rail,QuickMove,FMCG,1727.0,41.7,0.28,9,Friday,7,5.6,-1.4,0,76.8,65.03,1.559,0.038,None
SHP100903,2025-02-13,Kolkata,South,Rail,TransCo,FMCG,1307.0,42.1,0.3,2,Thursday,6,5.2,-0.8,0,93.4,70.09,1.665,0.054,None
SHP100904,2025-03-18,Hyderabad,South,Sea,SwiftHaul,Machinery,786.0,29.8,0.13,3,Tuesday,5,4.1,-0.9,0,94.2,40.11,1.346,0.051,None
SHP100905,2025-01-23,Kolkata,Central,Sea,BlueLine,Electronics,1411.0,409.3,2.05,1,Thursday,8,8.5,0.5,1,88.1,234.1,0.572,0.166,Last-mile failure
SHP100906,2025-04-24,Chennai,South,Sea,QuickMove,Pharma,180.0,193.7,1.31,4,Thursday,3,3.2,0.2,1,97.4,43.84,0.226,0.244,Warehouse congestion
SHP100907,2025-10-10,Mumbai,South,Sea,TransCo,FMCG,1111.0,35.1,0.22,10,Friday,7,6.2,-0.8,0,75.9,44.91,1.279,0.04,None
SHP100908,2025-03-13,Hyderabad,West,Sea,QuickMove,FMCG,1045.0,119.8,0.92,3,Thursday,6,4.6,-1.4,0,95.3,80.56,0.672,0.077,None
SHP100909,2025-01-15,Delhi,North,Road,QuickMove,Apparel,1337.0,112.1,0.62,1,Wednesday,5,4.0,-1.0,0,87.8,157.59,1.406,0.118,None
SHP100910,2025-10-12,Mumbai,North,Air,SwiftHaul,Apparel,1328.0,164.4,0.83,10,Sunday,3,2.8,-0.2,0,74.8,801.74,4.877,0.604,None
SHP100911,2025-12-23,Hyderabad,South,Road,TransCo,FMCG,1173.0,745.2,5.51,12,Tuesday,5,5.1,0.1,1,83.0,741.33,0.995,0.632,Warehouse congestion
SHP100912,2025-07-30,Delhi,North,Road,BlueLine,Apparel,400.0,333.0,1.4,7,Wednesday,3,1.5,-1.5,0,79.3,131.11,0.394,0.328,None
SHP100913,2025-03-20,Hyderabad,North,Road,TransCo,FMCG,604.0,373.6,1.89,3,Thursday,3,3.1,0.1,1,96.3,251.11,0.672,0.416,Carrier capacity
SHP100914,2025-04-29,Delhi,East,Sea,BlueLine,FMCG,1682.0,91.6,0.39,4,Tuesday,10,10.0,0.0,0,94.6,92.48,1.01,0.055,None
SHP100915,2025-11-09,Chennai,West,Road,SwiftHaul,Machinery,878.0,66.1,0.36,11,Sunday,4,2.7,-1.3,0,81.2,75.02,1.135,0.085,None
SHP100916,2025-04-12,Hyderabad,South,Road,QuickMove,Electronics,1284.0,307.3,1.32,4,Saturday,5,4.3,-0.7,0,93.6,449.65,1.463,0.35,None
SHP100917,2025-10-06,Hyderabad,East,Rail,BlueLine,FMCG,871.0,157.3,0.68,10,Monday,5,4.5,-0.5,0,77.8,97.91,0.622,0.112,None
SHP100918,2025-07-02,Kolkata,North,Rail,SwiftHaul,Machinery,498.0,259.9,1.27,7,Wednesday,3,2.5,-0.5,0,,97.4,0.375,0.196,None
SHP100919,2025-11-25,Delhi,East,Sea,SwiftHaul,Apparel,953.0,139.3,0.56,11,Tuesday,6,5.6,-0.4,0,80.9,87.16,0.626,0.091,None
SHP100920,2025-05-06,Mumbai,East,Road,SwiftHaul,Machinery,1084.0,133.1,0.55,5,Tuesday,5,4.2,-0.8,0,89.2,124.69,0.937,0.115,None
SHP100921,2025-11-20,Hyderabad,West,Sea,SwiftHaul,Apparel,917.0,125.6,0.62,11,Thursday,5,5.2,0.2,1,82.2,78.11,0.622,0.085,Last-mile failure
SHP100922,2025-11-04,Delhi,South,Sea,BlueLine,Pharma,2238.0,533.2,2.85,11,Tuesday,11,10.7,-0.3,0,78.2,465.51,0.873,0.208,None
SHP100923,2025-06-07,Delhi,South,Air,TransCo,FMCG,943.0,215.2,1.15,6,Saturday,3,2.5,-0.5,0,,852.45,3.961,0.904,None
SHP100924,2025-01-17,Delhi,Central,Road,TransCo,Electronics,335.0,69.3,0.51,1,Friday,3,2.9,-0.1,0,90.7,51.82,0.748,0.155,None
SHP100925,2025-01-17,Delhi,South,Road,TransCo,Machinery,1470.0,161.4,0.72,1,Friday,5,4.5,-0.5,0,93.0,244.72,1.516,0.166,None
SHP100926,2025-06-20,Chennai,Central,Rail,BlueLine,Machinery,664.0,216.1,1.12,6,Friday,4,3.6,-0.4,0,83.7,103.61,0.479,0.156,None
SHP100927,2025-09-26,Chennai,North,Road,SwiftHaul,Electronics,786.0,192.6,1.2,9,Friday,4,3.3,-0.7,0,74.5,142.6,0.74,0.181,None
SHP100928,2025-10-13,Kolkata,East,Air,QuickMove,Pharma,1146.0,318.5,2.1,10,Monday,3,2.5,-0.5,0,75.8,1276.35,4.007,1.114,None
SHP100929,2025-10-12,Hyderabad,North,Road,QuickMove,Apparel,739.0,272.6,1.14,10,Sunday,4,4.6,0.6,1,74.6,183.03,0.671,0.248,Warehouse congestion
SHP100930,2025-06-21,Hyderabad,West,Rail,BlueLine,Electronics,1566.0,204.6,1.49,6,Saturday,6,5.0,-1.0,0,88.9,213.98,1.046,0.137,None
SHP100931,2025-11-17,Kolkata,West,Rail,SwiftHaul,Apparel,361.0,355.0,2.53,11,Monday,3,3.0,0.0,0,78.6,101.11,0.285,0.28,None
SHP100932,2025-09-28,Kolkata,North,Air,SwiftHaul,Electronics,531.0,172.3,1.26,9,Sunday,2,3.2,1.2,1,73.2,346.9,2.013,0.653,Warehouse congestion
SHP100933,2025-01-08,Mumbai,South,Road,SwiftHaul,Pharma,663.0,69.4,0.57,1,Wednesday,4,4.1,0.1,1,92.9,68.08,0.981,0.103,Carrier capacity
SHP100934,2025-08-24,Kolkata,Central,Road,QuickMove,FMCG,522.0,196.8,1.12,8,Sunday,3,2.3,-0.7,0,77.9,99.15,0.504,0.19,None
SHP100935,2025-03-02,Delhi,South,Road,BlueLine,Pharma,2070.0,468.8,2.23,3,Sunday,7,7.2,0.2,1,94.6,897.5,1.914,0.434,Last-mile failure
SHP100936,2025-02-18,Mumbai,West,Rail,BlueLine,Machinery,738.0,249.5,1.29,2,Tuesday,4,5.5,1.5,1,90.0,127.92,0.513,0.173,Last-mile failure
SHP100937,2025-09-02,Mumbai,East,Rail,BlueLine,Apparel,1314.0,165.2,1.0,9,Tuesday,6,5.3,-0.7,0,78.4,155.94,0.944,0.119,None
SHP100938,2025-09-04,Hyderabad,South,Rail,BlueLine,Apparel,1159.0,51.7,0.21,9,Thursday,5,3.4,-1.6,0,78.9,60.11,1.163,0.052,None
SHP100939,2025-08-25,Kolkata,South,Road,SwiftHaul,Electronics,1187.0,116.1,0.61,8,Monday,5,5.2,0.2,1,77.6,142.17,1.225,0.12,Warehouse congestion
SHP100940,2025-06-07,Hyderabad,North,Road,BlueLine,Electronics,1520.0,88.2,0.5,6,Saturday,5,5.2,0.2,1,86.0,144.1,1.634,0.095,Last-mile failure
SHP100941,2025-02-08,Mumbai,Central,Sea,TransCo,Pharma,722.0,189.3,1.41,2,Saturday,5,4.9,-0.1,0,94.1,91.29,0.482,0.126,None
SHP100942,2025-06-26,Delhi,West,Road,BlueLine,Pharma,1611.0,207.0,0.86,6,Thursday,5,4.6,-0.4,0,84.1,298.77,1.443,0.185,None
SHP100943,2025-01-14,Mumbai,West,Road,SwiftHaul,Electronics,1512.0,311.5,1.29,1,Tuesday,5,3.2,-1.8,0,92.4,407.84,1.309,0.27,None
SHP100944,2025-02-21,Hyderabad,North,Air,SwiftHaul,Pharma,774.0,325.7,1.33,2,Friday,3,2.8,-0.2,0,92.9,1013.06,3.11,1.309,None
SHP100945,2025-08-03,Delhi,East,Road,SwiftHaul,FMCG,1042.0,454.2,3.43,8,Sunday,5,3.7,-1.3,0,77.5,322.22,0.709,0.309,None
SHP100946,2025-01-26,Chennai,West,Road,TransCo,Electronics,639.0,,2.03,1,Sunday,3,4.1,1.1,1,90.4,173.88,0.609,0.272,Carrier capacity
SHP100947,2025-07-10,Mumbai,North,Rail,TransCo,Pharma,1853.0,186.9,1.01,7,Thursday,7,7.0,0.0,0,80.0,219.67,1.175,0.119,None
SHP100948,2025-11-12,Chennai,South,Rail,BlueLine,Apparel,768.0,112.9,0.48,11,Wednesday,4,5.1,1.1,1,78.3,76.31,0.676,0.099,Warehouse congestion
SHP100949,2025-12-10,Chennai,East,Road,TransCo,FMCG,1875.0,1107.5,4.56,12,Wednesday,7,6.4,-0.6,0,82.6,1703.92,1.539,0.909,None
SHP100950,2025-12-22,Mumbai,West,Sea,SwiftHaul,FMCG,591.0,429.3,2.46,12,Monday,4,4.8,0.8,1,86.0,124.92,0.291,0.211,Carrier capacity
SHP100951,2025-04-28,Chennai,South,Road,TransCo,FMCG,615.0,170.6,1.23,4,Monday,3,2.2,-0.8,0,92.8,115.59,0.678,0.188,None
SHP100952,2025-05-06,Mumbai,South,Rail,BlueLine,FMCG,744.0,126.6,0.73,5,Tuesday,4,3.9,-0.1,0,90.3,90.21,0.713,0.121,None
SHP100953,2025-07-08,Hyderabad,North,Road,TransCo,Machinery,1720.0,63.5,0.36,7,Tuesday,6,5.6,-0.4,0,80.4,116.37,1.833,0.068,None
SHP100954,2025-03-30,Hyderabad,South,Sea,BlueLine,Machinery,1810.0,154.5,0.74,3,Sunday,10,9.5,-0.5,0,95.6,154.79,1.002,0.086,None
SHP100955,2025-06-30,Chennai,East,Road,BlueLine,FMCG,1641.0,70.1,0.4,6,Monday,6,5.4,-0.6,0,,133.44,1.904,0.081,None
SHP100956,2025-11-14,Chennai,West,Rail,BlueLine,Electronics,519.0,323.8,2.03,11,Friday,3,3.8,0.8,1,81.3,122.45,0.378,0.236,Weather
SHP100957,2025-06-26,Hyderabad,East,Road,TransCo,Electronics,861.0,145.2,0.79,6,Thursday,4,3.7,-0.3,0,84.8,130.22,0.897,0.151,None
SHP100958,2025-11-18,Hyderabad,East,Road,TransCo,Electronics,1312.0,154.9,1.15,11,Tuesday,5,5.0,0.0,0,79.5,198.92,1.284,0.152,None
SHP100959,2025-02-15,Mumbai,North,Road,QuickMove,Machinery,805.0,214.5,1.04,2,Saturday,4,2.7,-1.3,0,95.1,200.03,0.933,0.248,None
SHP100960,2025-12-02,Chennai,South,Rail,SwiftHaul,FMCG,555.0,70.0,0.5,12,Tuesday,4,3.1,-0.9,0,85.1,51.0,0.729,0.092,None
SHP100961,2025-09-13,Kolkata,Central,Sea,SwiftHaul,Electronics,838.0,633.9,4.04,9,Saturday,5,5.0,0.0,0,75.5,212.7,0.336,0.254,None
SHP100962,2025-11-20,Hyderabad,East,Sea,QuickMove,Pharma,545.0,293.3,1.79,11,Thursday,5,4.9,-0.1,0,81.9,82.58,0.282,0.152,None
SHP100963,2025-11-10,Chennai,North,Road,QuickMove,Machinery,610.0,152.0,0.74,11,Monday,3,2.1,-0.9,0,80.8,108.25,0.712,0.177,None
SHP100964,2025-10-20,Hyderabad,South,Sea,BlueLine,Electronics,1837.0,229.7,1.57,10,Monday,10,9.6,-0.4,0,78.2,181.39,0.79,0.099,None
SHP100965,2025-08-12,Hyderabad,South,Road,TransCo,FMCG,229.0,244.7,1.13,8,Tuesday,3,1.7,-1.3,0,73.2,76.24,0.312,0.333,None
SHP100966,2025-04-18,Mumbai,Central,Road,SwiftHaul,Pharma,1003.0,108.8,0.56,4,Friday,4,2.2,-1.8,0,98.9,154.59,1.421,0.154,None
SHP100967,2025-03-03,Delhi,South,Sea,QuickMove,FMCG,674.0,174.2,0.77,3,Monday,5,4.0,-1.0,0,96.4,79.67,0.457,0.118,None
SHP100968,2025-07-11,Delhi,North,Road,TransCo,Apparel,529.0,46.4,0.24,7,Friday,3,3.4,0.4,1,81.2,50.74,1.094,0.096,Weather
SHP100969,2025-11-11,Mumbai,East,Rail,SwiftHaul,Apparel,1734.0,275.4,2.04,11,Tuesday,7,7.0,0.0,0,79.7,296.7,1.077,0.171,None
SHP100970,2025-11-14,Mumbai,East,Sea,SwiftHaul,Machinery,828.0,265.8,1.37,11,Friday,6,5.3,-0.7,0,77.0,105.32,0.396,0.127,None
SHP100971,2025-12-28,Delhi,Central,Road,BlueLine,Apparel,780.0,308.7,1.45,12,Sunday,4,3.0,-1.0,0,86.4,208.57,0.676,0.267,None
SHP100972,2025-05-26,Kolkata,South,Road,TransCo,FMCG,914.0,361.6,1.45,5,Monday,4,3.1,-0.9,0,92.2,309.17,0.855,0.338,None
SHP100973,2025-05-06,Hyderabad,North,Sea,TransCo,Apparel,1375.0,409.1,3.15,5,Tuesday,7,8.0,1.0,1,86.6,237.24,0.58,0.173,Last-mile failure
SHP100974,2025-12-14,Hyderabad,South,Air,SwiftHaul,Machinery,434.0,125.8,0.92,12,Sunday,2,1.7,-0.3,0,86.8,246.71,1.961,0.568,None
SHP100975,2025-09-06,Hyderabad,West,Road,SwiftHaul,Apparel,860.0,164.2,0.76,9,Saturday,4,1.4,-2.6,0,78.1,151.54,0.923,0.176,None
SHP100976,2025-01-20,Chennai,East,Sea,TransCo,FMCG,589.0,70.0,0.44,1,Monday,5,4.1,-0.9,0,93.0,47.28,0.675,0.08,None
SHP100977,2025-06-18,Chennai,North,Sea,QuickMove,Machinery,607.0,10.3,0.08,6,Wednesday,4,3.0,-1.0,0,86.1,32.59,3.164,0.054,None
SHP100978,2025-10-30,Mumbai,North,Road,BlueLine,FMCG,1458.0,138.5,0.58,10,Thursday,5,5.0,0.0,0,76.2,201.67,1.456,0.138,None
SHP100979,2025-10-12,Kolkata,North,Road,BlueLine,Machinery,1883.0,143.7,1.08,10,Sunday,6,6.2,0.2,1,78.2,232.0,1.614,0.123,Carrier capacity
SHP100980,2025-09-26,Chennai,North,Rail,QuickMove,Electronics,851.0,158.4,0.71,9,Friday,4,2.3,-1.7,0,75.8,90.49,0.571,0.106,None
SHP100981,2025-04-14,Delhi,North,Sea,SwiftHaul,Pharma,910.0,26.6,0.12,4,Monday,6,4.7,-1.3,0,94.4,40.19,1.511,0.044,None
SHP100982,2025-06-02,Kolkata,East,Road,BlueLine,Machinery,289.0,123.9,0.8,6,Monday,3,3.4,0.4,1,83.9,57.44,0.464,0.199,Last-mile failure
SHP100983,2025-10-30,Hyderabad,Central,Road,BlueLine,Apparel,868.0,592.2,3.51,10,Thursday,4,5.5,1.5,1,73.1,460.47,0.778,0.53,Warehouse congestion
SHP100984,2025-09-24,Mumbai,West,Road,BlueLine,Electronics,1159.0,69.6,0.39,9,Wednesday,4,3.1,-0.9,0,76.7,97.15,1.396,0.084,None
SHP100985,2025-06-13,Mumbai,South,Road,SwiftHaul,Pharma,422.0,320.4,1.37,6,Friday,3,2.1,-0.9,0,84.4,157.86,0.493,0.374,None
SHP100986,2025-03-03,Hyderabad,East,Sea,BlueLine,Pharma,661.0,327.5,1.37,3,Monday,5,4.6,-0.4,0,93.0,108.86,0.332,0.165,None
SHP100987,2025-11-21,Hyderabad,West,Road,TransCo,Apparel,1180.0,162.3,0.7,11,Friday,4,4.0,0.0,0,77.8,173.53,1.069,0.147,None
SHP100988,2025-05-02,Chennai,West,Road,SwiftHaul,FMCG,454.0,78.6,0.34,5,Friday,3,5.0,2.0,1,89.6,61.88,0.787,0.136,Last-mile failure
SHP100989,2025-11-25,Mumbai,South,Road,TransCo,Pharma,652.0,664.9,4.67,11,Tuesday,4,4.0,0.0,0,77.6,379.62,0.571,0.582,None
SHP100990,2025-05-31,Chennai,Central,Rail,SwiftHaul,Electronics,705.0,285.8,1.66,5,Saturday,4,2.4,-1.6,0,92.2,150.22,0.526,0.213,None
SHP100991,2025-12-12,Kolkata,South,Road,SwiftHaul,FMCG,1282.0,82.0,0.35,12,Friday,5,4.6,-0.4,0,86.1,102.23,1.247,0.08,None
SHP100992,2025-04-30,Delhi,South,Road,BlueLine,Machinery,869.0,416.8,2.15,4,Wednesday,4,3.3,-0.7,0,95.9,392.88,0.943,0.452,None
SHP100993,2025-11-01,Delhi,North,Sea,SwiftHaul,FMCG,2368.0,141.8,0.79,11,Saturday,11,10.0,-1.0,0,77.9,162.75,1.148,0.069,None
SHP100994,2025-02-08,Kolkata,South,Rail,BlueLine,FMCG,681.0,230.2,1.77,2,Saturday,4,1.7,-2.3,0,90.9,141.07,0.613,0.207,None
SHP100995,2025-03-27,Hyderabad,West,Road,BlueLine,Pharma,1817.0,147.3,0.93,3,Thursday,6,5.0,-1.0,0,98.5,286.13,1.942,0.157,None
SHP100996,2025-11-11,Hyderabad,South,Air,BlueLine,Electronics,1605.0,303.8,1.46,11,Tuesday,3,3.2,0.2,1,,1752.49,5.769,1.092,Warehouse congestion
SHP100997,2025-07-26,Kolkata,West,Road,SwiftHaul,Pharma,637.0,259.2,1.25,7,Saturday,3,1.8,-1.2,0,80.2,150.83,0.582,0.237,None
SHP100998,2025-05-13,Delhi,East,Sea,BlueLine,Electronics,1208.0,182.3,0.77,5,Tuesday,8,7.4,-0.6,0,88.5,119.1,0.653,0.099,None
SHP100999,2025-06-07,Hyderabad,West,Road,QuickMove,FMCG,1595.0,104.8,0.58,6,Saturday,5,5.2,0.2,1,83.4,163.55,1.561,0.103,Carrier capacity
SHP101000,2025-05-13,Delhi,East,Sea,BlueLine,Electronics,1208.0,182.3,0.77,5,Tuesday,8,6.7,-1.3,0,91.2,117.48,0.644,0.097,None
SHP101001,2025-10-08,Kolkata,North,Road,BlueLine,FMCG,288.0,259.9,1.05,10,Wednesday,3,2.6,-0.4,0,76.1,80.13,0.308,0.278,None
SHP101002,2025-10-18,Mumbai,South,Road,QuickMove,Electronics,1692.0,170.2,0.9,10,Saturday,6,5.4,-0.6,0,79.0,287.36,1.688,0.17,None
SHP101003,2025-05-10,Hyderabad,South,Road,TransCo,Electronics,654.0,400.1,1.76,5,Saturday,4,3.2,-0.8,0,86.4,253.42,0.633,0.387,None
SHP101004,2025-03-14,Mumbai,North,Sea,QuickMove,FMCG,1962.0,166.3,1.2,3,Friday,10,9.0,-1.0,0,95.0,162.44,0.977,0.083,None
SHP101005,2025-04-01,Kolkata,West,Road,SwiftHaul,Machinery,1654.0,272.9,1.94,4,Tuesday,5,3.6,-1.4,0,92.6,452.46,1.658,0.274,None
SHP101006,2025-08-15,Chennai,West,Road,BlueLine,FMCG,574.0,1313.4,8.43,8,Friday,3,2.6,-0.4,0,75.8,571.25,0.435,0.995,None
SHP101007,2025-01-04,Hyderabad,South,Air,TransCo,FMCG,594.0,76.8,0.33,1,Saturday,2,3.8,1.8,1,89.6,182.4,2.375,0.307,Carrier capacity
SHP101008,2025-05-15,Chennai,North,Sea,BlueLine,Pharma,268.0,74.8,0.33,5,Thursday,3,1.3,-1.7,0,91.3,38.98,0.521,0.145,None
SHP101009,2025-10-31,Chennai,West,Road,TransCo,Apparel,301.0,134.1,0.54,10,Friday,3,3.1,0.1,1,76.0,60.52,0.451,0.201,Warehouse congestion
SHP101010,2025-10-20,Delhi,South,Road,SwiftHaul,Pharma,1934.0,253.8,1.63,10,Monday,7,5.3,-1.7,0,76.0,429.46,1.692,0.222,None
SHP101011,2025-03-23,Kolkata,Central,Rail,BlueLine,Electronics,900.0,116.4,0.5,3,Sunday,4,3.3,-0.7,0,98.5,99.85,0.858,0.111,None
SHP101012,2025-08-03,Delhi,East,Road,SwiftHaul,FMCG,1042.0,454.2,3.43,8,Sunday,5,3.1,-1.9,0,73.9,414.76,0.913,0.398,None
SHP101013,2025-06-25,Kolkata,East,Sea,SwiftHaul,Machinery,2012.0,107.4,0.66,6,Wednesday,11,9.9,-1.1,0,82.8,115.91,1.079,0.058,None
SHP101014,2025-04-09,Mumbai,West,Road,BlueLine,FMCG,558.0,254.0,1.24,4,Wednesday,3,2.8,-0.2,0,97.4,142.67,0.562,0.256,None
SHP101015,2025-12-08,Mumbai,East,Rail,SwiftHaul,Pharma,1169.0,155.4,0.75,12,Monday,6,5.0,-1.0,0,88.4,143.42,0.923,0.123,None
SHP101016,2025-01-25,Hyderabad,West,Road,BlueLine,Electronics,516.0,336.9,1.37,1,Saturday,3,1.7,-1.3,0,86.4,168.44,0.5,0.326,None
SHP101017,2025-05-10,Kolkata,South,Road,SwiftHaul,Electronics,584.0,310.9,2.53,5,Saturday,3,2.8,-0.2,0,94.3,190.09,0.611,0.325,None
SHP101018,2025-10-11,Kolkata,South,Sea,TransCo,FMCG,823.0,431.9,2.17,10,Saturday,5,5.6,0.6,1,77.5,136.67,0.316,0.166,Last-mile failure
SHP101019,2025-06-09,Mumbai,North,Air,QuickMove,Machinery,535.0,10.0,0.04,6,Monday,2,1.8,-0.2,0,83.6,52.75,5.275,0.099,None
SHP101020,2025-07-17,Chennai,South,Road,BlueLine,Electronics,1224.0,1241.4,10.24,7,Thursday,5,4.0,-1.0,0,80.0,1241.5,1.0,1.014,None
SHP101021,2025-11-24,Hyderabad,West,Air,SwiftHaul,Machinery,2474.0,110.9,0.64,11,Monday,4,4.1,0.1,1,79.1,955.92,8.62,0.386,Carrier capacity
SHP101022,2025-07-14,Chennai,West,Air,BlueLine,FMCG,2725.0,770.1,6.2,7,Monday,4,4.0,0.0,0,80.0,6982.03,9.066,2.562,None
SHP101023,2025-12-10,Hyderabad,North,Air,SwiftHaul,FMCG,1084.0,364.7,1.62,12,Wednesday,3,2.3,-0.7,0,84.2,1786.61,4.899,1.648,None
SHP101024,2025-09-25,Hyderabad,Central,Sea,SwiftHaul,FMCG,1220.0,214.2,1.29,9,Thursday,7,5.6,-1.4,0,72.6,121.21,0.566,0.099,None
SHP101025,2025-11-25,Kolkata,Central,Road,BlueLine,FMCG,1151.0,545.4,4.17,11,Tuesday,5,4.4,-0.6,0,77.4,422.28,0.774,0.367,None
SHP101026,2025-10-15,Chennai,Central,Rail,TransCo,Apparel,584.0,218.5,0.91,10,Wednesday,4,4.0,0.0,0,76.8,102.43,0.469,0.175,None
SHP101027,2025-03-07,Hyderabad,East,Road,BlueLine,FMCG,2498.0,128.7,0.81,3,Friday,8,7.1,-0.9,0,93.4,314.46,2.443,0.126,None
SHP101028,2025-08-19,Mumbai,South,Road,BlueLine,Pharma,853.0,242.0,0.97,8,Tuesday,4,3.5,-0.5,0,73.5,190.88,0.789,0.224,None
SHP101029,2025-10-28,Chennai,South,Road,QuickMove,FMCG,1177.0,185.0,0.79,10,Tuesday,5,2.8,-2.2,0,77.4,193.78,1.047,0.165,None
SHP101030,2025-11-23,Delhi,South,Sea,BlueLine,Electronics,1235.0,330.5,2.21,11,Sunday,7,8.0,1.0,1,81.0,157.56,0.477,0.128,Warehouse congestion
SHP101031,2025-02-15,Mumbai,South,Road,BlueLine,FMCG,267.0,23.2,0.1,2,Saturday,3,5.1,2.1,1,94.7,35.67,1.538,0.134,Carrier capacity
SHP101032,2025-11-11,Kolkata,North,Road,SwiftHaul,FMCG,2064.0,153.4,1.13,11,Tuesday,7,5.2,-1.8,0,80.2,288.68,1.882,0.14,None
SHP101033,2025-03-08,Delhi,North,Road,TransCo,Electronics,524.0,53.8,0.27,3,Saturday,3,2.6,-0.4,0,93.2,56.83,1.056,0.108,None
SHP101034,2025-09-12,Hyderabad,Central,Rail,QuickMove,Machinery,783.0,214.3,0.99,9,Friday,4,3.3,-0.7,0,77.4,114.16,0.533,0.146,None
SHP101035,2025-12-18,Chennai,South,Sea,QuickMove,Electronics,1483.0,122.9,0.55,12,Thursday,8,8.5,0.5,1,86.8,101.11,0.823,0.068,Customs/Docs
SHP101036,2025-10-18,Kolkata,West,Road,QuickMove,FMCG,655.0,152.6,1.15,10,Saturday,3,2.2,-0.8,0,80.8,111.0,0.727,0.169,None
SHP101037,2025-11-02,Chennai,Central,Road,QuickMove,Electronics,330.0,87.5,0.62,11,Sunday,3,1.0,-2.0,0,82.5,55.57,0.635,0.168,None
SHP101038,2025-10-30,Kolkata,Central,Sea,BlueLine,Apparel,1491.0,72.3,0.34,10,Thursday,8,7.8,-0.2,0,77.0,70.75,0.979,0.047,None
SHP101039,2025-05-10,Mumbai,East,Road,QuickMove,Apparel,829.0,69.2,0.43,5,Saturday,4,2.8,-1.2,0,93.5,84.87,1.226,0.102,None
SHP101040,2025-09-12,Mumbai,North,Rail,QuickMove,FMCG,1727.0,41.7,0.28,9,Friday,7,5.4,-1.6,0,75.1,62.26,1.493,0.036,None
SHP101041,2025-10-09,Hyderabad,Central,Road,QuickMove,Electronics,1118.0,61.3,0.47,10,Thursday,4,3.7,-0.3,0,76.5,85.12,1.389,0.076,None
SHP101042,2025-01-05,Delhi,Central,Air,BlueLine,Pharma,779.0,16.1,0.12,1,Sunday,3,2.1,-0.9,0,89.9,82.85,5.146,0.106,None
SHP101043,2025-04-17,Mumbai,South,Road,SwiftHaul,Machinery,1343.0,273.3,1.22,4,Thursday,5,2.9,-2.1,0,92.7,397.06,1.453,0.296,None
SHP101044,2025-12-30,Mumbai,East,Rail,TransCo,FMCG,696.0,176.4,1.15,12,Tuesday,4,4.1,0.1,1,89.5,99.12,0.562,0.142,Carrier capacity
SHP101045,2025-12-26,Kolkata,East,Air,BlueLine,Apparel,1652.0,196.0,1.1,12,Friday,3,4.1,1.1,1,83.3,1335.41,6.813,0.808,Carrier capacity
SHP101046,2025-05-24,Chennai,Central,Sea,BlueLine,FMCG,895.0,75.5,0.38,5,Saturday,6,3.8,-2.2,0,86.7,56.69,0.751,0.063,None
SHP101047,2025-09-24,Delhi,Central,Road,BlueLine,Electronics,910.0,1382.1,8.49,9,Wednesday,4,3.0,-1.0,0,74.1,1004.76,0.727,1.104,None
SHP101048,2025-04-22,Mumbai,Central,Sea,SwiftHaul,Apparel,502.0,346.5,2.01,4,Tuesday,4,2.3,-1.7,0,94.4,98.5,0.284,0.196,None
SHP101049,2025-08-14,Delhi,Central,Air,SwiftHaul,Machinery,645.0,66.8,0.38,8,Thursday,2,1.7,-0.3,0,75.3,152.49,2.283,0.236,None
SHP101050,2025-09-10,Hyderabad,North,Rail,TransCo,Apparel,997.0,132.8,0.59,9,Wednesday,5,4.5,-0.5,0,74.3,88.42,0.666,0.089,None
SHP101051,2025-10-07,Kolkata,West,Sea,SwiftHaul,Apparel,1509.0,499.2,3.84,10,Tuesday,8,6.4,-1.6,0,72.5,287.92,0.577,0.191,None
SHP101052,2025-09-21,Chennai,West,Road,TransCo,Machinery,932.0,39.9,0.19,9,Sunday,4,3.4,-0.6,0,72.5,60.42,1.514,0.065,None
SHP101053,2025-06-29,Delhi,South,Rail,QuickMove,FMCG,1189.0,143.8,0.59,6,Sunday,5,4.1,-0.9,0,82.4,130.49,0.907,0.11,None
SHP101054,2025-11-11,Chennai,North,Rail,QuickMove,FMCG,1541.0,208.8,0.86,11,Tuesday,6,4.3,-1.7,0,81.7,188.02,0.9,0.122,None
SHP101055,2025-03-23,Chennai,East,Road,TransCo,FMCG,796.0,98.3,0.64,3,Sunday,4,3.6,-0.4,0,92.2,103.51,1.053,0.13,None
SHP101056,2025-06-09,Mumbai,North,Air,QuickMove,Machinery,535.0,10.0,0.04,6,Monday,2,1.6,-0.4,0,83.7,50.37,5.037,0.094,None
SHP101057,2025-08-29,Kolkata,South,Road,BlueLine,Pharma,688.0,173.9,1.29,8,Friday,4,2.7,-1.3,0,76.0,121.89,0.701,0.177,None
SHP101058,2025-12-14,Hyderabad,South,Air,SwiftHaul,Machinery,434.0,125.8,0.92,12,Sunday,2,1.1,-0.9,0,82.8,235.1,1.869,0.542,None
SHP101059,2025-06-15,Kolkata,South,Road,QuickMove,FMCG,758.0,42.4,0.26,6,Sunday,4,2.8,-1.2,0,85.6,55.34,1.305,0.073,None
SHP101060,2025-09-24,Delhi,South,Sea,TransCo,Electronics,1420.0,84.2,0.42,9,Wednesday,8,7.8,-0.2,0,75.9,65.79,0.781,0.046,None
SHP101061,2025-10-11,Hyderabad,East,Road,BlueLine,FMCG,1790.0,53.3,0.32,10,Saturday,7,7.4,0.4,1,79.3,101.25,1.9,0.057,Last-mile failure
SHP101062,2025-11-18,Hyderabad,Central,Road,SwiftHaul,Electronics,1707.0,276.5,1.35,11,Tuesday,6,6.5,0.5,1,80.0,370.02,1.338,0.217,Last-mile failure
SHP101063,2025-01-29,Hyderabad,North,Road,QuickMove,Electronics,572.0,1366.3,8.78,1,Wednesday,3,4.2,1.2,1,85.8,706.42,0.517,1.235,Last-mile failure
SHP101064,2025-12-14,Hyderabad,West,Rail,QuickMove,FMCG,670.0,110.3,0.45,12,Sunday,4,5.0,1.0,1,83.8,71.76,0.651,0.107,Carrier capacity
SHP101065,2025-01-29,Chennai,North,Road,QuickMove,FMCG,1084.0,209.1,1.39,1,Wednesday,4,1.9,-2.1,0,89.4,210.39,1.006,0.194,None
SHP101066,2025-12-24,Delhi,West,Road,TransCo,FMCG,721.0,292.0,1.96,12,Wednesday,4,5.2,1.2,1,87.6,211.76,0.725,0.294,Warehouse congestion
SHP101067,2025-03-19,Chennai,North,Rail,SwiftHaul,FMCG,853.0,86.0,0.37,3,Wednesday,4,2.0,-2.0,0,94.5,83.06,0.966,0.097,None
SHP101068,2025-06-21,Chennai,North,Road,TransCo,Electronics,1933.0,56.9,0.25,6,Saturday,6,8.0,2.0,1,85.8,125.46,2.205,0.065,Customs/Docs
SHP101069,2025-03-08,Delhi,North,Road,TransCo,Electronics,524.0,53.8,0.27,3,Saturday,3,2.1,-0.9,0,94.4,55.69,1.035,0.106,None
SHP101070,2025-08-21,Kolkata,West,Road,BlueLine,FMCG,927.0,253.7,1.88,8,Thursday,4,4.0,0.0,0,77.4,223.26,0.88,0.241,None
SHP101071,2025-08-07,Chennai,South,Road,QuickMove,FMCG,1220.0,288.0,2.07,8,Thursday,5,3.5,-1.5,0,75.1,346.31,1.202,0.284,None
SHP101072,2025-07-13,Mumbai,East,Road,BlueLine,Electronics,736.0,190.5,0.86,7,Sunday,4,2.6,-1.4,0,76.7,141.72,0.744,0.193,None
SHP101073,2025-08-17,Kolkata,North,Sea,QuickMove,Pharma,2031.0,49.1,0.34,8,Sunday,10,9.6,-0.4,0,71.1,60.01,1.222,0.03,None
SHP101074,2025-01-22,Hyderabad,East,Road,SwiftHaul,Electronics,1437.0,804.5,3.9,1,Wednesday,6,4.0,-2.0,0,91.0,1115.99,1.387,0.777,None
SHP101075,2025-03-27,Hyderabad,South,Road,TransCo,FMCG,1338.0,59.8,0.3,3,Thursday,5,3.6,-1.4,0,95.7,115.64,1.934,0.086,None
SHP101076,2025-03-13,Delhi,North,Road,SwiftHaul,Machinery,1192.0,30.1,0.19,3,Thursday,5,3.7,-1.3,0,95.8,64.17,2.132,0.054,None
SHP101077,2025-08-15,Hyderabad,South,Road,SwiftHaul,FMCG,652.0,157.6,0.67,8,Friday,4,2.2,-1.8,0,76.6,109.49,0.695,0.168,None
SHP101078,2025-01-12,Delhi,East,Road,BlueLine,FMCG,1013.0,61.9,0.29,1,Sunday,5,4.8,-0.2,0,86.1,91.45,1.477,0.09,None
SHP101079,2025-02-20,Hyderabad,East,Air,QuickMove,Pharma,898.0,171.9,1.08,2,Thursday,3,3.6,0.6,1,92.4,683.83,3.978,0.762,Last-mile failure
SHP101080,2025-11-22,Chennai,North,Road,SwiftHaul,Pharma,1190.0,383.4,2.49,11,Saturday,5,3.8,-1.2,0,79.8,444.19,1.159,0.373,None
SHP101081,2025-08-01,Delhi,South,Sea,TransCo,Machinery,1082.0,958.2,3.98,8,Friday,7,6.4,-0.6,0,74.9,338.77,0.354,0.313,None
SHP101082,2025-01-17,Chennai,South,Road,BlueLine,FMCG,370.0,700.4,5.43,1,Friday,3,2.2,-0.8,0,91.1,276.67,0.395,0.748,None
SHP101083,2025-07-10,Delhi,West,Road,QuickMove,Electronics,1438.0,154.8,0.89,7,Thursday,5,4.2,-0.8,0,79.7,233.88,1.511,0.163,None
SHP101084,2025-11-26,Mumbai,South,Air,SwiftHaul,FMCG,699.0,84.4,0.58,11,Wednesday,2,1.1,-0.9,0,81.3,287.08,3.401,0.411,None
SHP101085,2025-08-02,Chennai,West,Road,TransCo,FMCG,208.0,135.5,0.99,8,Saturday,2,2.8,0.8,1,78.7,51.28,0.378,0.247,Last-mile failure
SHP101086,2025-01-05,Delhi,Central,Air,BlueLine,Pharma,779.0,16.1,0.12,1,Sunday,3,1.6,-1.4,0,90.9,79.59,4.943,0.102,None
SHP101087,2025-12-08,Delhi,East,Air,BlueLine,Machinery,513.0,115.9,0.82,12,Monday,2,5.3,3.3,1,85.3,296.41,2.557,0.578,Carrier capacity
SHP101088,2025-01-10,Kolkata,South,Sea,QuickMove,Pharma,1525.0,553.9,3.45,1,Friday,8,6.9,-1.1,0,87.4,351.37,0.634,0.23,None
SHP101089,2025-10-11,Hyderabad,South,Rail,TransCo,FMCG,1824.0,377.6,1.73,10,Saturday,7,6.8,-0.2,0,76.5,369.1,0.977,0.202,None
SHP101090,2025-10-16,Delhi,South,Sea,TransCo,Apparel,329.0,497.9,2.68,10,Thursday,3,4.1,1.1,1,73.1,81.51,0.164,0.248,Carrier capacity
SHP101091,2025-04-27,Hyderabad,North,Sea,QuickMove,Electronics,844.0,217.4,0.9,4,Sunday,5,4.9,-0.1,0,91.2,99.16,0.456,0.117,None
SHP101092,2025-08-17,Mumbai,North,Rail,BlueLine,FMCG,1316.0,108.1,0.6,8,Sunday,5,4.8,-0.2,0,76.9,96.72,0.895,0.073,None
SHP101093,2025-11-15,Kolkata,South,Sea,BlueLine,FMCG,2989.0,327.2,1.67,11,Saturday,15,13.3,-1.7,0,77.5,364.16,1.113,0.122,None
SHP101094,2025-10-01,Mumbai,South,Sea,BlueLine,FMCG,871.0,375.0,2.49,10,Wednesday,6,5.3,-0.7,0,80.9,132.88,0.354,0.153,None
SHP101095,2025-03-14,Chennai,East,Road,BlueLine,FMCG,735.0,251.5,1.32,3,Friday,4,2.9,-1.1,0,96.8,204.2,0.812,0.278,None
SHP101096,2025-04-26,Delhi,South,Air,SwiftHaul,Machinery,331.0,46.3,0.2,4,Saturday,2,0.6,-1.4,0,93.8,102.45,2.213,0.31,None
SHP101097,2025-03-18,Hyderabad,East,Sea,QuickMove,FMCG,360.0,199.4,0.9,3,Tuesday,4,2.8,-1.2,0,89.4,61.24,0.307,0.17,None
SHP101098,2025-09-27,Mumbai,North,Road,SwiftHaul,Machinery,1066.0,222.3,1.43,9,Saturday,4,3.4,-0.6,0,71.2,191.19,0.86,0.179,None
SHP101099,2025-05-04,Hyderabad,Central,Sea,BlueLine,FMCG,2959.0,24.5,0.12,5,Sunday,14,13.1,-0.9,0,94.6,61.11,2.494,0.021,None
SHP101100,2025-05-24,Mumbai,West,Road,QuickMove,FMCG,1139.0,137.1,0.61,5,Saturday,4,3.9,-0.1,0,88.9,166.79,1.217,0.146,None
SHP101101,2025-11-19,Delhi,West,Rail,BlueLine,Pharma,1756.0,105.9,0.87,11,Wednesday,6,6.0,0.0,0,82.4,125.27,1.183,0.071,None
SHP101102,2025-07-11,Hyderabad,North,Air,BlueLine,Apparel,698.0,168.3,1.2,7,Friday,2,1.4,-0.6,0,79.0,366.39,2.177,0.525,None
SHP101103,2025-01-20,Chennai,East,Sea,TransCo,FMCG,589.0,70.0,0.44,1,Monday,5,3.5,-1.5,0,88.0,45.32,0.647,0.077,None
SHP101104,2025-03-17,Hyderabad,North,Air,SwiftHaul,Pharma,2159.0,254.9,2.05,3,Monday,3,2.4,-0.6,0,92.9,2246.86,8.815,1.041,None
SHP101105,2025-11-05,Hyderabad,North,Rail,TransCo,Machinery,1005.0,94.3,0.46,11,Wednesday,5,5.1,0.1,1,76.9,88.34,0.937,0.088,Weather
SHP101106,2025-09-18,Mumbai,South,Air,SwiftHaul,Pharma,739.0,311.5,2.05,9,Thursday,3,1.3,-1.7,0,76.1,854.26,2.742,1.156,None
SHP101107,2025-02-15,Mumbai,North,Road,TransCo,FMCG,565.0,403.8,2.98,2,Saturday,3,1.7,-1.3,0,94.4,243.77,0.604,0.431,None
SHP101108,2025-05-04,Delhi,West,Rail,SwiftHaul,FMCG,946.0,1146.6,5.08,5,Sunday,4,2.7,-1.3,0,88.9,694.21,0.605,0.734,None
SHP101109,2025-08-12,Chennai,East,Road,BlueLine,FMCG,1426.0,458.0,2.85,8,Tuesday,6,4.7,-1.3,0,72.2,521.95,1.14,0.366,None
SHP101110,2025-11-18,Hyderabad,East,Road,TransCo,Electronics,1312.0,154.9,1.15,11,Tuesday,5,5.0,0.0,0,79.5,186.04,1.201,0.142,None
SHP101111,2025-10-26,Kolkata,West,Road,TransCo,Apparel,844.0,80.4,0.36,10,Sunday,4,4.0,0.0,0,77.5,81.94,1.019,0.097,None
SHP101112,2025-02-20,Delhi,East,Rail,SwiftHaul,FMCG,1035.0,191.7,0.77,2,Thursday,5,3.3,-1.7,0,98.1,158.95,0.829,0.154,None
SHP101113,2025-01-14,Mumbai,North,Road,TransCo,Apparel,644.0,227.9,1.46,1,Tuesday,3,3.5,0.5,1,92.0,148.76,0.653,0.231,Last-mile failure
SHP101114,2025-11-09,Kolkata,West,Air,TransCo,Machinery,902.0,774.7,4.97,11,Sunday,3,4.3,1.3,1,80.4,2397.33,3.095,2.658,Warehouse congestion
SHP101115,2025-06-23,Kolkata,South,Air,QuickMove,FMCG,425.0,173.5,0.78,6,Monday,2,1.0,-1.0,0,83.3,303.01,1.746,0.713,None
SHP101116,2025-08-19,Mumbai,South,Rail,TransCo,FMCG,2064.0,210.6,1.14,8,Tuesday,8,7.8,-0.2,0,78.8,268.45,1.275,0.13,None
SHP101117,2025-03-15,Delhi,East,Road,QuickMove,Pharma,366.0,126.6,0.99,3,Saturday,3,2.0,-1.0,0,95.2,75.25,0.594,0.206,None
SHP101118,2025-11-19,Hyderabad,West,Air,BlueLine,Apparel,712.0,244.5,1.08,11,Wednesday,2,2.4,0.4,1,80.3,694.63,2.841,0.976,Carrier capacity
SHP101119,2025-06-24,Kolkata,West,Road,SwiftHaul,Apparel,706.0,262.0,1.22,6,Tuesday,3,2.0,-1.0,0,87.4,187.85,0.717,0.266,None
SHP101120,2025-05-06,Hyderabad,Central,Road,TransCo,Electronics,962.0,364.7,2.97,5,Tuesday,4,3.5,-0.5,0,89.5,376.75,1.033,0.392,None
SHP101121,2025-01-02,Chennai,South,Road,SwiftHaul,FMCG,1326.0,363.7,1.65,1,Thursday,5,4.4,-0.6,0,91.8,483.36,1.329,0.365,None
SHP101122,2025-04-17,Kolkata,East,Road,BlueLine,Apparel,428.0,129.1,0.85,4,Thursday,3,2.1,-0.9,0,91.3,83.51,0.647,0.195,None
SHP101123,2025-03-25,Chennai,North,Air,SwiftHaul,Electronics,1397.0,47.0,0.33,3,Tuesday,3,2.9,-0.1,0,93.6,309.44,6.584,0.222,None
SHP101124,2025-10-30,Hyderabad,East,Road,SwiftHaul,FMCG,426.0,236.5,1.64,10,Thursday,3,2.6,-0.4,0,77.3,106.61,0.451,0.25,None
SHP101125,2025-12-25,Kolkata,West,Road,SwiftHaul,Electronics,1384.0,111.3,0.64,12,Thursday,5,4.3,-0.7,0,84.9,166.6,1.497,0.12,None
SHP101126,2025-05-22,Chennai,South,Road,BlueLine,Apparel,1325.0,81.5,0.59,5,Thursday,5,3.8,-1.2,0,89.5,122.83,1.507,0.093,None
SHP101127,2025-11-05,Delhi,East,Rail,SwiftHaul,Pharma,863.0,755.4,3.11,11,Wednesday,5,3.9,-1.1,0,77.6,348.82,0.462,0.404,None
SHP101128,2025-05-25,Mumbai,South,Sea,QuickMove,Apparel,1112.0,44.6,0.2,5,Sunday,7,5.4,-1.6,0,91.9,50.87,1.141,0.046,None
SHP101129,2025-10-13,Mumbai,Central,Road,TransCo,Pharma,281.0,78.9,0.32,10,Monday,3,3.1,0.1,1,73.0,46.11,0.584,0.164,Warehouse congestion
SHP101130,2025-01-25,Delhi,South,Air,SwiftHaul,Pharma,376.0,269.1,1.39,1,Saturday,2,0.5,-1.5,0,91.8,420.03,1.561,1.117,None
SHP101131,2025-08-31,Hyderabad,North,Rail,TransCo,FMCG,579.0,1024.4,5.94,8,Sunday,4,4.0,0.0,0,76.4,334.76,0.327,0.578,None
SHP101132,2025-11-11,Chennai,North,Road,BlueLine,Machinery,899.0,207.5,0.93,11,Tuesday,4,4.4,0.4,1,80.1,187.82,0.905,0.209,Customs/Docs
SHP101133,2025-11-16,Hyderabad,West,Road,SwiftHaul,FMCG,1126.0,157.4,1.15,11,Sunday,4,5.8,1.8,1,79.9,168.43,1.07,0.15,Warehouse congestion
SHP101134,2025-07-11,Kolkata,North,Road,BlueLine,Electronics,486.0,572.6,2.93,7,Friday,3,2.5,-0.5,0,78.3,275.73,0.482,0.567,None
SHP101135,2025-06-21,Hyderabad,West,Rail,BlueLine,Electronics,1566.0,204.6,1.49,6,Saturday,6,3.6,-2.4,0,84.9,226.73,1.108,0.145,None
SHP101136,2025-01-02,Kolkata,South,Rail,SwiftHaul,FMCG,1336.0,221.8,0.91,1,Thursday,6,4.0,-2.0,0,90.7,204.57,0.922,0.153,None
SHP101137,2025-11-19,Delhi,West,Rail,BlueLine,Pharma,1756.0,105.9,0.87,11,Wednesday,6,7.0,1.0,1,80.8,120.39,1.137,0.069,Last-mile failure
SHP101138,2025-03-20,Kolkata,East,Sea,TransCo,FMCG,889.0,217.2,1.12,3,Thursday,6,6.1,0.1,1,,112.41,0.518,0.126,Warehouse congestion
SHP101139,2025-10-18,Mumbai,South,Road,QuickMove,Electronics,1692.0,170.2,0.9,10,Saturday,6,5.3,-0.7,0,76.1,258.93,1.521,0.153,None
SHP101140,2025-05-28,Chennai,South,Sea,TransCo,Electronics,1138.0,598.7,2.61,5,Wednesday,7,6.9,-0.1,0,89.8,266.97,0.446,0.235,None
SHP101141,2025-07-17,Delhi,North,Air,TransCo,Electronics,1792.0,780.0,3.68,7,Thursday,3,1.7,-1.3,0,79.5,4296.45,5.508,2.398,None
SHP101142,2025-10-20,Delhi,West,Road,TransCo,FMCG,1499.0,150.1,0.6,10,Monday,5,5.0,0.0,0,72.8,176.47,1.176,0.118,None
SHP101143,2025-02-04,Kolkata,Central,Road,BlueLine,FMCG,456.0,397.7,2.43,2,Tuesday,3,2.3,-0.7,0,92.6,213.4,0.537,0.468,None
SHP101144,2025-01-17,Delhi,South,Road,TransCo,Machinery,1470.0,161.4,0.72,1,Friday,5,6.4,1.4,1,87.9,264.07,1.636,0.18,Warehouse congestion
SHP101145,2025-11-06,Chennai,South,Road,TransCo,Apparel,925.0,36.1,0.16,11,Thursday,4,4.0,0.0,0,79.7,54.55,1.511,0.059,None
SHP101146,2025-10-28,Delhi,South,Road,TransCo,Electronics,863.0,458.5,2.48,10,Tuesday,4,4.4,0.4,1,74.5,293.9,0.641,0.341,Warehouse congestion
SHP101147,2025-03-30,Delhi,Central,Road,QuickMove,Apparel,645.0,287.2,1.57,3,Sunday,3,1.6,-1.4,0,95.7,210.55,0.733,0.326,None
SHP101148,2025-12-14,Hyderabad,West,Rail,QuickMove,FMCG,670.0,110.3,0.45,12,Sunday,4,3.5,-0.5,0,87.4,73.2,0.664,0.109,None
SHP101149,2025-04-28,Delhi,West,Road,QuickMove,Machinery,1396.0,205.4,1.21,4,Monday,5,2.9,-2.1,0,93.0,269.51,1.312,0.193,None
SHP101150,2025-03-11,Delhi,North,Road,BlueLine,Apparel,321.0,142.5,1.01,3,Tuesday,3,1.5,-1.5,0,95.5,70.19,0.493,0.219,None
SHP101151,2025-05-01,Kolkata,Central,Road,SwiftHaul,Pharma,1054.0,322.0,2.47,5,Thursday,4,2.3,-1.7,0,89.1,316.34,0.982,0.3,None
SHP101152,2025-05-12,Delhi,North,Road,TransCo,Pharma,1511.0,48.0,0.22,5,Monday,5,5.1,0.1,1,,92.88,1.935,0.061,Last-mile failure
SHP101153,2025-07-20,Kolkata,Central,Rail,SwiftHaul,Apparel,747.0,135.6,0.66,7,Sunday,4,3.0,-1.0,0,82.7,87.23,0.643,0.117,None
SHP101154,2025-03-31,Delhi,South,Air,BlueLine,FMCG,1077.0,74.1,0.44,3,Monday,3,1.1,-1.9,0,91.9,296.88,4.006,0.276,None
SHP101155,2025-11-09,Delhi,West,Road,QuickMove,Machinery,760.0,294.4,1.88,11,Sunday,4,3.8,-0.2,0,78.7,231.29,0.786,0.304,None
SHP101156,2025-01-06,Kolkata,North,Air,SwiftHaul,Machinery,1038.0,117.3,0.55,1,Monday,3,0.5,-2.5,0,90.2,532.76,4.542,0.513,None
SHP101157,2025-02-25,Kolkata,South,Air,QuickMove,Machinery,1011.0,85.9,0.43,2,Tuesday,3,1.2,-1.8,0,93.3,395.44,4.603,0.391,None
SHP101158,2025-11-01,Chennai,Central,Rail,SwiftHaul,Apparel,1017.0,109.4,0.64,11,Saturday,5,5.0,0.0,0,79.2,85.81,0.784,0.084,None
SHP101159,2025-03-14,Chennai,South,Air,SwiftHaul,FMCG,2095.0,176.1,1.03,3,Friday,3,3.8,0.8,1,92.6,1457.19,8.275,0.696,Customs/Docs
SHP101160,2025-09-20,Chennai,North,Road,SwiftHaul,Apparel,526.0,2130.1,14.13,9,Saturday,3,1.4,-1.6,0,75.9,826.18,0.388,1.571,None
SHP101161,2025-03-09,Mumbai,East,Sea,SwiftHaul,FMCG,349.0,252.8,1.24,3,Sunday,4,2.7,-1.3,0,94.8,66.52,0.263,0.191,None
SHP101162,2025-04-26,Mumbai,West,Sea,TransCo,Pharma,1528.0,101.1,0.48,4,Saturday,8,7.0,-1.0,0,94.9,96.82,0.958,0.063,None
SHP101163,2025-03-10,Chennai,East,Rail,QuickMove,FMCG,648.0,153.1,0.89,3,Monday,4,3.6,-0.4,0,97.1,101.63,0.664,0.157,None
SHP101164,2025-02-22,Hyderabad,South,Sea,QuickMove,FMCG,882.0,364.8,2.21,2,Saturday,6,2.9,-3.1,0,93.6,149.57,0.41,0.17,None
SHP101165,2025-04-11,Delhi,South,Road,TransCo,FMCG,2201.0,396.7,3.12,4,Friday,7,6.6,-0.4,0,96.3,847.35,2.136,0.385,None
SHP101166,2025-11-16,Kolkata,North,Road,QuickMove,FMCG,1393.0,509.7,2.87,11,Sunday,5,4.7,-0.3,0,82.1,619.36,1.215,0.445,None
SHP101167,2025-05-25,Delhi,Central,Road,QuickMove,Apparel,2600.0,129.5,0.6,5,Sunday,8,7.5,-0.5,0,89.1,335.14,2.588,0.129,None
SHP101168,2025-04-13,Mumbai,West,Rail,TransCo,Electronics,551.0,326.1,1.43,4,Sunday,3,3.5,0.5,1,96.6,139.52,0.428,0.253,Warehouse congestion
SHP101169,2025-10-31,Mumbai,Central,Sea,SwiftHaul,Machinery,1845.0,290.0,1.45,10,Friday,9,10.5,1.5,1,77.7,209.29,0.722,0.113,Warehouse congestion
SHP101170,2025-02-15,Mumbai,South,Road,BlueLine,FMCG,267.0,23.2,0.1,2,Saturday,3,3.0,0.0,0,96.2,35.89,1.547,0.134,None
SHP101171,2025-04-23,Delhi,North,Road,BlueLine,Apparel,747.0,57.7,0.39,4,Wednesday,4,3.1,-0.9,0,90.0,65.1,1.128,0.087,None
SHP101172,2025-11-27,Kolkata,North,Air,SwiftHaul,Electronics,1973.0,81.1,0.56,11,Thursday,3,3.1,0.1,1,81.3,565.51,6.973,0.287,Warehouse congestion
SHP101173,2025-10-31,Chennai,South,Road,TransCo,FMCG,1372.0,332.2,1.86,10,Friday,5,5.9,0.9,1,77.0,330.16,0.994,0.241,Warehouse congestion
SHP101174,2025-12-16,Mumbai,North,Road,SwiftHaul,Apparel,1411.0,347.3,1.51,12,Tuesday,5,4.4,-0.6,0,83.4,474.55,1.366,0.336,None
SHP101175,2025-08-27,Mumbai,West,Road,TransCo,FMCG,793.0,486.8,2.63,8,Wednesday,4,2.7,-1.3,0,73.3,323.79,0.665,0.408,None
SHP101176,2025-11-16,Hyderabad,Central,Road,QuickMove,Electronics,1128.0,141.9,0.68,11,Sunday,5,4.6,-0.4,0,79.7,143.72,1.013,0.127,None
SHP101177,2025-11-10,Chennai,North,Rail,TransCo,Machinery,1235.0,11.8,0.06,11,Monday,5,7.7,2.7,1,80.1,37.08,3.142,0.03,Carrier capacity
SHP101178,2025-03-26,Delhi,South,Air,TransCo,FMCG,1004.0,76.4,0.54,3,Wednesday,3,2.7,-0.3,0,93.8,317.21,4.152,0.316,None
SHP101179,2025-06-13,Mumbai,North,Road,BlueLine,Electronics,1397.0,34.7,0.17,6,Friday,5,4.4,-0.6,0,83.5,67.42,1.943,0.048,None
SHP101180,2025-09-18,Mumbai,South,Rail,BlueLine,Apparel,789.0,73.4,0.43,9,Thursday,4,3.7,-0.3,0,73.9,59.31,0.808,0.075,None
SHP101181,2025-10-30,Chennai,East,Road,TransCo,Pharma,744.0,476.0,2.74,10,Thursday,4,4.2,0.2,1,75.0,363.96,0.765,0.489,Carrier capacity
SHP101182,2025-08-18,Delhi,North,Road,TransCo,FMCG,1332.0,689.4,5.4,8,Monday,5,4.5,-0.5,0,78.2,722.82,1.048,0.543,None
SHP101183,2025-04-08,Mumbai,North,Road,QuickMove,Apparel,249.0,65.3,0.33,4,Tuesday,3,2.6,-0.4,0,92.1,45.53,0.697,0.183,None
SHP101184,2025-08-12,Mumbai,Central,Road,SwiftHaul,FMCG,2169.0,144.0,1.08,8,Tuesday,7,5.4,-1.6,0,73.0,255.98,1.778,0.118,None
SHP101185,2025-07-31,Chennai,South,Road,SwiftHaul,Machinery,1029.0,168.7,1.39,7,Thursday,4,4.4,0.4,1,81.6,175.44,1.04,0.17,Weather
SHP101186,2025-11-30,Chennai,West,Road,QuickMove,Electronics,671.0,59.4,0.38,11,Sunday,3,2.0,-1.0,0,81.8,61.63,1.038,0.092,None
SHP101187,2025-07-07,Hyderabad,West,Rail,BlueLine,Pharma,632.0,209.4,1.18,7,Monday,4,2.2,-1.8,0,79.8,106.29,0.508,0.168,None
SHP101188,2025-03-31,Delhi,West,Road,SwiftHaul,Pharma,1078.0,115.2,0.89,3,Monday,4,3.6,-0.4,0,92.7,149.76,1.3,0.139,None
SHP101189,2025-08-22,Kolkata,West,Road,QuickMove,Electronics,1321.0,132.6,0.79,8,Friday,5,2.9,-2.1,0,72.5,155.92,1.176,0.118,None
SHP101190,2025-11-10,Delhi,North,Air,SwiftHaul,Apparel,451.0,130.3,0.76,11,Monday,2,1.8,-0.2,0,80.1,249.93,1.918,0.554,None
SHP101191,2025-10-07,Delhi,East,Road,SwiftHaul,FMCG,959.0,372.2,1.76,10,Tuesday,4,5.0,1.0,1,77.4,333.82,0.897,0.348,Warehouse congestion
SHP101192,2025-05-15,Delhi,South,Road,BlueLine,Pharma,1118.0,421.4,2.99,5,Thursday,5,3.4,-1.6,0,88.4,425.34,1.009,0.38,None
SHP101193,2025-10-11,Delhi,East,Road,BlueLine,FMCG,1408.0,73.1,0.41,10,Saturday,6,4.6,-1.4,0,77.9,115.11,1.575,0.082,None
SHP101194,2025-11-29,Hyderabad,South,Sea,SwiftHaul,Pharma,432.0,143.0,0.66,11,Saturday,4,3.4,-0.6,0,77.1,52.82,0.369,0.122,None
SHP101195,2025-11-01,Mumbai,East,Road,TransCo,FMCG,579.0,182.0,1.34,11,Saturday,3,4.9,1.9,1,80.1,119.57,0.657,0.207,Customs/Docs
SHP101196,2025-11-24,Delhi,East,Road,BlueLine,Apparel,1443.0,634.0,2.74,11,Monday,6,6.9,0.9,1,75.9,780.41,1.231,0.541,Carrier capacity
SHP101197,2025-02-17,Chennai,West,Sea,SwiftHaul,Apparel,401.0,90.5,0.44,2,Monday,4,2.6,-1.4,0,91.8,44.79,0.495,0.112,None
SHP101198,2025-12-19,Chennai,West,Sea,BlueLine,Electronics,1204.0,1554.4,10.5,12,Friday,7,7.2,0.2,1,81.5,732.32,0.471,0.608,Carrier capacity
SHP101199,2025-12-10,Hyderabad,North,Air,SwiftHaul,FMCG,1084.0,364.7,1.62,12,Wednesday,3,1.6,-1.4,0,86.1,1728.01,4.738,1.594,None
SHP101200,2025-08-09,Mumbai,West,Road,QuickMove,Machinery,428.0,323.6,1.5,8,Saturday,3,1.2,-1.8,0,77.0,127.32,0.393,0.297,None
SHP101201,2025-08-09,Mumbai,West,Road,SwiftHaul,FMCG,899.0,490.3,2.41,8,Saturday,4,1.8,-2.2,0,81.2,385.31,0.786,0.429,None
SHP101202,2025-06-09,Chennai,North,Road,TransCo,FMCG,761.0,187.6,1.04,6,Monday,4,4.4,0.4,1,85.4,144.38,0.77,0.19,Customs/Docs
SHP101203,2025-06-23,Kolkata,South,Air,QuickMove,FMCG,425.0,173.5,0.78,6,Monday,2,1.9,-0.1,0,84.1,294.44,1.697,0.693,None
SHP101204,2025-08-09,Delhi,North,Sea,QuickMove,FMCG,1068.0,374.7,2.08,8,Saturday,6,5.8,-0.2,0,74.3,167.36,0.447,0.157,None
SHP101205,2025-04-22,Kolkata,South,Road,SwiftHaul,Apparel,1406.0,146.2,1.0,4,Tuesday,5,2.6,-2.4,0,95.6,201.37,1.377,0.143,None
SHP101206,2025-11-15,Hyderabad,North,Road,SwiftHaul,Apparel,1492.0,244.0,1.0,11,Saturday,5,5.9,0.9,1,85.3,312.66,1.281,0.21,Warehouse congestion
SHP101207,2025-07-29,Mumbai,Central,Road,QuickMove,Electronics,3398.0,498.3,3.31,7,Tuesday,10,9.2,-0.8,0,82.0,1553.19,3.117,0.457,None
SHP101208,2025-11-12,Kolkata,West,Sea,QuickMove,FMCG,1897.0,51.7,0.26,11,Wednesday,9,8.6,-0.4,0,80.4,61.1,1.182,0.032,None
SHP101209,2025-11-12,Hyderabad,South,Air,TransCo,FMCG,1238.0,,1.13,11,Wednesday,3,4.4,1.4,1,80.1,1193.43,5.083,0.964,Warehouse congestion
SHP101210,2025-11-26,Hyderabad,West,Air,TransCo,FMCG,808.0,150.5,0.79,11,Wednesday,3,4.3,1.3,1,76.7,441.22,2.932,0.546,Warehouse congestion
SHP101211,2025-02-12,Delhi,East,Sea,BlueLine,Electronics,970.0,66.2,0.31,2,Wednesday,6,7.7,1.7,1,95.4,57.69,0.871,0.059,Last-mile failure
SHP101212,2025-05-03,Kolkata,South,Road,QuickMove,FMCG,846.0,780.7,3.59,5,Saturday,4,3.1,-0.9,0,88.6,587.17,0.752,0.694,None
SHP101213,2025-06-22,Mumbai,North,Sea,TransCo,FMCG,668.0,129.0,0.63,6,Sunday,5,5.1,0.1,1,82.6,60.81,0.471,0.091,Warehouse congestion
SHP101214,2025-09-03,Mumbai,South,Road,QuickMove,Machinery,2419.0,368.1,1.98,9,Wednesday,8,5.9,-2.1,0,74.6,711.67,1.933,0.294,None
SHP101215,2025-02-04,Mumbai,South,Road,TransCo,FMCG,1440.0,149.1,0.64,2,Tuesday,5,6.7,1.7,1,92.1,225.72,1.514,0.157,Weather
SHP101216,2025-02-24,Chennai,East,Sea,QuickMove,Electronics,578.0,39.6,0.31,2,Monday,5,3.1,-1.9,0,91.8,38.88,0.982,0.067,None
SHP101217,2025-02-16,Delhi,North,Road,SwiftHaul,Pharma,598.0,494.1,2.17,2,Sunday,3,2.2,-0.8,0,92.7,317.39,0.642,0.531,None
SHP101218,2025-11-21,Mumbai,North,Road,SwiftHaul,Machinery,411.0,33.2,0.19,11,Friday,3,1.5,-1.5,0,76.2,41.43,1.248,0.101,None
SHP101219,2025-05-02,Hyderabad,South,Rail,SwiftHaul,Apparel,994.0,476.7,2.0,5,Friday,5,4.7,-0.3,0,89.5,278.19,0.584,0.28,None
SHP101220,2025-12-13,Kolkata,South,Air,BlueLine,Apparel,1182.0,264.3,1.64,12,Saturday,3,2.3,-0.7,0,85.5,1435.39,5.431,1.214,None
SHP101221,2025-04-23,Delhi,North,Road,BlueLine,Apparel,747.0,57.7,0.39,4,Wednesday,4,2.4,-1.6,0,91.7,70.43,1.221,0.094,None
SHP101222,2025-12-10,Chennai,East,Sea,TransCo,FMCG,789.0,117.1,0.67,12,Wednesday,6,6.7,0.7,1,87.7,68.25,0.583,0.087,Weather
SHP101223,2025-12-30,Chennai,East,Sea,TransCo,Electronics,689.0,468.9,3.37,12,Tuesday,5,7.2,2.2,1,83.9,167.94,0.358,0.244,Carrier capacity
SHP101224,2025-09-27,Mumbai,Central,Air,SwiftHaul,Apparel,1050.0,68.0,0.34,9,Saturday,3,2.9,-0.1,0,72.8,222.06,3.266,0.211,None
SHP101225,2025-11-24,Mumbai,Central,Air,BlueLine,Pharma,843.0,264.2,1.75,11,Monday,3,3.0,0.0,0,81.6,735.5,2.784,0.872,None
SHP101226,2025-09-09,Hyderabad,East,Sea,TransCo,Machinery,1431.0,78.9,0.48,9,Tuesday,9,8.8,-0.2,0,75.1,62.3,0.79,0.044,None
SHP101227,2025-08-09,Kolkata,West,Sea,QuickMove,FMCG,1073.0,548.7,3.05,8,Saturday,6,5.9,-0.1,0,79.0,214.95,0.392,0.2,None
SHP101228,2025-09-17,Hyderabad,Central,Rail,QuickMove,Electronics,1901.0,79.1,0.58,9,Wednesday,7,7.0,0.0,0,78.2,112.07,1.417,0.059,None
SHP101229,2025-12-25,Chennai,South,Road,SwiftHaul,Electronics,946.0,177.7,1.21,12,Thursday,4,4.0,0.0,0,82.2,155.61,0.876,0.164,None
SHP101230,2025-12-08,Delhi,South,Road,TransCo,Apparel,857.0,934.7,5.35,12,Monday,4,5.0,1.0,1,89.5,698.38,0.747,0.815,Carrier capacity
SHP101231,2025-01-05,Kolkata,West,Rail,BlueLine,Apparel,505.0,85.3,0.59,1,Sunday,3,2.8,-0.2,0,85.3,52.85,0.62,0.105,None
SHP101232,2025-05-25,Chennai,Central,Rail,BlueLine,Electronics,1973.0,193.6,0.98,5,Sunday,7,5.4,-1.6,0,87.5,250.01,1.291,0.127,None
SHP101233,2025-03-27,Hyderabad,West,Road,BlueLine,Pharma,1817.0,147.3,0.93,3,Thursday,6,5.8,-0.2,0,92.3,271.29,1.842,0.149,None
SHP101234,2025-04-14,Kolkata,Central,Sea,SwiftHaul,FMCG,762.0,468.3,2.66,4,Monday,5,4.6,-0.4,0,96.4,172.82,0.369,0.227,None
SHP101235,2025-03-25,Mumbai,South,Road,BlueLine,FMCG,933.0,118.6,0.64,3,Tuesday,4,4.4,0.4,1,96.0,128.02,1.079,0.137,Warehouse congestion
SHP101236,2025-04-18,Chennai,North,Road,BlueLine,Electronics,667.0,1943.5,8.82,4,Friday,3,2.1,-0.9,0,94.2,1220.67,0.628,1.83,None
SHP101237,2025-01-15,Kolkata,West,Rail,SwiftHaul,FMCG,1081.0,216.7,1.56,1,Wednesday,5,3.0,-2.0,0,85.2,162.03,0.748,0.15,None
SHP101238,2025-03-24,Chennai,West,Sea,BlueLine,Pharma,584.0,237.0,1.03,3,Monday,4,3.6,-0.4,0,95.0,94.45,0.399,0.162,None
SHP101239,2025-09-28,Hyderabad,West,Air,QuickMove,Machinery,1333.0,143.9,0.89,9,Sunday,3,1.4,-1.6,0,79.9,651.65,4.528,0.489,None
SHP101240,2025-09-29,Delhi,West,Sea,SwiftHaul,FMCG,1179.0,2108.0,15.74,9,Monday,6,4.5,-1.5,0,76.0,854.11,0.405,0.724,None
SHP101241,2025-10-02,Kolkata,West,Sea,SwiftHaul,Machinery,664.0,110.6,0.63,10,Thursday,5,2.9,-2.1,0,75.7,50.5,0.457,0.076,None
SHP101242,2025-07-13,Mumbai,East,Road,BlueLine,Electronics,736.0,190.5,0.86,7,Sunday,4,4.3,0.3,1,82.2,158.06,0.83,0.215,Last-mile failure
SHP101243,2025-10-29,Hyderabad,South,Rail,SwiftHaul,FMCG,1018.0,178.9,0.78,10,Wednesday,5,3.4,-1.6,0,76.6,122.61,0.685,0.12,None
SHP101244,2025-10-15,Chennai,Central,Rail,TransCo,Apparel,584.0,218.5,0.91,10,Wednesday,4,3.4,-0.6,0,75.3,98.08,0.449,0.168,None
SHP101245,2025-05-12,Delhi,South,Road,TransCo,FMCG,1070.0,187.0,0.98,5,Monday,4,4.2,0.2,1,88.6,225.88,1.208,0.211,Weather
SHP101246,2025-01-17,Hyderabad,East,Road,TransCo,Apparel,1572.0,401.4,1.97,1,Friday,6,5.0,-1.0,0,91.1,638.45,1.591,0.406,None
SHP101247,2025-07-02,Chennai,East,Air,SwiftHaul,Apparel,1388.0,480.9,3.46,7,Wednesday,3,1.9,-1.1,0,79.4,2462.0,5.12,1.774,None
SHP101248,2025-01-15,Hyderabad,East,Road,BlueLine,Apparel,1014.0,237.7,1.43,1,Wednesday,5,2.3,-2.7,0,90.3,218.36,0.919,0.215,None
SHP101249,2025-01-05,Mumbai,East,Sea,BlueLine,FMCG,494.0,86.7,0.52,1,Sunday,4,2.7,-1.3,0,85.4,46.38,0.535,0.094,None
SHP101250,2025-01-08,Mumbai,North,Sea,SwiftHaul,Machinery,632.0,152.7,1.06,1,Wednesday,5,3.0,-2.0,0,89.8,65.41,0.428,0.103,None
SHP101251,2025-04-28,Mumbai,West,Road,SwiftHaul,FMCG,412.0,159.3,1.11,4,Monday,3,2.3,-0.7,0,91.5,84.29,0.529,0.205,None
SHP101252,2025-04-11,Chennai,North,Sea,SwiftHaul,Apparel,2361.0,82.2,0.33,4,Friday,11,10.5,-0.5,0,95.7,99.8,1.214,0.042,None
SHP101253,2025-07-07,Hyderabad,South,Rail,SwiftHaul,FMCG,488.0,152.7,0.84,7,Monday,3,4.9,1.9,1,77.9,68.27,0.447,0.14,Customs/Docs
SHP101254,2025-02-08,Kolkata,East,Rail,SwiftHaul,Pharma,1376.0,482.0,2.63,2,Saturday,6,3.9,-2.1,0,92.1,417.0,0.865,0.303,None
SHP101255,2025-03-29,Hyderabad,West,Road,TransCo,FMCG,872.0,148.1,1.09,3,Saturday,4,4.6,0.6,1,92.3,140.74,0.95,0.161,Last-mile failure
SHP101256,2025-04-16,Kolkata,Central,Road,QuickMove,Pharma,799.0,114.5,0.6,4,Wednesday,4,3.5,-0.5,0,95.3,109.99,0.961,0.138,None
SHP101257,2025-01-07,Delhi,West,Road,TransCo,Electronics,549.0,95.8,0.51,1,Tuesday,3,2.1,-0.9,0,91.0,82.5,0.861,0.15,None
SHP101258,2025-12-30,Hyderabad,Central,Road,QuickMove,Electronics,1296.0,72.3,0.41,12,Tuesday,5,5.7,0.7,1,82.8,100.79,1.394,0.078,Carrier capacity
SHP101259,2025-10-11,Delhi,East,Road,BlueLine,FMCG,1408.0,73.1,0.41,10,Saturday,6,6.2,0.2,1,74.5,105.72,1.446,0.075,Carrier capacity
SHP101260,2025-02-23,Hyderabad,East,Road,BlueLine,FMCG,800.0,107.8,0.73,2,Sunday,4,3.0,-1.0,0,95.2,112.59,1.044,0.141,None
SHP101261,2025-09-09,Delhi,West,Road,SwiftHaul,Apparel,1309.0,54.3,0.4,9,Tuesday,5,5.0,0.0,0,79.1,84.68,1.559,0.065,None
SHP101262,2025-12-11,Hyderabad,South,Rail,SwiftHaul,Machinery,1393.0,298.9,1.48,12,Thursday,6,5.8,-0.2,0,85.9,303.44,1.015,0.218,None
SHP101263,2025-12-15,Delhi,West,Rail,QuickMove,Pharma,1299.0,530.8,2.99,12,Monday,5,4.1,-0.9,0,87.3,363.38,0.685,0.28,None
SHP101264,2025-10-09,Mumbai,West,Road,TransCo,Apparel,998.0,1908.3,10.28,10,Thursday,4,5.6,1.6,1,75.8,1488.76,0.78,1.492,Weather
SHP101265,2025-07-07,Hyderabad,South,Road,BlueLine,Apparel,558.0,80.3,0.52,7,Monday,3,2.2,-0.8,0,77.9,67.61,0.842,0.121,None
SHP101266,2025-01-04,Kolkata,North,Sea,SwiftHaul,Pharma,1626.0,105.4,0.67,1,Saturday,9,8.5,-0.5,0,89.7,99.68,0.946,0.061,None
SHP101267,2025-10-02,Hyderabad,West,Road,QuickMove,Pharma,891.0,293.0,1.85,10,Thursday,4,3.0,-1.0,0,78.5,268.32,0.916,0.301,None
SHP101268,2025-04-23,Hyderabad,North,Sea,QuickMove,Apparel,778.0,551.5,2.77,4,Wednesday,5,4.7,-0.3,0,92.5,225.04,0.408,0.289,None
SHP101269,2025-05-30,Mumbai,West,Road,TransCo,Apparel,472.0,297.8,2.27,5,Friday,3,3.1,0.1,1,89.3,147.54,0.495,0.313,Last-mile failure
SHP101270,2025-05-29,Chennai,East,Rail,QuickMove,Pharma,775.0,135.7,0.61,5,Thursday,4,4.0,0.0,0,94.4,96.55,0.711,0.125,None
SHP101271,2025-05-29,Kolkata,Central,Road,QuickMove,Pharma,1484.0,114.4,0.71,5,Thursday,5,5.1,0.1,1,93.5,198.47,1.735,0.134,Customs/Docs
SHP101272,2025-04-05,Kolkata,South,Road,SwiftHaul,Apparel,837.0,81.5,0.6,4,Saturday,4,3.2,-0.8,0,93.9,93.9,1.152,0.112,None
SHP101273,2025-01-24,Chennai,West,Rail,QuickMove,FMCG,1736.0,120.0,0.97,1,Friday,6,4.7,-1.3,0,92.4,156.19,1.302,0.09,None
SHP101274,2025-05-27,Delhi,North,Road,BlueLine,Electronics,957.0,120.9,0.94,5,Tuesday,4,3.2,-0.8,0,87.6,147.73,1.222,0.154,None
SHP101275,2025-10-20,Chennai,West,Rail,QuickMove,Pharma,1252.0,118.8,0.7,10,Monday,5,5.7,0.7,1,77.7,112.55,0.947,0.09,Customs/Docs
SHP101276,2025-11-09,Kolkata,West,Air,TransCo,Machinery,902.0,774.7,4.97,11,Sunday,3,5.8,2.8,1,80.2,2910.71,3.757,3.227,Carrier capacity
SHP101277,2025-11-11,Chennai,North,Road,BlueLine,Machinery,899.0,207.5,0.93,11,Tuesday,4,4.2,0.2,1,80.8,179.65,0.866,0.2,Carrier capacity
SHP101278,2025-12-15,Mumbai,South,Road,QuickMove,Machinery,1257.0,43.8,0.21,12,Monday,5,4.7,-0.3,0,82.3,76.18,1.739,0.061,None
SHP101279,2025-03-27,Kolkata,East,Road,QuickMove,Apparel,1509.0,654.5,3.36,3,Thursday,6,5.2,-0.8,0,91.9,982.84,1.502,0.651,None
SHP101280,2025-03-09,Hyderabad,East,Road,SwiftHaul,Pharma,1213.0,31.8,0.19,3,Sunday,5,4.0,-1.0,0,93.9,69.07,2.172,0.057,None
SHP101281,2025-01-09,Delhi,West,Sea,SwiftHaul,FMCG,510.0,94.6,0.39,1,Thursday,4,1.9,-2.1,0,87.3,48.1,0.508,0.094,None
SHP101282,2025-02-04,Kolkata,Central,Road,BlueLine,FMCG,456.0,397.7,2.43,2,Tuesday,3,1.8,-1.2,0,91.8,184.1,0.463,0.404,None
SHP101283,2025-11-10,Kolkata,South,Road,TransCo,Electronics,1233.0,,1.08,11,Monday,5,8.0,3.0,1,85.2,215.25,1.149,0.175,Warehouse congestion
SHP101284,2025-10-12,Delhi,South,Road,SwiftHaul,Pharma,1262.0,156.3,0.89,10,Sunday,5,2.9,-2.1,0,78.8,185.05,1.184,0.147,None
SHP101285,2025-09-02,Kolkata,West,Road,SwiftHaul,Pharma,673.0,49.0,0.26,9,Tuesday,3,1.8,-1.2,0,75.7,51.52,1.051,0.077,None
SHP101286,2025-11-12,Hyderabad,South,Rail,SwiftHaul,Apparel,642.0,424.4,2.02,11,Wednesday,4,3.9,-0.1,0,80.9,182.43,0.43,0.284,None
SHP101287,2025-02-04,Delhi,South,Sea,BlueLine,Pharma,1172.0,521.6,2.52,2,Tuesday,7,7.0,0.0,0,94.5,241.47,0.463,0.206,None
SHP101288,2025-10-06,Hyderabad,East,Rail,TransCo,FMCG,1511.0,934.9,7.46,10,Monday,7,6.2,-0.8,0,76.0,670.18,0.717,0.444,None
SHP101289,2025-10-04,Mumbai,West,Sea,QuickMove,Machinery,580.0,782.4,3.8,10,Saturday,4,3.1,-0.9,0,77.0,198.99,0.254,0.343,None
SHP101290,2025-02-27,Chennai,West,Road,BlueLine,Machinery,1327.0,174.2,0.74,2,Thursday,5,4.3,-0.7,0,95.6,250.55,1.438,0.189,None
SHP101291,2025-01-24,Delhi,South,Road,BlueLine,Apparel,1131.0,96.1,0.79,1,Friday,5,3.4,-1.6,0,89.5,131.33,1.367,0.116,None
SHP101292,2025-08-01,Kolkata,West,Road,SwiftHaul,Electronics,1956.0,315.3,1.48,8,Friday,6,4.4,-1.6,0,79.2,527.17,1.672,0.27,None
SHP101293,2025-12-30,Chennai,East,Sea,TransCo,Electronics,689.0,468.9,3.37,12,Tuesday,5,6.4,1.4,1,84.5,173.26,0.37,0.251,Carrier capacity
SHP101294,2025-02-28,Kolkata,West,Road,QuickMove,Pharma,803.0,129.8,0.83,2,Friday,4,3.3,-0.7,0,91.7,134.0,1.032,0.167,None
SHP101295,2025-05-29,Mumbai,Central,Road,TransCo,FMCG,1016.0,60.2,0.29,5,Thursday,4,3.8,-0.2,0,90.5,92.84,1.542,0.091,None
SHP101296,2025-02-28,Chennai,North,Rail,TransCo,Pharma,1006.0,155.1,0.75,2,Friday,5,3.4,-1.6,0,93.3,122.83,0.792,0.122,None
SHP101297,2025-02-19,Mumbai,West,Sea,BlueLine,Apparel,836.0,78.5,0.47,2,Wednesday,5,4.5,-0.5,0,93.1,56.7,0.722,0.068,None
SHP101298,2025-09-15,Delhi,East,Road,TransCo,FMCG,1259.0,78.9,0.52,9,Monday,5,4.4,-0.6,0,76.8,98.97,1.254,0.079,None
SHP101299,2025-10-04,Chennai,Central,Air,SwiftHaul,Pharma,1496.0,98.3,0.65,10,Saturday,3,2.4,-0.6,0,75.6,561.47,5.712,0.375,None
SHP101300,2025-11-12,Kolkata,Central,Rail,BlueLine,Pharma,1473.0,85.9,0.63,11,Wednesday,6,5.7,-0.3,0,78.1,99.74,1.161,0.068,None
SHP101301,2025-10-30,Mumbai,South,Sea,QuickMove,Apparel,1595.0,276.6,2.01,10,Thursday,9,7.2,-1.8,0,75.6,170.73,0.617,0.107,None
SHP101302,2025-03-17,Kolkata,South,Road,SwiftHaul,FMCG,891.0,71.9,0.29,3,Monday,4,4.0,0.0,0,93.5,87.63,1.219,0.098,None
SHP101303,2025-11-09,Chennai,West,Road,TransCo,Pharma,1475.0,93.9,0.77,11,Sunday,5,5.7,0.7,1,78.5,141.72,1.509,0.096,Warehouse congestion
SHP101304,2025-09-01,Hyderabad,North,Road,QuickMove,Pharma,146.0,233.4,1.88,9,Monday,2,0.5,-1.5,0,77.0,55.76,0.239,0.382,None
SHP101305,2025-09-01,Hyderabad,North,Road,QuickMove,Pharma,146.0,233.4,1.88,9,Monday,2,1.9,-0.1,0,73.0,53.47,0.229,0.366,None
SHP101306,2025-05-23,Chennai,Central,Road,SwiftHaul,FMCG,1189.0,242.0,1.56,5,Friday,5,3.1,-1.9,0,90.2,281.48,1.163,0.237,None
SHP101307,2025-09-25,Hyderabad,West,Road,TransCo,Pharma,1256.0,59.0,0.27,9,Thursday,5,4.6,-0.4,0,74.3,82.9,1.405,0.066,None
SHP101308,2025-03-16,Delhi,North,Rail,QuickMove,Apparel,2692.0,422.3,2.5,3,Sunday,9,8.8,-0.2,0,94.8,771.22,1.826,0.286,None
SHP101309,2025-05-25,Delhi,Central,Road,QuickMove,Apparel,2600.0,129.5,0.6,5,Sunday,8,5.7,-2.3,0,85.9,314.06,2.425,0.121,None
SHP101310,2025-03-04,Kolkata,North,Sea,BlueLine,Pharma,892.0,393.8,1.77,3,Tuesday,6,5.1,-0.9,0,96.3,145.72,0.37,0.163,None
SHP101311,2025-11-22,Chennai,East,Road,SwiftHaul,Electronics,1573.0,266.7,1.19,11,Saturday,6,5.7,-0.3,0,79.4,368.28,1.381,0.234,None
SHP101312,2025-12-28,Kolkata,North,Road,BlueLine,Electronics,824.0,139.6,1.05,12,Sunday,4,5.0,1.0,1,86.9,124.39,0.891,0.151,Carrier capacity
SHP101313,2025-05-18,Delhi,Central,Road,TransCo,FMCG,794.0,156.2,0.72,5,Sunday,4,2.2,-1.8,0,90.8,148.64,0.952,0.187,None
SHP101314,2025-05-14,Hyderabad,North,Road,SwiftHaul,Apparel,1074.0,158.7,0.91,5,Wednesday,4,3.5,-0.5,0,90.1,185.55,1.169,0.173,None
SHP101315,2025-07-17,Delhi,West,Rail,BlueLine,FMCG,880.0,204.0,0.9,7,Thursday,4,2.9,-1.1,0,80.0,119.74,0.587,0.136,None
SHP101316,2025-10-30,Hyderabad,South,Road,TransCo,Apparel,2040.0,246.4,1.41,10,Thursday,7,7.6,0.6,1,80.8,417.75,1.695,0.205,Warehouse congestion
SHP101317,2025-10-04,Kolkata,East,Air,BlueLine,Electronics,728.0,317.8,1.65,10,Saturday,3,2.2,-0.8,0,74.7,826.54,2.601,1.135,None
SHP101318,2025-04-18,Chennai,North,Rail,TransCo,Pharma,638.0,513.8,3.63,4,Friday,4,2.7,-1.3,0,94.2,235.31,0.458,0.369,None
SHP101319,2025-02-09,Kolkata,North,Road,SwiftHaul,FMCG,1358.0,400.3,2.23,2,Sunday,5,4.0,-1.0,0,94.1,528.13,1.319,0.389,None
SHP101320,2025-05-12,Delhi,South,Road,TransCo,FMCG,1070.0,187.0,0.98,5,Monday,4,4.4,0.4,1,86.8,203.26,1.087,0.19,Weather
SHP101321,2025-05-18,Chennai,West,Sea,TransCo,Machinery,1148.0,163.8,1.02,5,Sunday,6,6.0,0.0,0,89.9,107.01,0.653,0.093,None
SHP101322,2025-06-18,Chennai,South,Road,TransCo,Apparel,687.0,268.7,1.44,6,Wednesday,4,3.5,-0.5,0,81.9,162.12,0.603,0.236,None
SHP101323,2025-09-15,Chennai,West,Road,TransCo,Apparel,938.0,168.4,1.37,9,Monday,4,3.1,-0.9,0,74.9,160.66,0.954,0.171,None
SHP101324,2025-11-02,Chennai,Central,Sea,SwiftHaul,Machinery,638.0,502.2,2.46,11,Sunday,5,3.1,-1.9,0,76.8,135.35,0.27,0.212,None
SHP101325,2025-02-22,Chennai,North,Air,SwiftHaul,FMCG,700.0,269.1,1.32,2,Saturday,2,0.5,-1.5,0,94.4,893.2,3.319,1.276,None
SHP101326,2025-01-20,Chennai,South,Road,TransCo,Pharma,668.0,127.4,0.55,1,Monday,4,3.6,-0.4,0,87.5,117.45,0.922,0.176,None
SHP101327,2025-09-13,Chennai,East,Road,TransCo,FMCG,973.0,125.6,0.51,9,Saturday,4,3.9,-0.1,0,75.0,127.9,1.018,0.131,None
SHP101328,2025-09-23,Chennai,West,Road,BlueLine,FMCG,1155.0,107.3,0.44,9,Tuesday,4,4.4,0.4,1,71.8,104.72,0.976,0.091,Carrier capacity
SHP101329,2025-06-09,Kolkata,West,Road,BlueLine,Machinery,588.0,662.9,4.53,6,Monday,3,3.7,0.7,1,86.0,331.55,0.5,0.564,Last-mile failure
SHP101330,2025-04-01,Kolkata,West,Road,SwiftHaul,Machinery,1654.0,272.9,1.94,4,Tuesday,5,5.2,0.2,1,93.5,462.94,1.696,0.28,Carrier capacity
SHP101331,2025-11-14,Mumbai,North,Road,TransCo,FMCG,501.0,105.2,0.82,11,Friday,3,3.8,0.8,1,79.6,69.72,0.663,0.139,Last-mile failure
SHP101332,2025-10-10,Delhi,North,Sea,BlueLine,Machinery,876.0,348.3,1.97,10,Friday,6,5.7,-0.3,0,76.6,146.18,0.42,0.167,None
SHP101333,2025-01-01,Mumbai,South,Rail,TransCo,Electronics,645.0,56.5,0.38,1,Wednesday,4,3.8,-0.2,0,91.0,50.96,0.902,0.079,None
SHP101334,2025-10-11,Delhi,South,Road,QuickMove,FMCG,1437.0,60.4,0.39,10,Saturday,5,5.3,0.3,1,74.6,98.16,1.625,0.068,Carrier capacity
SHP101335,2025-11-01,Delhi,North,Sea,SwiftHaul,FMCG,2368.0,141.8,0.79,11,Saturday,11,12.0,1.0,1,80.0,148.29,1.046,0.063,Customs/Docs
SHP101336,2025-09-15,Chennai,South,Road,TransCo,Electronics,1112.0,68.8,0.35,9,Monday,5,4.4,-0.6,0,74.1,87.26,1.268,0.078,None
SHP101337,2025-02-06,Hyderabad,North,Rail,TransCo,FMCG,1003.0,50.5,0.22,2,Thursday,5,3.5,-1.5,0,96.3,64.16,1.27,0.064,None
SHP101338,2025-05-17,Kolkata,East,Air,SwiftHaul,FMCG,796.0,160.4,0.65,5,Saturday,3,1.1,-1.9,0,89.2,418.11,2.607,0.525,None
SHP101339,2025-03-14,Chennai,East,Road,BlueLine,Apparel,1144.0,140.7,1.08,3,Friday,5,4.1,-0.9,0,93.4,183.3,1.303,0.16,None
SHP101340,2025-10-12,Delhi,South,Road,SwiftHaul,Pharma,1262.0,156.3,0.89,10,Sunday,5,4.2,-0.8,0,73.3,186.25,1.192,0.148,None
SHP101341,2025-11-07,Mumbai,Central,Road,SwiftHaul,FMCG,329.0,815.5,3.46,11,Friday,3,2.4,-0.6,0,79.5,223.16,0.274,0.678,None
SHP101342,2025-12-31,Mumbai,South,Rail,QuickMove,FMCG,2378.0,728.0,4.39,12,Wednesday,9,8.6,-0.4,0,83.6,1053.13,1.447,0.443,None
SHP101343,2025-06-28,Mumbai,West,Road,TransCo,FMCG,1812.0,43.9,0.24,6,Saturday,6,4.6,-1.4,0,85.7,96.44,2.197,0.053,None
SHP101344,2025-04-16,Kolkata,Central,Road,BlueLine,FMCG,1407.0,450.6,2.77,4,Wednesday,5,3.7,-1.3,0,94.1,595.39,1.321,0.423,None
SHP101345,2025-03-10,Delhi,West,Sea,SwiftHaul,FMCG,534.0,267.3,1.1,3,Monday,4,2.2,-1.8,0,96.1,89.29,0.334,0.167,None
SHP101346,2025-12-10,Mumbai,Central,Road,QuickMove,Apparel,609.0,114.1,0.88,12,Wednesday,3,3.2,0.2,1,82.5,93.7,0.821,0.154,Warehouse congestion
SHP101347,2025-08-02,Hyderabad,South,Road,SwiftHaul,Electronics,679.0,181.1,1.38,8,Saturday,4,3.4,-0.6,0,70.9,119.0,0.657,0.175,None
SHP101348,2025-08-25,Kolkata,West,Road,BlueLine,FMCG,542.0,170.9,0.87,8,Monday,3,2.0,-1.0,0,76.3,93.14,0.545,0.172,None
SHP101349,2025-03-13,Hyderabad,North,Sea,TransCo,FMCG,384.0,160.1,1.26,3,Thursday,4,4.7,0.7,1,96.6,57.03,0.356,0.149,Carrier capacity
SHP101350,2025-11-24,Chennai,East,Sea,QuickMove,Apparel,1321.0,56.8,0.32,11,Monday,8,8.9,0.9,1,79.2,57.11,1.005,0.043,Weather
SHP101351,2025-07-19,Delhi,North,Road,TransCo,Apparel,2006.0,489.5,2.52,7,Saturday,6,6.5,0.5,1,83.6,924.84,1.889,0.461,Carrier capacity
SHP101352,2025-11-06,Mumbai,East,Rail,BlueLine,FMCG,557.0,186.5,1.13,11,Thursday,4,4.6,0.6,1,79.8,86.15,0.462,0.155,Weather
SHP101353,2025-05-30,Kolkata,North,Sea,TransCo,FMCG,414.0,232.6,1.49,5,Friday,4,2.7,-1.3,0,88.5,71.1,0.306,0.172,None
SHP101354,2025-12-18,Delhi,North,Road,SwiftHaul,FMCG,495.0,534.0,2.84,12,Thursday,3,3.4,0.4,1,85.8,258.13,0.483,0.521,Warehouse congestion
SHP101355,2025-05-04,Hyderabad,Central,Sea,BlueLine,FMCG,2959.0,24.5,0.12,5,Sunday,14,13.8,-0.2,0,92.8,60.84,2.483,0.021,None
SHP101356,2025-06-21,Mumbai,West,Rail,BlueLine,FMCG,1081.0,1176.9,6.42,6,Saturday,5,4.4,-0.6,0,84.9,702.71,0.597,0.65,None
SHP101357,2025-02-14,Kolkata,Central,Rail,SwiftHaul,Apparel,627.0,76.3,0.59,2,Friday,4,2.4,-1.6,0,95.2,61.73,0.809,0.098,None
SHP101358,2025-06-30,Chennai,North,Rail,SwiftHaul,FMCG,1848.0,1449.7,6.6,6,Monday,7,4.0,-3.0,0,84.2,1776.07,1.225,0.961,None
SHP101359,2025-11-06,Kolkata,East,Road,BlueLine,Electronics,856.0,90.6,0.54,11,Thursday,4,3.4,-0.6,0,79.2,101.46,1.12,0.119,None
SHP101360,2025-10-25,Mumbai,South,Road,BlueLine,Apparel,963.0,274.7,1.52,10,Saturday,4,3.5,-0.5,0,78.6,220.81,0.804,0.229,None
SHP101361,2025-04-17,Chennai,West,Sea,SwiftHaul,Apparel,547.0,420.0,1.82,4,Thursday,4,2.6,-1.4,0,90.1,108.85,0.259,0.199,None
SHP101362,2025-09-12,Kolkata,West,Road,SwiftHaul,Pharma,1484.0,849.7,5.45,9,Friday,5,4.1,-0.9,0,72.9,969.82,1.141,0.654,None
SHP101363,2025-10-08,Delhi,South,Air,TransCo,Electronics,1419.0,350.9,2.0,10,Wednesday,3,2.3,-0.7,0,77.5,1724.3,4.914,1.215,None
SHP101364,2025-07-11,Kolkata,West,Rail,SwiftHaul,Pharma,1246.0,544.9,4.31,7,Friday,5,3.8,-1.2,0,79.3,362.09,0.665,0.291,None
SHP101365,2025-02-19,Chennai,North,Rail,TransCo,Machinery,800.0,77.6,0.39,2,Wednesday,4,2.4,-1.6,0,94.3,75.61,0.974,0.095,None
SHP101366,2025-12-04,Hyderabad,West,Road,QuickMove,FMCG,1172.0,182.7,0.78,12,Thursday,4,3.5,-0.5,0,86.1,258.09,1.413,0.22,None
SHP101367,2025-06-13,Delhi,North,Rail,BlueLine,FMCG,377.0,56.7,0.41,6,Friday,3,1.7,-1.3,0,82.4,40.03,0.706,0.106,None
SHP101368,2025-01-10,Mumbai,East,Air,BlueLine,Apparel,915.0,88.3,0.67,1,Friday,3,3.1,0.1,1,87.3,330.62,3.744,0.361,Weather
SHP101369,2025-11-26,Hyderabad,North,Road,SwiftHaul,Pharma,648.0,259.8,1.43,11,Wednesday,3,5.8,2.8,1,82.3,154.24,0.594,0.238,Warehouse congestion
SHP101370,2025-09-03,Mumbai,West,Sea,QuickMove,FMCG,1146.0,72.5,0.44,9,Wednesday,6,5.5,-0.5,0,74.2,55.41,0.764,0.048,None
SHP101371,2025-09-19,Hyderabad,West,Rail,SwiftHaul,FMCG,679.0,78.2,0.49,9,Friday,4,2.4,-1.6,0,73.6,58.2,0.744,0.086,None
SHP101372,2025-08-13,Hyderabad,West,Sea,QuickMove,Electronics,917.0,539.3,2.32,8,Wednesday,5,4.5,-0.5,0,77.1,201.6,0.374,0.22,None
SHP101373,2025-11-20,Mumbai,North,Sea,SwiftHaul,Pharma,1115.0,272.9,1.26,11,Thursday,6,6.2,0.2,1,82.0,148.22,0.543,0.133,Warehouse congestion
SHP101374,2025-05-15,Delhi,North,Road,BlueLine,Pharma,551.0,37.0,0.18,5,Thursday,3,4.1,1.1,1,91.6,50.64,1.369,0.092,Carrier capacity
SHP101375,2025-04-22,Kolkata,Central,Rail,SwiftHaul,Apparel,1126.0,65.2,0.46,4,Tuesday,5,5.3,0.3,1,94.6,77.54,1.189,0.069,Last-mile failure
SHP101376,2025-12-06,Chennai,North,Road,SwiftHaul,FMCG,862.0,391.8,1.59,12,Saturday,4,3.8,-0.2,0,87.3,302.62,0.772,0.351,None
SHP101377,2025-03-01,Kolkata,North,Road,BlueLine,Electronics,628.0,204.8,0.86,3,Saturday,3,3.2,0.2,1,96.0,158.61,0.774,0.253,Customs/Docs
SHP101378,2025-12-18,Hyderabad,East,Road,BlueLine,Pharma,1883.0,322.1,2.1,12,Thursday,7,7.7,0.7,1,83.9,545.86,1.695,0.29,Customs/Docs
SHP101379,2025-12-01,Hyderabad,East,Road,TransCo,Apparel,622.0,543.4,4.26,12,Monday,4,4.7,0.7,1,85.5,321.61,0.592,0.517,Last-mile failure
SHP101380,2025-10-13,Mumbai,West,Rail,SwiftHaul,Apparel,443.0,331.5,2.49,10,Monday,3,1.7,-1.3,0,77.9,100.69,0.304,0.227,None
SHP101381,2025-12-19,Hyderabad,East,Road,TransCo,Pharma,2595.0,92.7,0.4,12,Friday,9,10.1,1.1,1,83.4,250.86,2.706,0.097,Warehouse congestion
SHP101382,2025-04-05,Kolkata,South,Road,SwiftHaul,Apparel,837.0,81.5,0.6,4,Saturday,4,4.1,0.1,1,92.5,96.15,1.18,0.115,Carrier capacity
SHP101383,2025-01-14,Kolkata,Central,Air,BlueLine,Machinery,2200.0,28.6,0.13,1,Tuesday,3,3.0,0.0,0,90.4,299.82,10.483,0.136,None
SHP101384,2025-10-18,Chennai,West,Road,TransCo,Apparel,708.0,222.8,1.55,10,Saturday,3,3.3,0.3,1,77.7,142.58,0.64,0.201,Customs/Docs
SHP101385,2025-09-28,Kolkata,North,Air,SwiftHaul,Electronics,531.0,172.3,1.26,9,Sunday,2,1.5,-0.5,0,75.0,360.49,2.092,0.679,None
SHP101386,2025-04-23,Delhi,North,Road,BlueLine,Apparel,747.0,57.7,0.39,4,Wednesday,4,3.1,-0.9,0,94.2,71.73,1.243,0.096,None
SHP101387,2025-11-13,Mumbai,Central,Sea,SwiftHaul,Machinery,884.0,247.5,1.03,11,Thursday,6,5.0,-1.0,0,75.0,108.51,0.438,0.123,None
SHP101388,2025-10-07,Kolkata,West,Sea,BlueLine,FMCG,1433.0,87.3,0.48,10,Tuesday,7,6.9,-0.1,0,79.5,71.14,0.815,0.05,None
SHP101389,2025-04-05,Mumbai,South,Road,QuickMove,FMCG,516.0,141.4,0.59,4,Saturday,3,2.4,-0.6,0,95.2,100.89,0.714,0.196,None
SHP101390,2025-05-30,Delhi,Central,Road,TransCo,Electronics,538.0,58.0,0.33,5,Friday,3,2.1,-0.9,0,91.5,61.17,1.055,0.114,None
SHP101391,2025-03-31,Delhi,West,Road,SwiftHaul,Pharma,1078.0,115.2,0.89,3,Monday,4,3.9,-0.1,0,96.3,154.28,1.339,0.143,None
SHP101392,2025-01-07,Delhi,West,Sea,QuickMove,FMCG,662.0,158.1,1.3,1,Tuesday,5,4.9,-0.1,0,91.5,71.84,0.454,0.109,None
SHP101393,2025-07-22,Delhi,East,Road,BlueLine,Machinery,550.0,186.5,0.8,7,Tuesday,3,2.8,-0.2,0,82.8,120.61,0.647,0.219,None
SHP101394,2025-02-03,Hyderabad,North,Road,QuickMove,Electronics,891.0,207.4,1.49,2,Monday,4,3.1,-0.9,0,95.9,193.68,0.934,0.217,None
SHP101395,2025-05-04,Hyderabad,North,Air,SwiftHaul,Pharma,704.0,584.1,3.32,5,Sunday,2,0.5,-1.5,0,90.9,1781.38,3.05,2.53,None
SHP101396,2025-08-31,Delhi,Central,Rail,SwiftHaul,FMCG,1727.0,153.4,0.91,8,Sunday,7,6.7,-0.3,0,78.0,177.72,1.159,0.103,None
SHP101397,2025-01-09,Kolkata,South,Road,TransCo,Apparel,664.0,117.3,0.73,1,Thursday,4,3.6,-0.4,0,90.6,103.63,0.883,0.156,None
SHP101398,2025-08-16,Hyderabad,South,Rail,SwiftHaul,FMCG,444.0,344.2,1.68,8,Saturday,3,1.3,-1.7,0,74.8,106.32,0.309,0.239,None
SHP101399,2025-04-28,Mumbai,North,Rail,TransCo,Electronics,820.0,33.9,0.15,4,Monday,4,3.9,-0.1,0,92.6,47.65,1.406,0.058,None
SHP101400,2025-11-06,Mumbai,East,Rail,BlueLine,FMCG,557.0,186.5,1.13,11,Thursday,4,4.1,0.1,1,79.2,85.87,0.46,0.154,Carrier capacity
SHP101401,2025-10-26,Chennai,North,Road,QuickMove,Electronics,713.0,112.8,0.48,10,Sunday,4,3.0,-1.0,0,76.0,90.29,0.8,0.127,None
SHP101402,2025-09-22,Delhi,South,Road,TransCo,Apparel,888.0,88.7,0.73,9,Monday,4,3.9,-0.1,0,74.5,92.77,1.046,0.104,None
SHP101403,2025-05-02,Delhi,South,Road,QuickMove,Pharma,738.0,90.9,0.39,5,Friday,4,3.1,-0.9,0,87.7,96.77,1.065,0.131,None
SHP101404,2025-03-21,Delhi,South,Road,BlueLine,Electronics,571.0,256.1,1.26,3,Friday,3,1.9,-1.1,0,95.4,172.71,0.674,0.302,None
SHP101405,2025-03-13,Mumbai,North,Rail,TransCo,FMCG,1578.0,170.9,0.94,3,Thursday,6,6.9,0.9,1,96.5,196.05,1.147,0.124,Last-mile failure
SHP101406,2025-07-27,Chennai,South,Road,SwiftHaul,Apparel,1316.0,304.2,1.82,7,Sunday,5,3.8,-1.2,0,79.1,324.65,1.067,0.247,None
SHP101407,2025-05-18,Delhi,Central,Road,TransCo,FMCG,794.0,156.2,0.72,5,Sunday,4,4.0,0.0,0,89.4,135.01,0.864,0.17,None
SHP101408,2025-05-20,Hyderabad,West,Rail,QuickMove,Machinery,1138.0,170.8,1.29,5,Tuesday,5,3.3,-1.7,0,91.5,168.25,0.985,0.148,None
SHP101409,2025-10-06,Hyderabad,East,Rail,TransCo,FMCG,1511.0,934.9,7.46,10,Monday,7,6.2,-0.8,0,76.7,865.01,0.925,0.572,None
SHP101410,2025-06-09,Mumbai,West,Rail,SwiftHaul,Pharma,1134.0,950.9,7.41,6,Monday,5,4.2,-0.8,0,86.8,696.55,0.733,0.614,None
SHP101411,2025-06-27,Kolkata,North,Sea,TransCo,Apparel,659.0,163.7,0.77,6,Friday,5,3.7,-1.3,0,86.5,75.69,0.462,0.115,None
SHP101412,2025-10-08,Delhi,West,Road,QuickMove,Electronics,612.0,90.8,0.54,10,Wednesday,3,3.4,0.4,1,74.8,69.47,0.765,0.114,Carrier capacity
SHP101413,2025-07-17,Hyderabad,Central,Road,TransCo,Pharma,1411.0,128.3,0.77,7,Thursday,5,4.5,-0.5,0,80.5,187.83,1.464,0.133,None
SHP101414,2025-11-10,Mumbai,Central,Road,BlueLine,Apparel,981.0,73.9,0.38,11,Monday,4,4.2,0.2,1,81.2,94.19,1.275,0.096,Carrier capacity
SHP101415,2025-12-26,Kolkata,West,Road,QuickMove,Electronics,858.0,539.2,2.35,12,Friday,4,4.2,0.2,1,83.6,411.22,0.763,0.479,Warehouse congestion
SHP101416,2025-05-23,Mumbai,North,Sea,BlueLine,Machinery,1001.0,218.3,1.08,5,Friday,6,5.9,-0.1,0,87.7,107.07,0.49,0.107,None
SHP101417,2025-11-10,Hyderabad,North,Road,BlueLine,Pharma,294.0,330.4,2.34,11,Monday,3,4.7,1.7,1,80.0,98.69,0.299,0.336,Warehouse congestion
SHP101418,2025-11-24,Chennai,East,Sea,QuickMove,Apparel,1321.0,56.8,0.32,11,Monday,8,9.1,1.1,1,75.8,56.69,0.998,0.043,Carrier capacity
SHP101419,2025-07-09,Kolkata,North,Road,SwiftHaul,FMCG,2168.0,356.0,1.77,7,Wednesday,7,5.6,-1.4,0,73.4,574.23,1.613,0.265,None
SHP101420,2025-11-05,Mumbai,West,Road,QuickMove,Electronics,979.0,11.8,0.08,11,Wednesday,4,4.0,0.0,0,81.2,39.56,3.353,0.04,None
SHP101421,2025-08-17,Delhi,South,Rail,SwiftHaul,Pharma,1034.0,276.3,1.65,8,Sunday,5,4.1,-0.9,0,74.8,170.42,0.617,0.165,None
SHP101422,2025-10-13,Chennai,South,Air,SwiftHaul,FMCG,1449.0,185.0,0.97,10,Monday,3,1.4,-1.6,0,75.7,858.41,4.64,0.592,None
SHP101423,2025-02-25,Kolkata,West,Sea,TransCo,FMCG,1375.0,264.6,1.11,2,Tuesday,7,8.1,1.1,1,94.1,202.48,0.765,0.147,Carrier capacity
SHP101424,2025-11-05,Mumbai,South,Road,QuickMove,Apparel,1168.0,48.0,0.2,11,Wednesday,5,4.5,-0.5,0,79.9,71.33,1.486,0.061,None
SHP101425,2025-09-07,Chennai,West,Road,BlueLine,FMCG,1052.0,206.9,0.91,9,Sunday,4,2.9,-1.1,0,73.5,180.28,0.871,0.171,None
SHP101426,2025-01-17,Delhi,Central,Road,TransCo,Electronics,335.0,69.3,0.51,1,Friday,3,1.8,-1.2,0,93.9,51.79,0.747,0.155,None
SHP101427,2025-04-03,Delhi,North,Rail,BlueLine,Electronics,2291.0,152.5,0.97,4,Thursday,8,8.4,0.4,1,93.5,250.28,1.641,0.109,Carrier capacity
SHP101428,2025-11-14,Mumbai,North,Road,TransCo,FMCG,501.0,105.2,0.82,11,Friday,3,4.7,1.7,1,85.5,69.41,0.66,0.139,Warehouse congestion
SHP101429,2025-09-19,Chennai,South,Road,BlueLine,Electronics,1017.0,449.5,2.7,9,Friday,4,2.9,-1.1,0,73.1,388.89,0.865,0.382,None
SHP101430,2025-01-06,Chennai,East,Road,TransCo,FMCG,243.0,155.4,0.98,1,Monday,3,2.2,-0.8,0,89.2,66.29,0.427,0.273,None
SHP101431,2025-04-19,Delhi,East,Road,TransCo,FMCG,1813.0,392.6,2.5,4,Saturday,7,5.6,-1.4,0,93.7,831.57,2.118,0.459,None
SHP101432,2025-05-13,Chennai,South,Road,SwiftHaul,Pharma,824.0,116.4,0.56,5,Tuesday,4,2.1,-1.9,0,90.1,119.14,1.024,0.145,None
SHP101433,2025-10-04,Mumbai,West,Sea,QuickMove,Machinery,580.0,782.4,3.8,10,Saturday,4,2.6,-1.4,0,78.3,185.56,0.237,0.32,None
SHP101434,2025-08-17,Hyderabad,Central,Road,BlueLine,FMCG,1126.0,183.3,0.86,8,Sunday,5,2.8,-2.2,0,71.7,167.02,0.911,0.148,None
SHP101435,2025-05-13,Hyderabad,West,Road,TransCo,FMCG,1226.0,1264.7,6.32,5,Tuesday,5,4.2,-0.8,0,93.1,1316.19,1.041,1.074,None
SHP101436,2025-06-03,Hyderabad,North,Road,BlueLine,Machinery,714.0,203.1,1.38,6,Tuesday,4,3.8,-0.2,0,81.3,146.08,0.719,0.205,None
SHP101437,2025-05-08,Delhi,West,Road,BlueLine,Electronics,1174.0,204.2,0.98,5,Thursday,4,3.1,-0.9,0,88.4,218.28,1.069,0.186,None
SHP101438,2025-09-16,Kolkata,Central,Sea,QuickMove,Apparel,350.0,305.8,1.3,9,Tuesday,3,1.5,-1.5,0,75.1,68.08,0.223,0.195,None
SHP101439,2025-01-22,Chennai,West,Sea,BlueLine,Apparel,940.0,176.5,0.91,1,Wednesday,6,5.2,-0.8,0,90.8,94.19,0.534,0.1,None
SHP101440,2025-03-19,Chennai,South,Rail,TransCo,FMCG,983.0,93.8,0.38,3,Wednesday,5,6.7,1.7,1,94.6,94.35,1.006,0.096,Carrier capacity
SHP101441,2025-12-25,Chennai,West,Road,BlueLine,Pharma,1311.0,152.5,0.77,12,Thursday,5,5.1,0.1,1,84.0,200.65,1.316,0.153,Carrier capacity
SHP101442,2025-08-17,Hyderabad,Central,Road,BlueLine,FMCG,1126.0,183.3,0.86,8,Sunday,5,3.1,-1.9,0,76.4,191.76,1.046,0.17,None
SHP101443,2025-11-15,Delhi,Central,Road,SwiftHaul,Pharma,1036.0,79.9,0.32,11,Saturday,4,4.3,0.3,1,79.2,90.43,1.132,0.087,Customs/Docs
SHP101444,2025-10-12,Hyderabad,Central,Road,QuickMove,Apparel,864.0,86.0,0.36,10,Sunday,4,4.6,0.6,1,78.5,91.35,1.062,0.106,Customs/Docs
SHP101445,2025-07-22,Hyderabad,South,Road,BlueLine,Electronics,660.0,124.9,0.8,7,Tuesday,4,3.7,-0.3,0,81.4,99.95,0.8,0.151,None
SHP101446,2025-12-18,Kolkata,Central,Rail,SwiftHaul,FMCG,791.0,660.4,3.52,12,Thursday,4,4.0,0.0,0,85.9,282.9,0.428,0.358,None
SHP101447,2025-06-16,Delhi,South,Air,TransCo,FMCG,754.0,234.5,1.66,6,Monday,3,1.1,-1.9,0,87.0,789.68,3.368,1.047,None
SHP101448,2025-12-27,Hyderabad,Central,Road,BlueLine,FMCG,755.0,400.1,1.67,12,Saturday,4,4.5,0.5,1,85.7,306.98,0.767,0.407,Customs/Docs
SHP101449,2025-10-16,Chennai,North,Road,QuickMove,Apparel,553.0,27.1,0.19,10,Thursday,3,2.3,-0.7,0,75.9,40.65,1.5,0.074,None
SHP101450,2025-01-29,Delhi,West,Road,QuickMove,FMCG,882.0,74.7,0.43,1,Wednesday,4,2.3,-1.7,0,86.8,91.0,1.218,0.103,None
SHP101451,2025-12-26,Chennai,North,Sea,QuickMove,FMCG,968.0,44.3,0.28,12,Friday,6,6.0,0.0,0,88.7,46.34,1.046,0.048,None
SHP101452,2025-11-21,Chennai,West,Road,QuickMove,Pharma,1625.0,200.0,0.9,11,Friday,5,6.0,1.0,1,82.2,281.57,1.408,0.173,Carrier capacity
SHP101453,2025-05-13,Kolkata,Central,Road,SwiftHaul,Electronics,391.0,59.1,0.31,5,Tuesday,3,1.4,-1.6,0,87.6,50.81,0.86,0.13,None
SHP101454,2025-12-11,Mumbai,South,Rail,SwiftHaul,Apparel,1112.0,183.8,1.01,12,Thursday,5,5.5,0.5,1,86.5,158.07,0.86,0.142,Carrier capacity
SHP101455,2025-03-20,Kolkata,North,Road,QuickMove,FMCG,1085.0,198.3,1.39,3,Thursday,4,3.5,-0.5,0,95.9,261.59,1.319,0.241,None
SHP101456,2025-06-23,Delhi,North,Sea,BlueLine,FMCG,1049.0,93.1,0.55,6,Monday,6,6.5,0.5,1,83.1,71.15,0.764,0.068,Last-mile failure
SHP101457,2025-10-10,Mumbai,North,Road,QuickMove,FMCG,640.0,371.4,1.69,10,Friday,3,3.3,0.3,1,79.1,194.12,0.523,0.303,Warehouse congestion
SHP101458,2025-10-15,Kolkata,South,Rail,SwiftHaul,Apparel,1469.0,50.8,0.31,10,Wednesday,6,5.0,-1.0,0,,63.05,1.241,0.043,None
SHP101459,2025-05-19,Chennai,Central,Rail,BlueLine,Machinery,845.0,712.8,5.83,5,Monday,4,3.4,-0.6,0,87.7,370.07,0.519,0.438,None
SHP101460,2025-09-17,Delhi,East,Sea,TransCo,FMCG,485.0,471.8,1.91,9,Wednesday,4,4.1,0.1,1,72.6,100.01,0.212,0.206,Warehouse congestion
SHP101461,2025-04-29,Hyderabad,West,Rail,SwiftHaul,Machinery,1657.0,175.8,0.86,4,Tuesday,6,5.0,-1.0,0,94.5,248.11,1.411,0.15,None
SHP101462,2025-09-11,Chennai,East,Road,BlueLine,Electronics,2002.0,388.4,2.73,9,Thursday,7,8.5,1.5,1,73.1,624.15,1.607,0.312,Warehouse congestion
SHP101463,2025-12-11,Delhi,South,Rail,BlueLine,Electronics,1115.0,126.3,0.55,12,Thursday,5,4.6,-0.4,0,83.5,107.68,0.853,0.097,None
SHP101464,2025-10-15,Kolkata,North,Air,QuickMove,Electronics,858.0,613.6,3.17,10,Wednesday,3,1.3,-1.7,0,77.2,1757.78,2.865,2.049,None
SHP101465,2025-08-21,Hyderabad,South,Air,TransCo,Apparel,1303.0,36.8,0.25,8,Thursday,3,3.4,0.4,1,75.0,193.63,5.262,0.149,Last-mile failure
SHP101466,2025-02-21,Kolkata,Central,Rail,BlueLine,Apparel,1249.0,77.4,0.32,2,Friday,5,4.4,-0.6,0,92.7,79.63,1.029,0.064,None
SHP101467,2025-02-18,Chennai,South,Rail,BlueLine,Machinery,2467.0,556.7,3.05,2,Tuesday,9,8.1,-0.9,0,92.1,940.69,1.69,0.381,None
SHP101468,2025-08-03,Hyderabad,South,Road,SwiftHaul,Apparel,646.0,49.0,0.4,8,Sunday,4,1.9,-2.1,0,77.7,57.55,1.174,0.089,None
SHP101469,2025-02-11,Chennai,South,Road,TransCo,FMCG,1390.0,98.2,0.4,2,Tuesday,5,4.7,-0.3,0,96.1,144.08,1.467,0.104,None
SHP101470,2025-04-03,Delhi,North,Rail,BlueLine,Electronics,2291.0,152.5,0.97,4,Thursday,8,7.1,-0.9,0,90.2,250.0,1.639,0.109,None
SHP101471,2025-02-19,Mumbai,Central,Road,BlueLine,Pharma,1064.0,444.6,2.33,2,Wednesday,4,3.6,-0.4,0,91.7,479.28,1.078,0.45,None
SHP101472,2025-01-28,Mumbai,North,Road,QuickMove,Apparel,490.0,521.2,2.8,1,Tuesday,3,1.2,-1.8,0,85.5,257.67,0.494,0.526,None
SHP101473,2025-11-26,Kolkata,Central,Road,QuickMove,FMCG,1516.0,318.0,2.12,11,Wednesday,5,4.2,-0.8,0,80.3,433.01,1.362,0.286,None
SHP101474,2025-12-15,Delhi,West,Rail,QuickMove,Pharma,1299.0,530.8,2.99,12,Monday,5,4.3,-0.7,0,85.4,386.55,0.728,0.298,None
SHP101475,2025-11-12,Kolkata,West,Sea,QuickMove,FMCG,1897.0,51.7,0.26,11,Wednesday,9,8.9,-0.1,0,78.1,63.42,1.227,0.033,None
SHP101476,2025-12-31,Kolkata,West,Road,BlueLine,Machinery,923.0,320.7,1.88,12,Wednesday,4,3.5,-0.5,0,84.1,294.37,0.918,0.319,None
SHP101477,2025-01-04,Mumbai,South,Road,TransCo,Pharma,958.0,785.1,3.74,1,Saturday,4,3.6,-0.4,0,90.9,625.84,0.797,0.653,None
SHP101478,2025-02-28,Kolkata,West,Sea,TransCo,Electronics,652.0,902.4,5.68,2,Friday,4,4.7,0.7,1,96.8,283.4,0.314,0.435,Carrier capacity
SHP101479,2025-05-05,Chennai,North,Road,BlueLine,Apparel,1192.0,148.4,0.65,5,Monday,5,7.9,2.9,1,88.5,193.74,1.306,0.163,Weather
SHP101480,2025-08-02,Mumbai,East,Rail,BlueLine,Pharma,841.0,239.6,1.06,8,Saturday,5,4.0,-1.0,0,76.6,132.13,0.551,0.157,None
SHP101481,2025-05-05,Chennai,East,Sea,TransCo,FMCG,488.0,125.7,0.6,5,Monday,4,3.8,-0.2,0,91.1,56.36,0.448,0.115,None
SHP101482,2025-03-15,Chennai,East,Rail,TransCo,FMCG,1095.0,194.5,1.15,3,Saturday,5,4.2,-0.8,0,98.6,173.6,0.893,0.159,None
SHP101483,2025-01-25,Hyderabad,South,Rail,SwiftHaul,Electronics,1256.0,58.5,0.42,1,Saturday,5,3.9,-1.1,0,90.8,74.03,1.265,0.059,None
SHP101484,2025-12-22,Hyderabad,North,Road,SwiftHaul,Electronics,3432.0,669.4,2.86,12,Monday,10,8.3,-1.7,0,88.8,2000.67,2.989,0.583,None
SHP101485,2025-08-05,Delhi,East,Sea,SwiftHaul,Apparel,507.0,170.3,0.82,8,Tuesday,4,2.2,-1.8,0,73.5,61.76,0.363,0.122,None
SHP101486,2025-07-17,Hyderabad,Central,Road,TransCo,Pharma,1411.0,128.3,0.77,7,Thursday,5,5.0,0.0,0,80.8,174.94,1.364,0.124,None
SHP101487,2025-12-15,Hyderabad,South,Road,TransCo,Pharma,641.0,,0.79,12,Monday,3,4.5,1.5,1,84.5,107.03,0.706,0.167,Customs/Docs
SHP101488,2025-12-12,Kolkata,South,Road,SwiftHaul,FMCG,1282.0,82.0,0.35,12,Friday,5,3.8,-1.2,0,85.0,110.87,1.352,0.086,None
SHP101489,2025-07-02,Kolkata,East,Sea,QuickMove,FMCG,959.0,328.0,1.39,7,Wednesday,6,5.8,-0.2,0,77.6,127.47,0.389,0.133,None
SHP101490,2025-05-13,Chennai,North,Rail,QuickMove,Machinery,1667.0,61.8,0.29,5,Tuesday,6,5.9,-0.1,0,92.4,86.12,1.394,0.052,None
SHP101491,2025-10-06,Hyderabad,East,Rail,TransCo,FMCG,1511.0,934.9,7.46,10,Monday,7,7.6,0.6,1,77.5,749.07,0.801,0.496,Warehouse congestion
SHP101492,2025-12-25,Hyderabad,East,Road,TransCo,Pharma,1996.0,206.9,1.34,12,Thursday,7,9.4,2.4,1,85.4,386.99,1.87,0.194,Customs/Docs
SHP101493,2025-08-05,Delhi,East,Sea,SwiftHaul,Apparel,507.0,170.3,0.82,8,Tuesday,4,3.0,-1.0,0,72.9,57.9,0.34,0.114,None
SHP101494,2025-08-08,Delhi,South,Rail,BlueLine,Machinery,1317.0,264.0,1.58,8,Friday,6,5.5,-0.5,0,78.2,200.35,0.759,0.152,None
SHP101495,2025-05-11,Delhi,Central,Road,TransCo,Electronics,2205.0,130.4,0.58,5,Sunday,7,7.6,0.6,1,88.7,273.84,2.1,0.124,Carrier capacity
SHP101496,2025-07-15,Delhi,South,Rail,TransCo,FMCG,1567.0,287.3,2.23,7,Tuesday,6,5.8,-0.2,0,78.4,279.89,0.974,0.179,None
SHP101497,2025-05-05,Kolkata,East,Road,TransCo,Electronics,1907.0,115.9,0.71,5,Monday,7,6.4,-0.6,0,87.0,242.74,2.094,0.127,None
SHP101498,2025-01-26,Mumbai,Central,Road,BlueLine,Machinery,1063.0,137.4,0.6,1,Sunday,4,6.5,2.5,1,89.3,178.21,1.297,0.168,Customs/Docs
SHP101499,2025-06-18,Chennai,North,Road,TransCo,FMCG,1051.0,82.2,0.4,6,Wednesday,4,6.7,2.7,1,83.9,102.71,1.25,0.098,Customs/Docs
SHP101500,2025-04-16,Mumbai,East,Road,SwiftHaul,Machinery,989.0,71.1,0.44,4,Wednesday,5,4.4,-0.6,0,96.3,106.58,1.499,0.108,None
SHP101501,2025-11-08,Hyderabad,West,Air,QuickMove,Electronics,1363.0,84.2,0.64,11,Saturday,3,2.0,-1.0,0,78.0,429.49,5.101,0.315,None
SHP101502,2025-12-27,Kolkata,North,Rail,TransCo,Pharma,1297.0,105.5,0.61,12,Saturday,5,6.5,1.5,1,83.6,115.0,1.09,0.089,Warehouse congestion
SHP101503,2025-10-20,Delhi,East,Rail,BlueLine,Machinery,1138.0,104.6,0.64,10,Monday,5,4.9,-0.1,0,75.2,93.86,0.897,0.082,None
SHP101504,2025-08-21,Kolkata,East,Road,SwiftHaul,Electronics,1100.0,171.9,1.01,8,Thursday,5,5.1,0.1,1,74.7,174.94,1.018,0.159,Warehouse congestion
SHP101505,2025-04-18,Chennai,North,Road,BlueLine,Machinery,1666.0,90.1,0.51,4,Friday,6,5.2,-0.8,0,91.0,144.85,1.608,0.087,None
SHP101506,2025-03-10,Mumbai,South,Sea,SwiftHaul,Machinery,1570.0,513.2,2.95,3,Monday,9,8.2,-0.8,0,96.3,373.29,0.727,0.238,None
SHP101507,2025-06-22,Mumbai,North,Sea,SwiftHaul,Electronics,936.0,57.3,0.3,6,Sunday,6,4.7,-1.3,0,84.7,48.87,0.853,0.052,None
SHP101508,2025-09-25,Chennai,North,Sea,SwiftHaul,Electronics,946.0,327.4,1.74,9,Thursday,6,5.8,-0.2,0,73.9,128.77,0.393,0.136,None
SHP101509,2025-11-09,Delhi,West,Road,QuickMove,Machinery,760.0,294.4,1.88,11,Sunday,4,3.4,-0.6,0,78.7,222.3,0.755,0.293,None
SHP101510,2025-10-16,Hyderabad,South,Rail,SwiftHaul,Electronics,619.0,456.9,1.92,10,Thursday,4,3.1,-0.9,0,76.6,180.44,0.395,0.292,None
SHP101511,2025-06-24,Kolkata,West,Air,BlueLine,Electronics,802.0,109.1,0.5,6,Tuesday,3,1.8,-1.2,0,83.7,379.06,3.474,0.473,None
SHP101512,2025-06-13,Mumbai,Central,Road,BlueLine,Apparel,891.0,184.3,0.85,6,Friday,4,4.0,0.0,0,84.9,175.73,0.953,0.197,None
SHP101513,2025-04-15,Mumbai,South,Rail,SwiftHaul,Electronics,1163.0,507.4,3.5,4,Tuesday,5,6.1,1.1,1,94.6,376.11,0.741,0.323,Warehouse congestion
SHP101514,2025-11-04,Chennai,North,Rail,SwiftHaul,Apparel,847.0,463.5,2.68,11,Tuesday,4,4.5,0.5,1,80.7,273.78,0.591,0.323,Weather
SHP101515,2025-11-12,Hyderabad,South,Rail,SwiftHaul,Apparel,642.0,424.4,2.02,11,Wednesday,4,3.2,-0.8,0,82.9,179.58,0.423,0.28,None
SHP101516,2025-08-13,Kolkata,North,Sea,SwiftHaul,Machinery,818.0,102.8,0.44,8,Wednesday,5,3.0,-2.0,0,78.3,61.7,0.6,0.075,None
SHP101517,2025-01-05,Mumbai,South,Sea,QuickMove,FMCG,322.0,653.4,3.58,1,Sunday,3,2.6,-0.4,0,90.7,126.55,0.194,0.393,None
SHP101518,2025-10-29,Chennai,West,Road,TransCo,Machinery,2704.0,132.1,0.74,10,Wednesday,8,9.3,1.3,1,77.1,273.6,2.071,0.101,Warehouse congestion
SHP101519,2025-01-23,Chennai,East,Sea,QuickMove,Pharma,1441.0,393.9,2.41,1,Thursday,9,8.3,-0.7,0,93.9,270.48,0.687,0.188,None
SHP101520,2025-02-17,Kolkata,South,Sea,BlueLine,Apparel,400.0,101.8,0.7,2,Monday,4,3.9,-0.1,0,92.1,47.72,0.469,0.119,None
SHP101521,2025-06-12,Chennai,West,Road,BlueLine,Electronics,1214.0,519.0,2.29,6,Thursday,5,6.2,1.2,1,86.0,555.71,1.071,0.458,Customs/Docs
SHP101522,2025-11-29,Hyderabad,South,Sea,SwiftHaul,Pharma,432.0,143.0,0.66,11,Saturday,4,4.0,0.0,0,78.3,56.39,0.394,0.131,None
SHP101523,2025-08-14,Delhi,Central,Air,SwiftHaul,Machinery,645.0,66.8,0.38,8,Thursday,2,1.5,-0.5,0,78.0,182.57,2.733,0.283,None
SHP101524,2025-12-03,Delhi,Central,Rail,SwiftHaul,FMCG,1143.0,999.6,4.31,12,Wednesday,5,5.4,0.4,1,86.3,719.73,0.72,0.63,Customs/Docs
SHP101525,2025-11-03,Hyderabad,West,Road,SwiftHaul,FMCG,1278.0,842.1,4.4,11,Monday,5,4.0,-1.0,0,79.5,1003.95,1.192,0.786,None
SHP101526,2025-07-23,Mumbai,North,Rail,TransCo,Electronics,2835.0,87.0,0.54,7,Wednesday,9,8.5,-0.5,0,82.6,150.81,1.733,0.053,None
SHP101527,2025-05-15,Delhi,North,Road,BlueLine,Pharma,551.0,37.0,0.18,5,Thursday,3,4.6,1.6,1,90.1,47.73,1.29,0.087,Carrier capacity
SHP101528,2025-11-04,Kolkata,South,Road,TransCo,FMCG,1831.0,1128.5,6.54,11,Tuesday,6,7.1,1.1,1,80.7,1580.59,1.401,0.863,Weather
SHP101529,2025-11-25,Kolkata,Central,Road,BlueLine,FMCG,1151.0,545.4,4.17,11,Tuesday,5,5.1,0.1,1,76.8,528.59,0.969,0.459,Warehouse congestion
SHP101530,2025-06-28,Delhi,Central,Road,TransCo,Apparel,767.0,873.5,6.62,6,Saturday,4,3.7,-0.3,0,89.5,708.17,0.811,0.923,None
SHP101531,2025-05-13,Chennai,North,Rail,QuickMove,Machinery,1667.0,61.8,0.29,5,Tuesday,6,7.3,1.3,1,87.9,85.34,1.381,0.051,Last-mile failure
SHP101532,2025-03-16,Chennai,East,Road,TransCo,Electronics,1401.0,97.9,0.45,3,Sunday,6,4.7,-1.3,0,92.5,145.1,1.482,0.104,None
SHP101533,2025-12-30,Chennai,East,Sea,TransCo,Electronics,689.0,468.9,3.37,12,Tuesday,5,5.1,0.1,1,86.2,158.44,0.338,0.23,Warehouse congestion
SHP101534,2025-04-02,Chennai,East,Sea,BlueLine,FMCG,806.0,174.1,0.78,4,Wednesday,6,7.0,1.0,1,94.0,96.47,0.554,0.12,Weather
SHP101535,2025-06-26,Kolkata,West,Road,BlueLine,Machinery,1742.0,38.2,0.18,6,Thursday,6,5.2,-0.8,0,81.9,80.7,2.113,0.046,None
SHP101536,2025-09-10,Hyderabad,North,Road,QuickMove,FMCG,1246.0,68.1,0.36,9,Wednesday,5,3.9,-1.1,0,73.3,87.14,1.28,0.07,None
SHP101537,2025-02-11,Mumbai,East,Road,BlueLine,FMCG,1044.0,518.8,2.16,2,Tuesday,5,2.9,-2.1,0,92.9,609.34,1.175,0.584,None
SHP101538,2025-01-02,Hyderabad,South,Road,TransCo,Machinery,896.0,170.8,0.7,1,Thursday,4,6.1,2.1,1,88.5,164.36,0.962,0.183,Last-mile failure
SHP101539,2025-06-02,Kolkata,East,Road,BlueLine,Machinery,289.0,123.9,0.8,6,Monday,3,2.4,-0.6,0,85.4,62.85,0.507,0.217,None
SHP101540,2025-10-31,Mumbai,Central,Sea,SwiftHaul,Machinery,1845.0,290.0,1.45,10,Friday,9,8.2,-0.8,0,,236.51,0.816,0.128,None
SHP101541,2025-12-07,Mumbai,West,Sea,QuickMove,Pharma,1333.0,106.0,0.59,12,Sunday,7,8.2,1.2,1,89.4,88.03,0.83,0.066,Last-mile failure
SHP101542,2025-04-24,Chennai,South,Rail,SwiftHaul,Machinery,1082.0,1527.5,9.46,4,Thursday,5,3.2,-1.8,0,90.6,1038.52,0.68,0.96,None
SHP101543,2025-06-19,Kolkata,West,Rail,TransCo,Pharma,892.0,838.0,3.93,6,Thursday,4,4.0,0.0,0,84.9,417.22,0.498,0.468,None
SHP101544,2025-08-12,Delhi,North,Rail,SwiftHaul,Apparel,1063.0,151.1,1.0,8,Tuesday,5,4.0,-1.0,0,76.5,108.44,0.718,0.102,None
SHP101545,2025-11-06,Hyderabad,Central,Road,QuickMove,Pharma,2080.0,513.2,3.9,11,Thursday,7,6.0,-1.0,0,80.1,909.43,1.772,0.437,None
SHP101546,2025-11-25,Kolkata,South,Road,SwiftHaul,Apparel,702.0,306.0,1.57,11,Tuesday,4,4.8,0.8,1,80.4,221.31,0.723,0.315,Weather
SHP101547,2025-02-07,Kolkata,South,Rail,BlueLine,Pharma,956.0,460.9,2.44,2,Friday,5,2.4,-2.6,0,93.8,297.03,0.644,0.311,None
SHP101548,2025-10-23,Chennai,West,Road,BlueLine,Pharma,532.0,543.5,2.32,10,Thursday,3,4.5,1.5,1,78.7,245.08,0.451,0.461,Warehouse congestion
SHP101549,2025-09-10,Chennai,West,Sea,BlueLine,FMCG,1670.0,65.5,0.26,9,Wednesday,8,8.8,0.8,1,75.8,67.98,1.038,0.041,Customs/Docs
SHP101550,2025-03-20,Kolkata,East,Sea,TransCo,FMCG,889.0,217.2,1.12,3,Thursday,6,6.4,0.4,1,92.0,105.78,0.487,0.119,Carrier capacity
SHP101551,2025-01-11,Delhi,West,Rail,QuickMove,Pharma,804.0,110.7,0.86,1,Saturday,4,3.2,-0.8,0,87.4,83.26,0.752,0.104,None
SHP101552,2025-11-30,Kolkata,West,Sea,QuickMove,FMCG,1399.0,163.1,1.09,11,Sunday,7,6.8,-0.2,0,81.8,106.71,0.654,0.076,None
SHP101553,2025-05-08,Mumbai,East,Rail,TransCo,FMCG,611.0,243.6,1.54,5,Thursday,4,2.9,-1.1,0,91.0,124.23,0.51,0.203,None
SHP101554,2025-03-07,Kolkata,Central,Rail,SwiftHaul,Apparel,518.0,119.2,0.72,3,Friday,3,2.9,-0.1,0,94.4,67.88,0.569,0.131,None
SHP101555,2025-09-25,Hyderabad,Central,Sea,SwiftHaul,FMCG,1220.0,214.2,1.29,9,Thursday,7,6.4,-0.6,0,75.9,119.01,0.556,0.098,None
SHP101556,2025-01-13,Chennai,Central,Sea,SwiftHaul,FMCG,540.0,175.8,1.35,1,Monday,4,2.0,-2.0,0,91.2,70.97,0.404,0.131,None
SHP101557,2025-03-06,Hyderabad,South,Rail,SwiftHaul,Pharma,979.0,59.2,0.24,3,Thursday,5,2.9,-2.1,0,97.0,67.48,1.14,0.069,None
SHP101558,2025-10-16,Kolkata,West,Road,BlueLine,FMCG,1062.0,445.3,2.18,10,Thursday,4,4.4,0.4,1,75.9,397.66,0.893,0.374,Warehouse congestion
SHP101559,2025-08-22,Kolkata,West,Road,QuickMove,Electronics,1321.0,132.6,0.79,8,Friday,5,3.8,-1.2,0,77.9,157.99,1.191,0.12,None
SHP101560,2025-08-06,Chennai,South,Air,SwiftHaul,Pharma,1109.0,88.3,0.36,8,Wednesday,3,2.5,-0.5,0,76.1,349.0,3.952,0.315,None
SHP101561,2025-08-18,Delhi,West,Air,TransCo,Pharma,498.0,497.3,3.74,8,Monday,2,1.7,-0.3,0,73.4,761.44,1.531,1.529,None
SHP101562,2025-12-06,Hyderabad,West,Air,TransCo,Electronics,1076.0,224.1,1.17,12,Saturday,3,5.0,2.0,1,85.8,937.8,4.185,0.872,Customs/Docs
SHP101563,2025-09-13,Mumbai,South,Road,BlueLine,Apparel,785.0,845.1,3.57,9,Saturday,4,3.6,-0.4,0,77.5,560.34,0.663,0.714,None
SHP101564,2025-11-22,Chennai,North,Road,SwiftHaul,Pharma,1190.0,383.4,2.49,11,Saturday,5,3.6,-1.4,0,81.6,413.61,1.079,0.348,None
SHP101565,2025-04-24,Kolkata,West,Road,BlueLine,FMCG,555.0,361.6,1.6,4,Thursday,3,4.3,1.3,1,96.1,247.31,0.684,0.446,Last-mile failure
SHP101566,2025-11-26,Chennai,West,Road,TransCo,FMCG,685.0,129.0,0.53,11,Wednesday,3,3.6,0.6,1,80.4,103.15,0.8,0.151,Carrier capacity
SHP101567,2025-03-09,Hyderabad,East,Road,SwiftHaul,Pharma,1213.0,31.8,0.19,3,Sunday,5,3.0,-2.0,0,93.3,65.53,2.061,0.054,None
SHP101568,2025-07-26,Hyderabad,East,Road,TransCo,FMCG,1411.0,132.0,0.72,7,Saturday,6,4.4,-1.6,0,80.4,211.58,1.603,0.15,None
SHP101569,2025-10-30,Chennai,East,Road,TransCo,Pharma,744.0,476.0,2.74,10,Thursday,4,3.1,-0.9,0,75.6,286.51,0.602,0.385,None
SHP101570,2025-01-07,Mumbai,West,Road,BlueLine,Machinery,1642.0,67.0,0.41,1,Tuesday,5,4.2,-0.8,0,90.7,130.57,1.949,0.08,None
SHP101571,2025-12-12,Mumbai,Central,Sea,SwiftHaul,FMCG,748.0,71.4,0.57,12,Friday,5,4.4,-0.6,0,85.1,52.0,0.728,0.07,None
SHP101572,2025-12-04,Kolkata,North,Road,SwiftHaul,FMCG,985.0,914.2,4.07,12,Thursday,4,3.2,-0.8,0,87.1,848.93,0.929,0.862,None
SHP101573,2025-03-25,Kolkata,Central,Sea,TransCo,Pharma,1874.0,124.0,0.7,3,Tuesday,9,8.1,-0.9,0,92.2,109.35,0.882,0.058,None
SHP101574,2025-11-01,Kolkata,South,Rail,TransCo,Apparel,1222.0,74.5,0.3,11,Saturday,5,7.8,2.8,1,75.3,78.56,1.054,0.064,Weather
SHP101575,2025-03-08,Chennai,North,Road,SwiftHaul,FMCG,923.0,126.9,0.56,3,Saturday,4,1.7,-2.3,0,95.2,136.56,1.076,0.148,None
SHP101576,2025-01-12,Chennai,West,Road,SwiftHaul,Pharma,328.0,98.6,0.46,1,Sunday,3,0.7,-2.3,0,89.3,56.91,0.577,0.174,None
SHP101577,2025-07-23,Delhi,West,Rail,SwiftHaul,FMCG,1866.0,172.3,1.27,7,Wednesday,7,7.5,0.5,1,79.0,175.41,1.018,0.094,Warehouse congestion
SHP101578,2025-10-31,Chennai,North,Road,SwiftHaul,Machinery,705.0,572.6,2.89,10,Friday,4,2.1,-1.9,0,74.9,336.21,0.587,0.477,None
SHP101579,2025-05-09,Kolkata,Central,Road,SwiftHaul,FMCG,864.0,44.8,0.18,5,Friday,4,3.7,-0.3,0,89.9,63.55,1.419,0.074,None
SHP101580,2025-01-25,Chennai,East,Air,TransCo,FMCG,431.0,253.2,1.32,1,Saturday,2,2.9,0.9,1,90.8,492.74,1.946,1.143,Warehouse congestion
SHP101581,2025-01-19,Kolkata,South,Sea,QuickMove,Machinery,320.0,162.1,0.79,1,Sunday,3,2.6,-0.4,0,91.1,49.67,0.306,0.155,None
SHP101582,2025-04-22,Kolkata,South,Road,BlueLine,Machinery,908.0,432.9,1.74,4,Tuesday,4,3.1,-0.9,0,88.0,477.96,1.104,0.526,None
SHP101583,2025-04-05,Mumbai,Central,Rail,QuickMove,FMCG,1345.0,253.9,1.18,4,Saturday,6,4.2,-1.8,0,93.5,235.82,0.929,0.175,None
SHP101584,2025-04-29,Kolkata,South,Road,BlueLine,FMCG,1343.0,307.6,2.13,4,Tuesday,5,3.3,-1.7,0,90.1,439.8,1.43,0.327,None
SHP101585,2025-04-10,Delhi,South,Road,TransCo,Machinery,1233.0,109.1,0.74,4,Thursday,5,6.7,1.7,1,95.4,171.16,1.569,0.139,Weather
SHP101586,2025-12-20,Delhi,South,Sea,SwiftHaul,Electronics,782.0,279.2,1.84,12,Saturday,5,5.7,0.7,1,,120.89,0.433,0.155,Warehouse congestion
SHP101587,2025-08-05,Kolkata,North,Sea,TransCo,Electronics,1024.0,343.8,2.8,8,Tuesday,6,6.0,0.0,0,74.2,138.15,0.402,0.135,None
SHP101588,2025-11-01,Delhi,East,Road,TransCo,Pharma,530.0,43.5,0.34,11,Saturday,3,3.5,0.5,1,80.2,51.8,1.191,0.098,Last-mile failure
SHP101589,2025-12-17,Kolkata,South,Rail,SwiftHaul,Pharma,388.0,168.0,0.89,12,Wednesday,3,2.5,-0.5,0,81.0,66.26,0.394,0.171,None
SHP101590,2025-05-21,Delhi,North,Road,QuickMove,Electronics,407.0,99.3,0.41,5,Wednesday,3,1.3,-1.7,0,90.9,67.9,0.684,0.167,None
SHP101591,2025-06-16,Delhi,West,Rail,BlueLine,Apparel,1577.0,153.2,0.8,6,Monday,6,4.9,-1.1,0,85.9,166.45,1.086,0.106,None
SHP101592,2025-12-16,Delhi,West,Road,QuickMove,Machinery,1752.0,192.7,1.05,12,Tuesday,6,5.0,-1.0,0,86.5,320.05,1.661,0.183,None
SHP101593,2025-03-11,Delhi,North,Sea,QuickMove,Electronics,683.0,104.3,0.47,3,Tuesday,5,5.3,0.3,1,96.2,60.59,0.581,0.089,Last-mile failure
SHP101594,2025-03-27,Delhi,Central,Rail,SwiftHaul,FMCG,589.0,272.2,1.11,3,Thursday,4,2.0,-2.0,0,93.9,118.04,0.434,0.2,None
SHP101595,2025-08-16,Delhi,East,Road,QuickMove,Electronics,1048.0,140.8,0.61,8,Saturday,5,5.2,0.2,1,74.3,144.39,1.025,0.138,Customs/Docs
SHP101596,2025-05-31,Kolkata,West,Road,SwiftHaul,Machinery,745.0,769.9,3.61,5,Saturday,4,3.2,-0.8,0,88.6,566.68,0.736,0.761,None
SHP101597,2025-06-03,Chennai,North,Sea,TransCo,Machinery,835.0,202.2,1.24,6,Tuesday,5,6.0,1.0,1,84.7,90.68,0.448,0.109,Last-mile failure
SHP101598,2025-09-16,Delhi,East,Sea,QuickMove,Machinery,1727.0,75.8,0.59,9,Tuesday,10,10.0,0.0,0,72.5,72.76,0.96,0.042,None
SHP101599,2025-11-09,Kolkata,South,Road,QuickMove,FMCG,744.0,566.1,4.4,11,Sunday,4,2.7,-1.3,0,79.3,320.71,0.567,0.431,None
SHP101600,2025-09-28,Hyderabad,West,Air,QuickMove,Machinery,1333.0,143.9,0.89,9,Sunday,3,1.4,-1.6,0,74.3,714.55,4.966,0.536,None
SHP101601,2025-04-11,Kolkata,Central,Sea,BlueLine,Apparel,309.0,184.0,0.91,4,Friday,3,2.0,-1.0,0,95.9,57.25,0.311,0.185,None
SHP101602,2025-09-18,Mumbai,South,Rail,BlueLine,Apparel,789.0,73.4,0.43,9,Thursday,4,2.9,-1.1,0,75.9,60.06,0.818,0.076,None
SHP101603,2025-08-30,Kolkata,West,Road,SwiftHaul,FMCG,564.0,92.1,0.43,8,Saturday,3,1.8,-1.2,0,74.9,69.71,0.757,0.124,None
SHP101604,2025-02-06,Chennai,West,Road,BlueLine,Electronics,2091.0,442.0,1.99,2,Thursday,6,6.1,0.1,1,94.2,914.84,2.07,0.438,Carrier capacity
SHP101605,2025-12-18,Hyderabad,East,Rail,SwiftHaul,FMCG,1093.0,268.1,1.18,12,Thursday,5,4.6,-0.4,0,85.8,211.74,0.79,0.194,None
SHP101606,2025-12-19,Delhi,South,Air,BlueLine,Pharma,515.0,220.9,0.97,12,Friday,2,2.3,0.3,1,81.5,453.66,2.054,0.881,Last-mile failure
SHP101607,2025-05-24,Hyderabad,Central,Road,SwiftHaul,Pharma,647.0,40.7,0.3,5,Saturday,3,2.4,-0.6,0,94.2,56.82,1.396,0.088,None
SHP101608,2025-07-27,Hyderabad,South,Sea,QuickMove,Machinery,394.0,359.0,1.5,7,Sunday,4,3.1,-0.9,0,79.6,83.21,0.232,0.211,None
SHP101609,2025-10-25,Hyderabad,Central,Air,SwiftHaul,Apparel,1036.0,514.8,2.08,10,Saturday,3,3.5,0.5,1,74.5,1905.63,3.702,1.839,Warehouse congestion
SHP101610,2025-04-26,Chennai,East,Rail,BlueLine,Pharma,1060.0,84.7,0.36,4,Saturday,5,4.5,-0.5,0,93.7,89.11,1.052,0.084,None
SHP101611,2025-03-18,Hyderabad,Central,Road,QuickMove,FMCG,711.0,101.4,0.45,3,Tuesday,4,2.9,-1.1,0,93.2,101.02,0.996,0.142,None
SHP101612,2025-01-08,Mumbai,South,Road,SwiftHaul,FMCG,339.0,843.5,4.55,1,Wednesday,3,0.5,-2.5,0,86.5,263.91,0.313,0.778,None
SHP101613,2025-06-12,Mumbai,North,Sea,TransCo,Apparel,1017.0,541.4,2.64,6,Thursday,6,5.8,-0.2,0,86.1,208.51,0.385,0.205,None
SHP101614,2025-01-14,Hyderabad,Central,Sea,TransCo,Pharma,1859.0,277.4,2.05,1,Tuesday,9,8.6,-0.4,0,90.1,235.14,0.848,0.126,None
SHP101615,2025-05-15,Chennai,North,Sea,BlueLine,Pharma,268.0,74.8,0.33,5,Thursday,3,4.9,1.9,1,90.5,39.27,0.525,0.147,Weather
SHP101616,2025-08-14,Kolkata,East,Rail,TransCo,FMCG,1466.0,82.8,0.57,8,Thursday,6,6.3,0.3,1,73.0,93.57,1.13,0.064,Carrier capacity
SHP101617,2025-03-03,Chennai,East,Road,QuickMove,Apparel,1178.0,504.0,3.0,3,Monday,5,4.1,-0.9,0,95.9,646.56,1.283,0.549,None
SHP101618,2025-08-30,Mumbai,West,Road,QuickMove,Electronics,777.0,85.9,0.52,8,Saturday,4,3.6,-0.4,0,75.9,76.22,0.887,0.098,None
SHP101619,2025-10-20,Chennai,East,Road,SwiftHaul,Electronics,1084.0,29.4,0.19,10,Monday,5,5.0,0.0,0,73.8,54.92,1.868,0.051,None
SHP101620,2025-09-21,Chennai,Central,Road,TransCo,Electronics,2077.0,726.9,3.15,9,Sunday,7,6.3,-0.7,0,73.2,1038.16,1.428,0.5,None
SHP101621,2025-02-16,Mumbai,South,Road,QuickMove,Electronics,1483.0,79.4,0.32,2,Sunday,5,3.6,-1.4,0,96.8,144.69,1.822,0.098,None
SHP101622,2025-04-03,Kolkata,Central,Rail,TransCo,Pharma,1053.0,136.9,0.71,4,Thursday,5,4.5,-0.5,0,92.8,117.3,0.857,0.111,None
SHP101623,2025-06-24,Delhi,South,Sea,TransCo,Pharma,1104.0,220.9,1.35,6,Tuesday,7,5.9,-1.1,0,88.1,129.73,0.587,0.118,None
SHP101624,2025-12-10,Chennai,East,Road,TransCo,FMCG,1875.0,1107.5,4.56,12,Wednesday,7,7.0,0.0,0,83.1,1798.71,1.624,0.959,None
SHP101625,2025-12-20,Kolkata,North,Rail,BlueLine,FMCG,619.0,112.7,0.46,12,Saturday,4,3.1,-0.9,0,83.9,71.79,0.637,0.116,None
SHP101626,2025-12-15,Chennai,South,Road,BlueLine,Machinery,1845.0,370.0,1.98,12,Monday,6,6.3,0.3,1,84.2,656.56,1.774,0.356,Carrier capacity
SHP101627,2025-11-16,Mumbai,North,Sea,BlueLine,Electronics,296.0,161.2,0.74,11,Sunday,3,2.7,-0.3,0,81.5,48.99,0.304,0.166,None
SHP101628,2025-11-16,Hyderabad,South,Air,SwiftHaul,Pharma,747.0,257.1,1.38,11,Sunday,3,4.0,1.0,1,80.5,889.58,3.46,1.191,Weather
SHP101629,2025-02-14,Chennai,North,Road,TransCo,FMCG,428.0,233.2,1.57,2,Friday,3,1.8,-1.2,0,94.0,118.14,0.507,0.276,None
SHP101630,2025-11-04,Kolkata,West,Rail,TransCo,Pharma,1171.0,910.2,7.22,11,Tuesday,5,6.2,1.2,1,82.1,589.99,0.648,0.504,Warehouse congestion
SHP101631,2025-07-16,Chennai,South,Road,SwiftHaul,Machinery,1815.0,173.0,0.84,7,Wednesday,6,6.8,0.8,1,81.2,279.09,1.613,0.154,Weather
SHP101632,2025-06-09,Mumbai,North,Air,SwiftHaul,FMCG,1472.0,506.3,3.67,6,Monday,3,1.0,-2.0,0,82.3,2332.86,4.608,1.585,None
SHP101633,2025-10-20,Chennai,Central,Road,TransCo,Electronics,735.0,69.9,0.42,10,Monday,4,4.2,0.2,1,78.2,71.11,1.017,0.097,Warehouse congestion
SHP101634,2025-04-11,Kolkata,East,Rail,SwiftHaul,Electronics,1678.0,149.6,0.8,4,Friday,7,7.2,0.2,1,91.5,185.4,1.239,0.11,Last-mile failure
SHP101635,2025-01-01,Kolkata,West,Air,SwiftHaul,Electronics,1294.0,717.2,2.92,1,Wednesday,3,1.0,-2.0,0,92.0,4142.61,5.776,3.201,None
SHP101636,2025-11-19,Kolkata,West,Road,SwiftHaul,FMCG,1324.0,145.9,0.8,11,Wednesday,5,4.5,-0.5,0,80.9,196.4,1.346,0.148,None
SHP101637,2025-05-01,Delhi,Central,Road,SwiftHaul,Apparel,1254.0,127.8,0.91,5,Thursday,5,3.6,-1.4,0,91.1,181.28,1.418,0.145,None
SHP101638,2025-08-04,Hyderabad,North,Road,BlueLine,Apparel,1304.0,328.0,2.51,8,Monday,5,4.7,-0.3,0,75.5,359.75,1.097,0.276,None
SHP101639,2025-04-16,Kolkata,West,Road,TransCo,Electronics,2115.0,633.3,4.11,4,Wednesday,6,5.2,-0.8,0,91.5,1191.87,1.882,0.564,None
SHP101640,2025-01-23,Hyderabad,West,Road,TransCo,Apparel,1436.0,142.0,1.1,1,Thursday,5,3.7,-1.3,0,89.7,214.39,1.51,0.149,None
SHP101641,2025-09-24,Hyderabad,North,Air,TransCo,FMCG,1156.0,178.7,0.82,9,Wednesday,3,2.6,-0.4,0,75.6,745.19,4.17,0.645,None
SHP101642,2025-06-19,Kolkata,West,Rail,TransCo,FMCG,936.0,156.4,0.7,6,Thursday,4,3.9,-0.1,0,86.1,113.27,0.724,0.121,None
SHP101643,2025-07-30,Mumbai,South,Road,SwiftHaul,Electronics,643.0,407.0,2.29,7,Wednesday,4,2.1,-1.9,0,79.0,237.89,0.584,0.37,None
SHP101644,2025-07-18,Delhi,Central,Sea,SwiftHaul,Electronics,812.0,201.0,1.61,7,Friday,5,4.7,-0.3,0,78.7,87.7,0.436,0.108,None
SHP101645,2025-11-16,Mumbai,North,Sea,BlueLine,Electronics,296.0,161.2,0.74,11,Sunday,3,3.0,0.0,0,79.4,47.11,0.292,0.159,None
SHP101646,2025-02-16,Chennai,North,Sea,BlueLine,Electronics,712.0,245.2,1.06,2,Sunday,5,5.7,0.7,1,95.3,109.24,0.446,0.153,Weather
SHP101647,2025-04-30,Delhi,South,Road,BlueLine,Machinery,869.0,416.8,2.15,4,Wednesday,4,3.1,-0.9,0,90.1,289.83,0.695,0.334,None
SHP101648,2025-01-02,Mumbai,North,Air,SwiftHaul,Apparel,936.0,65.0,0.37,1,Thursday,3,1.9,-1.1,0,89.4,277.26,4.266,0.296,None
SHP101649,2025-12-06,Delhi,North,Road,BlueLine,Pharma,1464.0,31.9,0.15,12,Saturday,5,4.7,-0.3,0,83.6,69.87,2.19,0.048,None
SHP101650,2025-06-27,Hyderabad,South,Sea,BlueLine,Apparel,2069.0,85.6,0.49,6,Friday,11,10.2,-0.8,0,86.0,102.83,1.201,0.05,None
SHP101651,2025-01-07,Kolkata,West,Air,TransCo,FMCG,718.0,1681.7,9.49,1,Tuesday,2,1.6,-0.4,0,92.1,4897.83,2.912,6.821,None
SHP101652,2025-12-24,Delhi,West,Road,TransCo,FMCG,721.0,292.0,1.96,12,Wednesday,4,3.9,-0.1,0,81.7,172.17,0.59,0.239,None
SHP101653,2025-10-17,Kolkata,East,Road,BlueLine,Machinery,787.0,535.8,3.21,10,Friday,4,3.4,-0.6,0,77.0,313.64,0.585,0.399,None
SHP101654,2025-03-30,Hyderabad,West,Road,QuickMove,Machinery,1072.0,87.9,0.4,3,Sunday,4,4.3,0.3,1,96.8,105.44,1.2,0.098,Carrier capacity
SHP101655,2025-10-22,Mumbai,East,Road,SwiftHaul,Pharma,1059.0,60.7,0.49,10,Wednesday,5,6.5,1.5,1,74.4,82.85,1.365,0.078,Warehouse congestion
SHP101656,2025-05-13,Hyderabad,North,Sea,QuickMove,Pharma,585.0,414.8,2.68,5,Tuesday,4,3.9,-0.1,0,91.9,117.75,0.284,0.201,None
SHP101657,2025-05-22,Chennai,South,Road,BlueLine,FMCG,744.0,383.2,1.54,5,Thursday,4,2.8,-1.2,0,88.0,309.49,0.808,0.416,None
SHP101658,2025-10-28,Chennai,Central,Rail,TransCo,FMCG,342.0,151.1,0.76,10,Tuesday,3,2.2,-0.8,0,77.5,55.91,0.37,0.163,None
SHP101659,2025-11-09,Hyderabad,South,Road,BlueLine,Electronics,998.0,261.8,1.16,11,Sunday,4,5.6,1.6,1,82.3,243.05,0.928,0.244,Warehouse congestion
SHP101660,2025-10-20,Chennai,East,Road,SwiftHaul,Electronics,1084.0,29.4,0.19,10,Monday,5,4.1,-0.9,0,74.8,57.78,1.965,0.053,None
SHP101661,2025-04-25,Chennai,South,Sea,TransCo,Pharma,722.0,285.2,1.27,4,Friday,5,4.6,-0.4,0,93.1,117.81,0.413,0.163,None
SHP101662,2025-01-28,Mumbai,North,Road,QuickMove,Apparel,490.0,521.2,2.8,1,Tuesday,3,2.5,-0.5,0,92.2,239.82,0.46,0.489,None
SHP101663,2025-08-04,Delhi,South,Rail,QuickMove,Apparel,310.0,185.2,1.38,8,Monday,3,1.2,-1.8,0,71.6,57.88,0.313,0.187,None
SHP101664,2025-07-01,Hyderabad,West,Road,SwiftHaul,Machinery,627.0,146.9,0.7,7,Tuesday,3,2.5,-0.5,0,81.0,109.71,0.747,0.175,None
SHP101665,2025-11-01,Chennai,Central,Rail,SwiftHaul,Apparel,1017.0,109.4,0.64,11,Saturday,5,6.3,1.3,1,83.6,89.36,0.817,0.088,Weather
SHP101666,2025-02-27,Mumbai,North,Sea,SwiftHaul,Electronics,579.0,115.9,0.59,2,Thursday,4,3.2,-0.8,0,87.7,59.97,0.517,0.104,None
SHP101667,2025-05-06,Hyderabad,North,Air,QuickMove,Machinery,397.0,49.7,0.24,5,Tuesday,2,0.9,-1.1,0,92.2,102.74,2.067,0.259,None
SHP101668,2025-09-11,Chennai,East,Road,SwiftHaul,Apparel,455.0,133.2,0.94,9,Thursday,3,1.6,-1.4,0,76.6,69.49,0.522,0.153,None
SHP101669,2025-11-16,Chennai,South,Road,SwiftHaul,FMCG,303.0,197.3,1.63,11,Sunday,3,1.8,-1.2,0,79.9,84.83,0.43,0.28,None
SHP101670,2025-12-12,Kolkata,South,Road,SwiftHaul,Apparel,759.0,101.9,0.57,12,Friday,4,2.9,-1.1,0,85.8,92.33,0.906,0.122,None
SHP101671,2025-03-06,Hyderabad,South,Road,QuickMove,Electronics,2990.0,507.1,2.65,3,Thursday,9,7.4,-1.6,0,95.5,1375.03,2.712,0.46,None
SHP101672,2025-10-16,Hyderabad,South,Rail,SwiftHaul,Electronics,619.0,456.9,1.92,10,Thursday,4,2.2,-1.8,0,75.3,167.21,0.366,0.27,None
SHP101673,2025-02-06,Kolkata,South,Sea,SwiftHaul,Electronics,1057.0,165.6,0.8,2,Thursday,6,5.6,-0.4,0,96.1,99.48,0.601,0.094,None
SHP101674,2025-01-03,Hyderabad,West,Sea,SwiftHaul,Apparel,1126.0,131.8,1.03,1,Friday,6,4.9,-1.1,0,90.0,93.15,0.707,0.083,None
SHP101675,2025-06-01,Kolkata,West,Road,SwiftHaul,Electronics,1046.0,253.7,1.02,6,Sunday,4,2.9,-1.1,0,85.8,247.54,0.976,0.237,None
SHP101676,2025-11-05,Hyderabad,Central,Road,SwiftHaul,Electronics,1524.0,676.9,4.47,11,Wednesday,5,5.2,0.2,1,78.1,758.82,1.121,0.498,Carrier capacity
SHP101677,2025-03-14,Chennai,South,Air,SwiftHaul,FMCG,2095.0,176.1,1.03,3,Friday,3,2.3,-0.7,0,90.3,1489.55,8.459,0.711,None
SHP101678,2025-11-08,Chennai,East,Rail,TransCo,FMCG,1511.0,53.6,0.36,11,Saturday,7,6.8,-0.2,0,77.6,69.76,1.301,0.046,None
SHP101679,2025-03-01,Delhi,North,Sea,TransCo,FMCG,989.0,279.5,1.38,3,Saturday,6,5.8,-0.2,0,98.7,150.82,0.54,0.152,None
SHP101680,2025-04-09,Delhi,Central,Sea,TransCo,Electronics,1417.0,105.5,0.71,4,Wednesday,8,8.4,0.4,1,94.9,88.27,0.837,0.062,Last-mile failure
SHP101681,2025-05-22,Chennai,South,Road,SwiftHaul,Electronics,2066.0,53.8,0.27,5,Thursday,7,5.3,-1.7,0,89.1,128.26,2.384,0.062,None
SHP101682,2025-01-27,Hyderabad,Central,Road,TransCo,FMCG,1579.0,85.6,0.43,1,Monday,6,7.0,1.0,1,91.1,151.51,1.77,0.096,Weather
SHP101683,2025-10-12,Chennai,North,Road,QuickMove,FMCG,1107.0,329.4,2.1,10,Sunday,4,3.5,-0.5,0,77.2,353.45,1.073,0.319,None
SHP101684,2025-11-12,Hyderabad,South,Air,BlueLine,Apparel,2561.0,858.5,3.74,11,Wednesday,4,4.6,0.6,1,76.4,8260.16,9.622,3.225,Warehouse congestion
SHP101685,2025-04-25,Hyderabad,Central,Road,BlueLine,Apparel,606.0,273.4,1.77,4,Friday,3,3.1,0.1,1,95.4,190.18,0.696,0.314,Last-mile failure
SHP101686,2025-10-20,Hyderabad,South,Sea,BlueLine,Electronics,1837.0,229.7,1.57,10,Monday,10,8.6,-1.4,0,72.5,163.68,0.713,0.089,None
SHP101687,2025-08-27,Delhi,Central,Road,BlueLine,Apparel,1459.0,106.4,0.49,8,Wednesday,5,3.7,-1.3,0,75.1,143.59,1.35,0.098,None
SHP101688,2025-08-24,Chennai,East,Rail,SwiftHaul,Electronics,1350.0,657.8,2.89,8,Sunday,6,5.2,-0.8,0,74.4,484.87,0.737,0.359,None
SHP101689,2025-05-24,Chennai,Central,Sea,BlueLine,FMCG,895.0,75.5,0.38,5,Saturday,6,4.1,-1.9,0,90.4,55.33,0.733,0.062,None
SHP101690,2025-03-21,Delhi,South,Road,BlueLine,Electronics,571.0,256.1,1.26,3,Friday,3,2.7,-0.3,0,95.4,166.36,0.65,0.291,None
SHP101691,2025-04-09,Kolkata,West,Road,TransCo,FMCG,743.0,399.4,2.15,4,Wednesday,4,3.4,-0.6,0,87.6,282.99,0.709,0.381,None
SHP101692,2025-09-12,Mumbai,North,Rail,QuickMove,FMCG,1727.0,41.7,0.28,9,Friday,7,7.0,0.0,0,77.5,67.13,1.61,0.039,None
SHP101693,2025-04-30,Delhi,West,Road,QuickMove,Pharma,463.0,26.9,0.14,4,Wednesday,3,2.4,-0.6,0,93.8,41.74,1.552,0.09,None
SHP101694,2025-11-16,Hyderabad,South,Air,SwiftHaul,Pharma,747.0,257.1,1.38,11,Sunday,3,1.8,-1.2,0,81.9,775.52,3.016,1.038,None
SHP101695,2025-10-03,Hyderabad,North,Road,SwiftHaul,Electronics,1858.0,19.8,0.08,10,Friday,6,5.3,-0.7,0,76.4,60.18,3.039,0.032,None
SHP101696,2025-06-09,Delhi,Central,Road,QuickMove,Electronics,983.0,192.2,1.01,6,Monday,4,3.2,-0.8,0,85.4,198.26,1.032,0.202,None
SHP101697,2025-12-26,Kolkata,West,Road,QuickMove,Electronics,858.0,539.2,2.35,12,Friday,4,4.5,0.5,1,82.1,459.74,0.853,0.536,Customs/Docs
SHP101698,2025-06-30,Mumbai,North,Rail,SwiftHaul,Electronics,1397.0,48.5,0.25,6,Monday,6,3.9,-2.1,0,83.4,69.67,1.436,0.05,None
SHP101699,2025-05-18,Chennai,West,Sea,TransCo,Machinery,1148.0,163.8,1.02,5,Sunday,6,6.0,0.0,0,89.6,103.97,0.635,0.091,None
SHP101700,2025-09-08,Mumbai,East,Road,BlueLine,Machinery,912.0,76.2,0.41,9,Monday,4,3.8,-0.2,0,76.4,83.92,1.101,0.092,None
SHP101701,2025-02-20,Hyderabad,South,Road,QuickMove,FMCG,783.0,223.1,1.03,2,Thursday,4,4.0,0.0,0,92.8,205.15,0.92,0.262,None
SHP101702,2025-03-25,Kolkata,Central,Sea,TransCo,Pharma,1874.0,124.0,0.7,3,Tuesday,9,8.7,-0.3,0,93.6,124.73,1.006,0.067,None
SHP101703,2025-08-15,Hyderabad,East,Road,TransCo,Pharma,1090.0,142.7,0.82,8,Friday,5,5.7,0.7,1,74.5,152.4,1.068,0.14,Carrier capacity
SHP101704,2025-11-23,Chennai,Central,Sea,QuickMove,FMCG,1287.0,99.9,0.43,11,Sunday,7,6.9,-0.1,0,80.7,77.99,0.781,0.061,None
SHP101705,2025-08-27,Mumbai,West,Road,TransCo,FMCG,793.0,486.8,2.63,8,Wednesday,4,6.4,2.4,1,76.2,264.1,0.543,0.333,Last-mile failure
SHP101706,2025-07-15,Delhi,South,Road,SwiftHaul,FMCG,916.0,195.8,1.24,7,Tuesday,4,1.5,-2.5,0,78.2,154.49,0.789,0.169,None
SHP101707,2025-06-01,Hyderabad,West,Air,QuickMove,Electronics,834.0,197.1,1.17,6,Sunday,3,2.0,-1.0,0,84.6,686.37,3.482,0.823,None
SHP101708,2025-10-30,Kolkata,West,Road,TransCo,FMCG,513.0,35.9,0.19,10,Thursday,3,4.2,1.2,1,74.8,44.17,1.23,0.086,Weather
SHP101709,2025-11-20,Kolkata,North,Air,SwiftHaul,Pharma,1136.0,869.2,7.13,11,Thursday,3,1.6,-1.4,0,78.0,2698.79,3.105,2.376,None
SHP101710,2025-06-14,Delhi,East,Road,TransCo,Machinery,733.0,1031.9,8.08,6,Saturday,4,4.4,0.4,1,81.8,525.48,0.509,0.717,Carrier capacity
SHP101711,2025-06-09,Mumbai,West,Road,SwiftHaul,Apparel,855.0,357.7,2.32,6,Monday,4,4.2,0.2,1,82.3,308.78,0.863,0.361,Carrier capacity
SHP101712,2025-09-13,Hyderabad,Central,Air,BlueLine,FMCG,656.0,269.3,1.19,9,Saturday,2,0.9,-1.1,0,74.9,648.57,2.408,0.989,None
SHP101713,2025-01-29,Kolkata,North,Road,BlueLine,Apparel,1118.0,232.5,1.11,1,Wednesday,4,4.4,0.4,1,85.9,278.06,1.196,0.249,Carrier capacity
SHP101714,2025-02-08,Mumbai,Central,Sea,TransCo,Pharma,722.0,189.3,1.41,2,Saturday,5,4.0,-1.0,0,92.0,81.55,0.431,0.113,None
SHP101715,2025-01-30,Hyderabad,West,Sea,QuickMove,Electronics,1500.0,102.0,0.48,1,Thursday,8,7.2,-0.8,0,91.3,88.59,0.869,0.059,None
SHP101716,2025-02-09,Hyderabad,North,Road,SwiftHaul,FMCG,1865.0,445.7,2.54,2,Sunday,6,4.6,-1.4,0,95.6,940.59,2.11,0.504,None
SHP101717,2025-03-13,Hyderabad,North,Sea,TransCo,FMCG,384.0,160.1,1.26,3,Thursday,4,2.1,-1.9,0,95.7,57.02,0.356,0.148,None
SHP101718,2025-06-02,Mumbai,Central,Road,SwiftHaul,Machinery,952.0,379.1,3.12,6,Monday,4,3.0,-1.0,0,86.6,344.76,0.909,0.362,None
SHP101719,2025-03-04,Mumbai,East,Sea,SwiftHaul,FMCG,1306.0,111.6,0.54,3,Tuesday,8,6.4,-1.6,0,95.0,92.14,0.826,0.071,None
SHP101720,2025-10-06,Delhi,North,Air,SwiftHaul,FMCG,1248.0,50.8,0.22,10,Monday,3,1.8,-1.2,0,74.2,210.26,4.139,0.168,None
SHP101721,2025-12-04,Kolkata,North,Air,QuickMove,Apparel,1701.0,233.9,1.02,12,Thursday,3,2.0,-1.0,0,86.4,1695.42,7.248,0.997,None
SHP101722,2025-04-28,Hyderabad,South,Air,TransCo,Electronics,538.0,480.3,2.36,4,Monday,2,1.7,-0.3,0,94.6,951.83,1.982,1.769,None
SHP101723,2025-02-19,Kolkata,South,Road,SwiftHaul,FMCG,1575.0,57.0,0.25,2,Wednesday,6,3.7,-2.3,0,92.6,118.14,2.073,0.075,None
SHP101724,2025-07-21,Hyderabad,South,Road,QuickMove,Machinery,2142.0,268.6,1.44,7,Monday,7,6.0,-1.0,0,78.8,489.55,1.823,0.229,None
SHP101725,2025-02-27,Mumbai,North,Sea,SwiftHaul,Electronics,579.0,115.9,0.59,2,Thursday,4,2.5,-1.5,0,93.6,58.57,0.505,0.101,None
SHP101726,2025-03-25,Kolkata,Central,Sea,TransCo,Pharma,1874.0,124.0,0.7,3,Tuesday,9,9.7,0.7,1,97.3,125.72,1.014,0.067,Last-mile failure
SHP101727,2025-11-10,Mumbai,Central,Road,BlueLine,Apparel,981.0,73.9,0.38,11,Monday,4,3.5,-0.5,0,79.2,94.16,1.274,0.096,None
SHP101728,2025-04-20,Hyderabad,Central,Rail,SwiftHaul,Apparel,1162.0,144.5,0.74,4,Sunday,5,2.9,-2.1,0,87.6,123.5,0.855,0.106,None
SHP101729,2025-04-05,Kolkata,South,Road,SwiftHaul,Apparel,837.0,81.5,0.6,4,Saturday,4,2.8,-1.2,0,94.5,94.85,1.164,0.113,None
SHP101730,2025-09-14,Delhi,North,Road,TransCo,Apparel,602.0,151.0,0.81,9,Sunday,3,3.6,0.6,1,72.8,96.23,0.637,0.16,Warehouse congestion
SHP101731,2025-11-01,Hyderabad,East,Road,BlueLine,Electronics,752.0,97.0,0.47,11,Saturday,4,3.5,-0.5,0,80.9,88.73,0.915,0.118,None
SHP101732,2025-11-08,Chennai,East,Rail,TransCo,FMCG,1511.0,53.6,0.36,11,Saturday,7,6.9,-0.1,0,80.8,76.07,1.419,0.05,None
SHP101733,2025-11-24,Hyderabad,West,Rail,TransCo,Pharma,1211.0,155.1,0.96,11,Monday,5,6.1,1.1,1,83.1,139.21,0.898,0.115,Warehouse congestion
SHP101734,2025-08-05,Chennai,East,Road,QuickMove,FMCG,1160.0,325.0,1.44,8,Tuesday,5,4.2,-0.8,0,76.1,320.93,0.987,0.277,None
SHP101735,2025-10-15,Kolkata,North,Road,BlueLine,FMCG,711.0,210.8,0.88,10,Wednesday,4,3.1,-0.9,0,77.3,151.73,0.72,0.213,None
SHP101736,2025-04-11,Mumbai,South,Road,SwiftHaul,FMCG,1173.0,178.8,1.43,4,Friday,5,3.7,-1.3,0,93.9,238.67,1.335,0.203,None
SHP101737,2025-10-20,Delhi,East,Rail,BlueLine,Machinery,1138.0,104.6,0.64,10,Monday,5,6.7,1.7,1,78.1,95.38,0.912,0.084,Carrier capacity
SHP101738,2025-01-28,Mumbai,North,Road,QuickMove,Apparel,490.0,521.2,2.8,1,Tuesday,3,1.3,-1.7,0,82.9,267.25,0.513,0.545,None
SHP101739,2025-08-15,Chennai,West,Road,BlueLine,FMCG,574.0,1313.4,8.43,8,Friday,3,2.5,-0.5,0,75.0,663.68,0.505,1.156,None
SHP101740,2025-06-13,Mumbai,Central,Road,BlueLine,Apparel,891.0,184.3,0.85,6,Friday,4,3.2,-0.8,0,84.5,164.35,0.892,0.184,None
SHP101741,2025-09-03,Mumbai,North,Road,TransCo,FMCG,822.0,819.7,3.59,9,Wednesday,4,2.9,-1.1,0,75.1,523.83,0.639,0.637,None
SHP101742,2025-06-22,Chennai,West,Air,SwiftHaul,Apparel,1217.0,150.8,0.64,6,Sunday,3,1.6,-1.4,0,82.6,735.52,4.877,0.604,None
SHP101743,2025-04-15,Hyderabad,South,Air,BlueLine,Apparel,2123.0,480.0,2.07,4,Tuesday,3,2.2,-0.8,0,94.3,4308.71,8.976,2.03,None
SHP101744,2025-10-02,Hyderabad,West,Road,BlueLine,Apparel,206.0,136.2,0.93,10,Thursday,2,2.0,0.0,0,78.1,52.29,0.384,0.254,None
SHP101745,2025-11-23,Delhi,South,Sea,BlueLine,Electronics,1235.0,330.5,2.21,11,Sunday,7,7.4,0.4,1,78.6,160.21,0.485,0.13,Warehouse congestion
SHP101746,2025-06-22,Mumbai,West,Rail,SwiftHaul,Apparel,2443.0,234.0,1.64,6,Sunday,8,8.3,0.3,1,83.1,337.31,1.441,0.138,Weather
SHP101747,2025-08-28,Chennai,West,Air,TransCo,FMCG,470.0,481.1,3.01,8,Thursday,2,1.4,-0.6,0,77.1,804.42,1.672,1.712,None
SHP101748,2025-02-14,Hyderabad,North,Rail,BlueLine,Electronics,617.0,157.2,0.96,2,Friday,4,2.1,-1.9,0,94.0,86.32,0.549,0.14,None
SHP101749,2025-07-15,Delhi,South,Rail,TransCo,FMCG,1567.0,287.3,2.23,7,Tuesday,6,6.1,0.1,1,80.5,241.15,0.839,0.154,Last-mile failure
SHP101750,2025-06-19,Kolkata,North,Sea,TransCo,Machinery,581.0,140.7,0.59,6,Thursday,4,4.4,0.4,1,82.1,62.87,0.447,0.108,Customs/Docs
SHP101751,2025-10-16,Delhi,South,Sea,TransCo,Apparel,329.0,497.9,2.68,10,Thursday,3,4.1,1.1,1,81.8,82.6,0.166,0.251,Last-mile failure
SHP101752,2025-09-08,Delhi,North,Road,SwiftHaul,Machinery,640.0,128.4,0.53,9,Monday,3,2.3,-0.7,0,70.1,94.77,0.738,0.148,None
SHP101753,2025-08-09,Mumbai,West,Road,SwiftHaul,FMCG,899.0,490.3,2.41,8,Saturday,4,3.2,-0.8,0,78.1,402.41,0.821,0.448,None
SHP101754,2025-01-15,Kolkata,West,Road,TransCo,Electronics,1445.0,63.5,0.48,1,Wednesday,5,4.4,-0.6,0,88.6,112.65,1.774,0.078,None
SHP101755,2025-09-17,Hyderabad,West,Sea,SwiftHaul,Electronics,249.0,167.6,0.74,9,Wednesday,3,1.7,-1.3,0,81.0,45.46,0.271,0.183,None
SHP101756,2025-02-23,Mumbai,Central,Sea,TransCo,Apparel,3743.0,480.9,2.33,2,Sunday,17,16.8,-0.2,0,94.5,831.51,1.729,0.222,None
SHP101757,2025-04-11,Kolkata,West,Road,BlueLine,FMCG,898.0,653.3,3.18,4,Friday,4,4.8,0.8,1,95.8,569.19,0.871,0.634,Customs/Docs
SHP101758,2025-06-20,Hyderabad,North,Road,SwiftHaul,Pharma,864.0,306.6,2.44,6,Friday,4,4.5,0.5,1,86.0,251.03,0.819,0.291,Warehouse congestion
SHP101759,2025-04-06,Delhi,Central,Road,BlueLine,FMCG,3034.0,453.0,2.91,4,Sunday,9,8.0,-1.0,0,88.8,1231.2,2.718,0.406,None
SHP101760,2025-01-17,Mumbai,Central,Sea,BlueLine,FMCG,657.0,1197.3,6.51,1,Friday,5,2.4,-2.6,0,90.2,354.15,0.296,0.539,None
SHP101761,2025-01-07,Mumbai,West,Road,BlueLine,Machinery,1642.0,67.0,0.41,1,Tuesday,5,4.8,-0.2,0,90.7,123.76,1.847,0.075,None
SHP101762,2025-06-07,Kolkata,West,Road,SwiftHaul,Electronics,1176.0,389.3,2.36,6,Saturday,4,3.4,-0.6,0,85.9,404.67,1.039,0.344,None
SHP101763,2025-12-21,Kolkata,Central,Road,TransCo,FMCG,352.0,113.2,0.48,12,Sunday,3,3.6,0.6,1,87.4,70.39,0.622,0.2,Customs/Docs
SHP101764,2025-09-26,Chennai,North,Road,SwiftHaul,Electronics,786.0,192.6,1.2,9,Friday,4,3.0,-1.0,0,75.5,147.06,0.764,0.187,None
SHP101765,2025-05-05,Chennai,North,Road,BlueLine,Apparel,1192.0,148.4,0.65,5,Monday,5,3.8,-1.2,0,91.6,176.98,1.193,0.148,None
SHP101766,2025-08-23,Kolkata,South,Rail,QuickMove,Electronics,406.0,41.9,0.24,8,Saturday,3,2.5,-0.5,0,74.8,39.13,0.934,0.096,None
SHP101767,2025-05-29,Kolkata,East,Sea,BlueLine,Machinery,648.0,105.8,0.54,5,Thursday,5,4.1,-0.9,0,86.5,56.33,0.532,0.087,None
SHP101768,2025-12-25,Mumbai,North,Sea,BlueLine,Apparel,1025.0,1030.2,5.63,12,Thursday,6,5.4,-0.6,0,83.2,401.41,0.39,0.392,None
SHP101769,2025-06-03,Hyderabad,South,Rail,QuickMove,Electronics,787.0,331.0,2.01,6,Tuesday,4,3.3,-0.7,0,83.5,204.67,0.618,0.26,None
SHP101770,2025-03-25,Mumbai,West,Rail,TransCo,FMCG,509.0,1293.3,5.28,3,Tuesday,3,2.0,-1.0,0,93.2,438.18,0.339,0.861,None
SHP101771,2025-06-03,Hyderabad,North,Road,BlueLine,Machinery,714.0,203.1,1.38,6,Tuesday,4,5.0,1.0,1,82.6,142.03,0.699,0.199,Warehouse congestion
SHP101772,2025-12-02,Mumbai,South,Rail,SwiftHaul,Pharma,752.0,277.0,1.56,12,Tuesday,4,5.7,1.7,1,83.1,140.84,0.508,0.187,Customs/Docs
SHP101773,2025-06-21,Delhi,East,Sea,SwiftHaul,FMCG,1447.0,410.6,2.77,6,Saturday,9,6.3,-2.7,0,84.1,259.82,0.633,0.18,None
SHP101774,2025-03-31,Kolkata,West,Sea,QuickMove,FMCG,496.0,294.9,2.21,3,Monday,4,3.6,-0.4,0,93.0,90.66,0.307,0.183,None
SHP101775,2025-12-10,Hyderabad,North,Air,SwiftHaul,FMCG,1084.0,364.7,1.62,12,Wednesday,3,1.8,-1.2,0,90.1,1672.86,4.587,1.543,None
SHP101776,2025-07-14,Hyderabad,Central,Rail,SwiftHaul,Electronics,1438.0,118.6,0.83,7,Monday,6,5.3,-0.7,0,77.2,105.77,0.892,0.074,None
SHP101777,2025-05-21,Delhi,West,Road,BlueLine,Apparel,781.0,118.3,0.79,5,Wednesday,4,2.7,-1.3,0,90.9,105.9,0.895,0.136,None
SHP101778,2025-10-15,Hyderabad,North,Sea,BlueLine,FMCG,1258.0,370.6,1.61,10,Wednesday,7,7.1,0.1,1,75.3,183.6,0.495,0.146,Weather
SHP101779,2025-07-19,Delhi,West,Sea,BlueLine,Apparel,1361.0,159.7,0.85,7,Saturday,7,8.2,1.2,1,81.1,104.42,0.654,0.077,Last-mile failure
SHP101780,2025-10-29,Chennai,West,Road,TransCo,Machinery,2704.0,132.1,0.74,10,Wednesday,8,7.7,-0.3,0,75.9,275.75,2.087,0.102,None
SHP101781,2025-07-09,Chennai,East,Rail,QuickMove,Machinery,940.0,81.1,0.56,7,Wednesday,5,4.4,-0.6,0,,73.71,0.909,0.078,None
SHP101782,2025-11-07,Kolkata,North,Air,QuickMove,FMCG,308.0,170.3,1.04,11,Friday,2,4.4,2.4,1,79.2,221.38,1.3,0.719,Warehouse congestion
SHP101783,2025-06-07,Mumbai,North,Road,TransCo,Apparel,453.0,510.0,3.2,6,Saturday,3,2.2,-0.8,0,85.2,253.86,0.498,0.56,None
SHP101784,2025-09-25,Mumbai,North,Road,TransCo,Electronics,1014.0,206.7,1.68,9,Thursday,4,3.4,-0.6,0,70.6,186.28,0.901,0.184,None
SHP101785,2025-07-01,Mumbai,Central,Road,TransCo,Pharma,1527.0,219.2,1.06,7,Tuesday,5,5.5,0.5,1,77.3,298.52,1.362,0.195,Last-mile failure
SHP101786,2025-12-30,Hyderabad,West,Rail,BlueLine,FMCG,1192.0,96.8,0.43,12,Tuesday,5,7.0,2.0,1,81.9,91.65,0.947,0.077,Carrier capacity
SHP101787,2025-10-20,Chennai,North,Sea,BlueLine,Apparel,1738.0,259.4,1.86,10,Monday,9,8.9,-0.1,0,79.4,223.58,0.862,0.129,None
SHP101788,2025-10-22,Mumbai,West,Rail,TransCo,Electronics,1921.0,192.4,0.99,10,Wednesday,7,6.9,-0.1,0,78.2,216.13,1.123,0.113,None
SHP101789,2025-01-30,Kolkata,North,Road,BlueLine,FMCG,609.0,114.1,0.51,1,Thursday,3,2.2,-0.8,0,90.4,91.08,0.798,0.15,None
SHP101790,2025-09-09,Delhi,West,Road,SwiftHaul,Apparel,1309.0,54.3,0.4,9,Tuesday,5,3.2,-1.8,0,77.1,88.6,1.632,0.068,None
SHP101791,2025-02-14,Hyderabad,North,Rail,BlueLine,Electronics,617.0,157.2,0.96,2,Friday,4,3.4,-0.6,0,91.6,81.66,0.519,0.132,None
SHP101792,2025-10-15,Delhi,North,Road,QuickMove,Pharma,557.0,765.5,6.11,10,Wednesday,3,2.4,-0.6,0,79.3,366.03,0.478,0.657,None
SHP101793,2025-11-29,Hyderabad,South,Sea,SwiftHaul,Pharma,432.0,143.0,0.66,11,Saturday,4,4.7,0.7,1,80.2,52.36,0.366,0.121,Warehouse congestion
SHP101794,2025-04-02,Hyderabad,West,Sea,BlueLine,Machinery,683.0,336.3,1.54,4,Wednesday,5,3.9,-1.1,0,93.2,121.36,0.361,0.178,None
SHP101795,2025-10-15,Delhi,West,Rail,SwiftHaul,Electronics,579.0,454.1,2.34,10,Wednesday,3,4.0,1.0,1,78.4,177.78,0.391,0.307,Customs/Docs
SHP101796,2025-06-25,Kolkata,East,Sea,SwiftHaul,Machinery,2012.0,107.4,0.66,6,Wednesday,11,10.5,-0.5,0,86.9,118.71,1.105,0.059,None
SHP101797,2025-05-01,Delhi,Central,Road,SwiftHaul,Apparel,1254.0,127.8,0.91,5,Thursday,5,3.4,-1.6,0,87.2,172.99,1.354,0.138,None
SHP101798,2025-09-21,Delhi,North,Road,TransCo,Machinery,1375.0,255.5,1.41,9,Sunday,5,4.7,-0.3,0,76.7,300.99,1.178,0.219,None
SHP101799,2025-09-06,Delhi,Central,Sea,BlueLine,Pharma,616.0,180.1,1.12,9,Saturday,4,3.1,-0.9,0,74.7,65.76,0.365,0.107,None
SHP101800,2025-02-01,Mumbai,East,Road,TransCo,Machinery,1163.0,430.4,2.28,2,Saturday,5,7.3,2.3,1,94.2,432.09,1.004,0.372,Last-mile failure
SHP101801,2025-03-19,Hyderabad,North,Road,SwiftHaul,Apparel,561.0,226.3,1.07,3,Wednesday,3,2.3,-0.7,0,94.2,154.75,0.684,0.276,None
SHP101802,2025-01-10,Kolkata,West,Rail,BlueLine,Apparel,1761.0,438.2,2.68,1,Friday,6,6.9,0.9,1,87.8,512.72,1.17,0.291,Weather
SHP101803,2025-12-29,Kolkata,East,Sea,BlueLine,Electronics,398.0,91.4,0.53,12,Monday,4,4.0,0.0,0,82.3,43.6,0.477,0.11,None
SHP101804,2025-05-21,Delhi,South,Rail,QuickMove,Machinery,1262.0,1671.9,9.23,5,Wednesday,5,4.1,-0.9,0,88.8,1137.43,0.68,0.901,None
SHP101805,2025-07-28,Kolkata,North,Air,TransCo,Pharma,1356.0,170.8,0.75,7,Monday,3,2.0,-1.0,0,80.9,829.52,4.857,0.612,None
SHP101806,2025-07-09,Delhi,Central,Rail,TransCo,Apparel,688.0,103.0,0.74,7,Wednesday,4,3.1,-0.9,0,80.5,66.59,0.647,0.097,None
SHP101807,2025-04-21,Delhi,South,Sea,BlueLine,FMCG,925.0,316.5,1.66,4,Monday,6,5.0,-1.0,0,94.1,148.79,0.47,0.161,None
SHP101808,2025-02-04,Kolkata,West,Road,SwiftHaul,Apparel,1504.0,445.0,2.62,2,Tuesday,5,5.1,0.1,1,95.3,688.07,1.546,0.457,Carrier capacity
SHP101809,2025-12-31,Delhi,North,Sea,SwiftHaul,Electronics,1674.0,147.1,0.64,12,Wednesday,9,8.4,-0.6,0,84.9,113.17,0.769,0.068,None
SHP101810,2025-09-28,Delhi,North,Rail,SwiftHaul,Machinery,552.0,442.9,2.16,9,Sunday,3,1.8,-1.2,0,78.8,156.43,0.353,0.283,None
SHP101811,2025-02-21,Chennai,East,Sea,BlueLine,FMCG,574.0,194.7,1.25,2,Friday,5,4.8,-0.2,0,94.4,77.34,0.397,0.135,None
SHP101812,2025-07-06,Kolkata,Central,Rail,QuickMove,Electronics,925.0,230.4,1.27,7,Sunday,4,5.7,1.7,1,78.0,154.27,0.67,0.167,Carrier capacity
SHP101813,2025-10-21,Kolkata,West,Rail,TransCo,Pharma,1172.0,33.3,0.17,10,Tuesday,5,4.9,-0.1,0,73.7,49.63,1.49,0.042,None
SHP101814,2025-10-08,Chennai,Central,Sea,SwiftHaul,Machinery,1110.0,194.0,0.92,10,Wednesday,6,5.2,-0.8,0,77.0,101.1,0.521,0.091,None
SHP101815,2025-02-09,Hyderabad,North,Road,SwiftHaul,FMCG,1865.0,445.7,2.54,2,Sunday,6,3.5,-2.5,0,93.2,891.09,1.999,0.478,None
SHP101816,2025-06-04,Mumbai,East,Road,SwiftHaul,Pharma,1157.0,43.6,0.2,6,Wednesday,5,4.7,-0.3,0,82.7,68.53,1.572,0.059,None
SHP101817,2025-09-19,Kolkata,West,Sea,QuickMove,Machinery,917.0,162.9,1.0,9,Friday,5,4.8,-0.2,0,74.7,76.57,0.47,0.084,None
SHP101818,2025-05-08,Hyderabad,North,Sea,TransCo,FMCG,973.0,214.3,1.51,5,Thursday,6,5.3,-0.7,0,88.9,100.4,0.469,0.103,None
SHP101819,2025-02-05,Chennai,Central,Road,QuickMove,Pharma,996.0,785.1,5.87,2,Wednesday,4,3.5,-0.5,0,92.8,847.25,1.079,0.851,None
SHP101820,2025-01-01,Mumbai,South,Road,SwiftHaul,Machinery,765.0,220.1,1.79,1,Wednesday,4,3.4,-0.6,0,92.7,189.98,0.863,0.248,None
SHP101821,2025-01-28,Delhi,South,Road,TransCo,Electronics,1129.0,219.0,1.11,1,Tuesday,5,4.8,-0.2,0,91.4,253.93,1.159,0.225,None
SHP101822,2025-03-10,Mumbai,West,Sea,SwiftHaul,Machinery,753.0,326.5,2.04,3,Monday,5,6.1,1.1,1,97.1,145.74,0.446,0.194,Weather
SHP101823,2025-11-27,Chennai,South,Road,BlueLine,Pharma,1198.0,333.0,2.33,11,Thursday,5,4.6,-0.4,0,83.4,349.79,1.05,0.292,None
SHP101824,2025-10-17,Kolkata,North,Sea,QuickMove,Electronics,421.0,62.6,0.28,10,Friday,4,2.7,-1.3,0,76.6,38.65,0.617,0.092,None
SHP101825,2025-07-11,Hyderabad,East,Road,TransCo,Pharma,662.0,243.9,1.61,7,Friday,4,2.5,-1.5,0,80.5,174.53,0.716,0.264,None
SHP101826,2025-10-16,Hyderabad,West,Road,BlueLine,Apparel,2053.0,2339.4,13.86,10,Thursday,6,5.9,-0.1,0,77.0,3530.68,1.509,1.72,None
SHP101827,2025-08-26,Hyderabad,West,Sea,TransCo,FMCG,969.0,362.1,1.75,8,Tuesday,6,6.0,0.0,0,78.6,146.86,0.406,0.152,None
SHP101828,2025-10-09,Mumbai,West,Road,TransCo,Apparel,998.0,1908.3,10.28,10,Thursday,4,3.9,-0.1,0,78.4,1520.77,0.797,1.524,None
SHP101829,2025-06-11,Delhi,West,Rail,SwiftHaul,Apparel,253.0,68.6,0.35,6,Wednesday,3,1.8,-1.2,0,83.8,39.89,0.581,0.158,None
SHP101830,2025-01-03,Chennai,Central,Sea,QuickMove,Machinery,548.0,294.6,1.35,1,Friday,4,5.2,1.2,1,87.7,96.64,0.328,0.176,Last-mile failure
SHP101831,2025-01-28,Hyderabad,Central,Air,QuickMove,Pharma,774.0,102.1,0.47,1,Tuesday,3,1.0,-2.0,0,87.8,333.29,3.264,0.431,None
SHP101832,2025-10-13,Hyderabad,North,Sea,BlueLine,Machinery,1090.0,69.7,0.43,10,Monday,6,6.5,0.5,1,76.4,52.35,0.751,0.048,Carrier capacity
SHP101833,2025-08-14,Hyderabad,North,Road,SwiftHaul,Electronics,639.0,293.6,1.21,8,Thursday,3,1.8,-1.2,0,73.9,172.52,0.588,0.27,None
SHP101834,2025-12-22,Delhi,North,Sea,QuickMove,Electronics,695.0,342.8,1.81,12,Monday,5,4.4,-0.6,0,85.7,122.25,0.357,0.176,None
SHP101835,2025-09-11,Mumbai,East,Rail,BlueLine,FMCG,1367.0,247.5,1.2,9,Thursday,6,5.5,-0.5,0,70.7,195.46,0.79,0.143,None
SHP101836,2025-01-21,Delhi,North,Road,BlueLine,Machinery,1285.0,172.1,0.7,1,Tuesday,5,4.2,-0.8,0,93.7,224.77,1.306,0.175,None
SHP101837,2025-02-03,Chennai,East,Sea,TransCo,Apparel,901.0,48.0,0.21,2,Monday,6,5.4,-0.6,0,90.9,45.18,0.941,0.05,None
SHP101838,2025-10-25,Mumbai,South,Road,BlueLine,Apparel,963.0,274.7,1.52,10,Saturday,4,4.6,0.6,1,75.0,229.48,0.835,0.238,Warehouse congestion
SHP101839,2025-09-28,Hyderabad,West,Sea,QuickMove,Apparel,1545.0,127.8,0.51,9,Sunday,8,6.7,-1.3,0,73.8,89.44,0.7,0.058,None
SHP101840,2025-01-20,Hyderabad,South,Road,TransCo,Electronics,1000.0,243.7,1.48,1,Monday,4,4.4,0.4,1,92.9,268.33,1.101,0.268,Carrier capacity
SHP101841,2025-10-28,Chennai,West,Air,TransCo,FMCG,1042.0,446.5,2.68,10,Tuesday,3,1.6,-1.4,0,76.3,1690.21,3.785,1.622,None
SHP101842,2025-01-05,Chennai,East,Air,BlueLine,FMCG,491.0,258.7,1.53,1,Sunday,2,0.7,-1.3,0,87.9,474.72,1.835,0.967,None
SHP101843,2025-05-08,Mumbai,East,Rail,TransCo,FMCG,611.0,243.6,1.54,5,Thursday,4,3.4,-0.6,0,89.9,116.05,0.476,0.19,None
SHP101844,2025-11-14,Delhi,North,Road,TransCo,FMCG,1495.0,1202.2,5.93,11,Friday,5,7.1,2.1,1,80.1,1665.75,1.386,1.114,Weather
SHP101845,2025-12-08,Kolkata,East,Sea,SwiftHaul,Pharma,1366.0,96.2,0.72,12,Monday,8,7.4,-0.6,0,85.8,79.4,0.825,0.058,None
SHP101846,2025-06-07,Mumbai,South,Air,QuickMove,FMCG,952.0,118.0,0.49,6,Saturday,3,0.7,-2.3,0,82.8,453.12,3.84,0.476,None
SHP101847,2025-04-29,Delhi,East,Sea,BlueLine,FMCG,1682.0,91.6,0.39,4,Tuesday,10,10.3,0.3,1,95.4,101.51,1.108,0.06,Customs/Docs
SHP101848,2025-11-27,Kolkata,Central,Rail,SwiftHaul,FMCG,642.0,34.3,0.15,11,Thursday,4,3.7,-0.3,0,80.3,41.99,1.224,0.065,None
SHP101849,2025-10-06,Hyderabad,East,Rail,TransCo,FMCG,1511.0,934.9,7.46,10,Monday,7,7.0,0.0,0,79.3,859.9,0.92,0.569,None
SHP101850,2025-07-15,Delhi,South,Road,SwiftHaul,FMCG,916.0,195.8,1.24,7,Tuesday,4,6.6,2.6,1,79.7,184.71,0.943,0.202,Weather
SHP101851,2025-07-07,Hyderabad,West,Rail,BlueLine,Pharma,632.0,209.4,1.18,7,Monday,4,2.6,-1.4,0,79.8,107.36,0.513,0.17,None
SHP101852,2025-05-06,Mumbai,East,Road,SwiftHaul,Machinery,1084.0,133.1,0.55,5,Tuesday,5,4.1,-0.9,0,89.7,164.12,1.233,0.151,None
SHP101853,2025-09-04,Mumbai,South,Rail,SwiftHaul,Electronics,339.0,632.6,4.42,9,Thursday,3,3.3,0.3,1,77.5,138.04,0.218,0.407,Carrier capacity
SHP101854,2025-09-30,Kolkata,North,Road,SwiftHaul,FMCG,756.0,216.8,1.34,9,Tuesday,4,3.5,-0.5,0,76.4,141.99,0.655,0.188,None
SHP101855,2025-02-03,Delhi,West,Rail,QuickMove,Apparel,853.0,97.8,0.6,2,Monday,4,3.1,-0.9,0,92.2,82.6,0.845,0.097,None
SHP101856,2025-11-24,Chennai,East,Sea,QuickMove,Apparel,1321.0,56.8,0.32,11,Monday,8,7.7,-0.3,0,85.4,62.0,1.092,0.047,None
SHP101857,2025-11-14,Hyderabad,East,Sea,QuickMove,Pharma,1769.0,182.7,1.14,11,Friday,10,11.5,1.5,1,78.7,138.77,0.76,0.078,Warehouse congestion
SHP101858,2025-04-26,Chennai,Central,Sea,TransCo,Machinery,1308.0,48.1,0.31,4,Saturday,7,9.3,2.3,1,92.6,54.59,1.135,0.042,Weather
SHP101859,2025-10-10,Kolkata,North,Sea,TransCo,Apparel,1320.0,111.0,0.68,10,Friday,7,7.2,0.2,1,78.3,79.5,0.716,0.06,Carrier capacity
SHP101860,2025-10-09,Hyderabad,North,Road,SwiftHaul,Machinery,992.0,445.8,3.35,10,Thursday,4,2.8,-1.2,0,76.0,341.91,0.767,0.345,None
SHP101861,2025-11-14,Mumbai,East,Rail,QuickMove,FMCG,622.0,100.3,0.8,11,Friday,4,3.5,-0.5,0,77.8,63.5,0.633,0.102,None
SHP101862,2025-05-13,Kolkata,Central,Road,SwiftHaul,Electronics,391.0,59.1,0.31,5,Tuesday,3,0.7,-2.3,0,92.5,50.51,0.855,0.129,None
SHP101863,2025-08-02,Mumbai,Central,Rail,BlueLine,FMCG,1560.0,834.8,4.04,8,Saturday,6,5.3,-0.7,0,80.3,661.1,0.792,0.424,None
SHP101864,2025-07-04,Kolkata,West,Rail,SwiftHaul,Apparel,2694.0,291.7,1.26,7,Friday,9,7.3,-1.7,0,77.9,408.43,1.4,0.152,None
SHP101865,2025-11-14,Mumbai,East,Sea,SwiftHaul,Machinery,828.0,265.8,1.37,11,Friday,6,5.3,-0.7,0,82.4,121.97,0.459,0.147,None
SHP101866,2025-06-27,Chennai,East,Road,QuickMove,Apparel,1243.0,187.6,0.99,6,Friday,5,4.1,-0.9,0,84.0,232.12,1.237,0.187,None
SHP101867,2025-11-12,Hyderabad,South,Rail,SwiftHaul,Apparel,642.0,424.4,2.02,11,Wednesday,4,3.4,-0.6,0,75.8,184.88,0.436,0.288,None
SHP101868,2025-09-07,Mumbai,South,Rail,TransCo,FMCG,943.0,72.3,0.35,9,Sunday,5,7.8,2.8,1,76.3,63.43,0.877,0.067,Carrier capacity
SHP101869,2025-04-13,Mumbai,West,Rail,TransCo,Electronics,551.0,326.1,1.43,4,Sunday,3,3.0,0.0,0,89.9,124.52,0.382,0.226,None
SHP101870,2025-11-22,Hyderabad,East,Road,QuickMove,FMCG,926.0,147.2,0.62,11,Saturday,4,4.4,0.4,1,78.5,137.07,0.931,0.148,Customs/Docs
SHP101871,2025-02-04,Mumbai,South,Road,TransCo,FMCG,1440.0,149.1,0.64,2,Tuesday,5,7.5,2.5,1,93.1,257.9,1.73,0.179,Weather
SHP101872,2025-08-15,Mumbai,South,Sea,BlueLine,Apparel,2346.0,245.6,1.83,8,Friday,12,10.5,-1.5,0,76.3,190.19,0.774,0.081,None
SHP101873,2025-11-01,Mumbai,East,Road,TransCo,FMCG,579.0,182.0,1.34,11,Saturday,3,4.8,1.8,1,82.2,106.21,0.584,0.183,Carrier capacity
SHP101874,2025-06-17,Hyderabad,West,Sea,SwiftHaul,Apparel,944.0,250.7,1.9,6,Tuesday,6,5.6,-0.4,0,83.8,115.38,0.46,0.122,None
SHP101875,2025-03-03,Hyderabad,East,Sea,BlueLine,Pharma,661.0,327.5,1.37,3,Monday,5,3.6,-1.4,0,97.8,134.33,0.41,0.203,None
SHP101876,2025-10-14,Chennai,South,Sea,TransCo,Apparel,738.0,36.8,0.2,10,Tuesday,5,5.0,0.0,0,76.2,38.49,1.046,0.052,None
SHP101877,2025-08-15,Mumbai,West,Road,TransCo,Pharma,1128.0,93.6,0.49,8,Friday,4,4.4,0.4,1,74.2,108.78,1.162,0.096,Carrier capacity
SHP101878,2025-11-19,Hyderabad,West,Air,BlueLine,Apparel,712.0,244.5,1.08,11,Wednesday,2,1.7,-0.3,0,81.2,650.55,2.661,0.914,None
SHP101879,2025-09-24,Kolkata,Central,Sea,TransCo,FMCG,1168.0,231.6,1.21,9,Wednesday,7,6.3,-0.7,0,78.6,133.53,0.577,0.114,None
SHP101880,2025-08-20,Delhi,Central,Road,SwiftHaul,Machinery,576.0,642.0,3.53,8,Wednesday,3,3.3,0.3,1,75.4,360.53,0.562,0.626,Customs/Docs
SHP101881,2025-06-13,Chennai,North,Road,QuickMove,Electronics,888.0,431.0,2.8,6,Friday,4,3.0,-1.0,0,82.9,327.34,0.759,0.369,None
SHP101882,2025-09-07,Mumbai,South,Rail,TransCo,FMCG,943.0,72.3,0.35,9,Sunday,5,5.0,0.0,0,73.8,62.85,0.869,0.067,None
SHP101883,2025-12-20,Delhi,South,Sea,SwiftHaul,Electronics,782.0,279.2,1.84,12,Saturday,5,4.3,-0.7,0,81.5,109.28,0.391,0.14,None
SHP101884,2025-10-28,Kolkata,East,Road,SwiftHaul,Pharma,736.0,169.1,0.99,10,Tuesday,4,3.5,-0.5,0,77.0,121.51,0.719,0.165,None
SHP101885,2025-05-16,Kolkata,West,Road,SwiftHaul,Machinery,613.0,201.8,0.98,5,Friday,3,2.3,-0.7,0,86.9,151.81,0.752,0.248,None
SHP101886,2025-09-21,Hyderabad,North,Road,SwiftHaul,Apparel,949.0,489.0,3.78,9,Sunday,4,2.3,-1.7,0,76.3,352.41,0.721,0.371,None
SHP101887,2025-09-21,Chennai,West,Road,TransCo,Machinery,932.0,39.9,0.19,9,Sunday,4,2.4,-1.6,0,74.5,60.25,1.51,0.065,None
SHP101888,2025-12-30,Hyderabad,West,Air,TransCo,FMCG,546.0,207.4,1.0,12,Tuesday,2,2.1,0.1,1,86.4,446.74,2.154,0.818,Warehouse congestion
SHP101889,2025-03-15,Delhi,East,Road,QuickMove,Pharma,366.0,126.6,0.99,3,Saturday,3,4.1,1.1,1,94.5,74.54,0.589,0.204,Last-mile failure
SHP101890,2025-10-15,Kolkata,North,Air,BlueLine,Pharma,1517.0,88.2,0.58,10,Wednesday,3,2.9,-0.1,0,77.3,494.22,5.603,0.326,None
SHP101891,2025-04-08,Kolkata,North,Sea,SwiftHaul,Apparel,2048.0,558.9,2.92,4,Tuesday,10,8.6,-1.4,0,91.7,478.46,0.856,0.234,None
SHP101892,2025-11-03,Kolkata,North,Road,QuickMove,Machinery,762.0,557.3,4.52,11,Monday,4,3.6,-0.4,0,80.6,393.41,0.706,0.516,None
SHP101893,2025-11-13,Delhi,South,Sea,TransCo,Electronics,603.0,79.7,0.58,11,Thursday,5,4.5,-0.5,0,78.7,47.51,0.596,0.079,None
SHP101894,2025-10-08,Kolkata,Central,Road,SwiftHaul,FMCG,344.0,89.7,0.7,10,Wednesday,3,2.4,-0.6,0,77.6,56.86,0.634,0.165,None
SHP101895,2025-05-10,Chennai,Central,Rail,BlueLine,Pharma,999.0,73.2,0.3,5,Saturday,5,4.1,-0.9,0,89.7,75.97,1.038,0.076,None
SHP101896,2025-05-27,Hyderabad,South,Rail,TransCo,Pharma,565.0,775.7,3.48,5,Tuesday,4,4.0,0.0,0,92.2,275.4,0.355,0.487,None
SHP101897,2025-09-03,Mumbai,West,Sea,QuickMove,FMCG,1146.0,72.5,0.44,9,Wednesday,6,7.5,1.5,1,74.5,56.97,0.786,0.05,Warehouse congestion
SHP101898,2025-02-24,Kolkata,West,Rail,BlueLine,Machinery,705.0,49.4,0.29,2,Monday,4,2.4,-1.6,0,92.2,53.92,1.091,0.076,None
SHP101899,2025-01-24,Chennai,South,Sea,BlueLine,FMCG,902.0,938.5,5.74,1,Friday,6,6.0,0.0,0,90.3,356.59,0.38,0.395,None
SHP101900,2025-07-06,Kolkata,Central,Sea,SwiftHaul,Electronics,1135.0,254.7,1.71,7,Sunday,7,7.6,0.6,1,84.7,151.74,0.596,0.134,Customs/Docs
SHP101901,2025-02-09,Kolkata,North,Road,BlueLine,FMCG,1190.0,340.1,1.48,2,Sunday,5,6.1,1.1,1,95.8,440.17,1.294,0.37,Customs/Docs
SHP101902,2025-10-11,Hyderabad,South,Rail,TransCo,FMCG,1824.0,377.6,1.73,10,Saturday,7,7.0,0.0,0,74.7,397.96,1.054,0.218,None
SHP101903,2025-06-15,Hyderabad,North,Road,BlueLine,FMCG,2189.0,26.9,0.13,6,Sunday,7,7.9,0.9,1,85.0,71.49,2.658,0.033,Warehouse congestion
SHP101904,2025-10-22,Mumbai,East,Sea,QuickMove,FMCG,1932.0,478.7,2.12,10,Wednesday,11,10.5,-0.5,0,75.0,355.86,0.743,0.184,None
SHP101905,2025-11-15,Delhi,South,Air,SwiftHaul,Pharma,997.0,331.1,1.51,11,Saturday,3,1.8,-1.2,0,78.3,1379.17,4.165,1.383,None
SHP101906,2025-03-20,Kolkata,North,Road,QuickMove,FMCG,1085.0,198.3,1.39,3,Thursday,4,2.5,-1.5,0,95.0,220.22,1.111,0.203,None
SHP101907,2025-01-14,Mumbai,North,Road,TransCo,Apparel,644.0,227.9,1.46,1,Tuesday,3,3.1,0.1,1,89.5,178.05,0.781,0.276,Last-mile failure
SHP101908,2025-01-25,Hyderabad,West,Road,BlueLine,Electronics,516.0,336.9,1.37,1,Saturday,3,2.6,-0.4,0,87.9,183.93,0.546,0.356,None
SHP101909,2025-04-05,Mumbai,West,Road,QuickMove,FMCG,1104.0,197.6,1.6,4,Saturday,4,3.7,-0.3,0,92.3,217.07,1.099,0.197,None
SHP101910,2025-02-17,Chennai,West,Sea,SwiftHaul,Apparel,401.0,90.5,0.44,2,Monday,4,2.2,-1.8,0,93.8,44.67,0.494,0.111,None
SHP101911,2025-03-07,Hyderabad,West,Road,SwiftHaul,Apparel,966.0,267.9,1.19,3,Friday,4,2.7,-1.3,0,93.8,238.11,0.889,0.246,None
SHP101912,2025-04-23,Hyderabad,North,Sea,QuickMove,Pharma,1505.0,117.7,0.92,4,Wednesday,8,7.1,-0.9,0,93.6,103.95,0.883,0.069,None
SHP101913,2025-12-10,Hyderabad,North,Air,SwiftHaul,FMCG,1084.0,364.7,1.62,12,Wednesday,3,3.3,0.3,1,83.6,1547.36,4.243,1.427,Warehouse congestion
SHP101914,2025-04-21,Chennai,North,Road,SwiftHaul,FMCG,874.0,266.5,1.17,4,Monday,4,2.0,-2.0,0,94.6,292.02,1.096,0.334,None
SHP101915,2025-10-21,Mumbai,North,Sea,BlueLine,Electronics,694.0,79.1,0.38,10,Tuesday,5,3.4,-1.6,0,75.0,48.86,0.618,0.07,None
SHP101916,2025-07-01,Chennai,Central,Rail,SwiftHaul,Pharma,1271.0,289.7,1.64,7,Tuesday,5,3.8,-1.2,0,81.3,252.33,0.871,0.199,None
SHP101917,2025-08-05,Delhi,West,Sea,SwiftHaul,Electronics,1293.0,66.3,0.55,8,Tuesday,7,5.3,-1.7,0,,56.36,0.85,0.044,None
SHP101918,2025-06-14,Mumbai,West,Road,TransCo,FMCG,948.0,86.9,0.48,6,Saturday,4,3.5,-0.5,0,80.7,95.03,1.094,0.1,None
SHP101919,2025-06-09,Delhi,Central,Road,QuickMove,Electronics,983.0,192.2,1.01,6,Monday,4,4.5,0.5,1,84.5,193.66,1.008,0.197,Carrier capacity
SHP101920,2025-11-22,Hyderabad,North,Sea,QuickMove,Pharma,834.0,337.2,1.69,11,Saturday,5,4.7,-0.3,0,81.0,124.28,0.369,0.149,None
SHP101921,2025-07-02,Mumbai,North,Sea,QuickMove,Apparel,2094.0,98.8,0.51,7,Wednesday,10,8.8,-1.2,0,78.9,101.28,1.025,0.048,None
SHP101922,2025-11-06,Chennai,South,Road,TransCo,Apparel,925.0,36.1,0.16,11,Thursday,4,5.5,1.5,1,79.6,58.86,1.63,0.064,Carrier capacity
SHP101923,2025-10-23,Hyderabad,North,Road,BlueLine,Apparel,2401.0,63.3,0.42,10,Thursday,7,6.8,-0.2,0,77.6,170.87,2.699,0.071,None
SHP101924,2025-12-02,Kolkata,North,Air,TransCo,Apparel,1136.0,132.4,0.85,12,Tuesday,3,3.8,0.8,1,88.0,657.18,4.964,0.579,Customs/Docs
SHP101925,2025-11-16,Chennai,West,Road,QuickMove,FMCG,483.0,71.0,0.31,11,Sunday,3,4.0,1.0,1,82.3,56.43,0.795,0.117,Warehouse congestion
SHP101926,2025-06-17,Delhi,West,Road,SwiftHaul,Apparel,746.0,47.1,0.21,6,Tuesday,4,1.5,-2.5,0,85.2,59.63,1.266,0.08,None
SHP101927,2025-02-12,Delhi,East,Sea,BlueLine,Electronics,970.0,66.2,0.31,2,Wednesday,6,5.7,-0.3,0,94.8,55.34,0.836,0.057,None
SHP101928,2025-10-20,Kolkata,North,Road,BlueLine,Apparel,515.0,462.0,2.7,10,Monday,3,2.5,-0.5,0,76.5,215.81,0.467,0.419,None
SHP101929,2025-10-15,Kolkata,North,Air,BlueLine,Pharma,1517.0,88.2,0.58,10,Wednesday,3,3.5,0.5,1,73.3,518.02,5.873,0.341,Carrier capacity
SHP101930,2025-01-25,Hyderabad,South,Road,SwiftHaul,FMCG,1081.0,570.6,3.46,1,Saturday,5,3.3,-1.7,0,92.5,618.91,1.085,0.573,None
SHP101931,2025-05-18,Hyderabad,North,Road,SwiftHaul,Apparel,1257.0,556.8,2.82,5,Sunday,5,3.8,-1.2,0,92.6,677.84,1.217,0.539,None
SHP101932,2025-06-09,Mumbai,West,Road,SwiftHaul,Apparel,855.0,357.7,2.32,6,Monday,4,1.5,-2.5,0,81.6,276.49,0.773,0.323,None
SHP101933,2025-05-27,Delhi,North,Road,BlueLine,Electronics,957.0,120.9,0.94,5,Tuesday,4,3.7,-0.3,0,89.2,134.84,1.115,0.141,None
SHP101934,2025-01-08,Hyderabad,South,Road,TransCo,Apparel,484.0,178.8,0.89,1,Wednesday,3,4.2,1.2,1,93.1,121.96,0.682,0.252,Warehouse congestion
SHP101935,2025-04-27,Chennai,East,Road,BlueLine,FMCG,1187.0,184.4,1.07,4,Sunday,5,5.2,0.2,1,94.1,253.58,1.375,0.214,Weather
SHP101936,2025-10-29,Chennai,West,Road,TransCo,Machinery,2704.0,132.1,0.74,10,Wednesday,8,7.9,-0.1,0,74.3,271.79,2.057,0.101,None
SHP101937,2025-10-15,Kolkata,North,Road,BlueLine,FMCG,711.0,210.8,0.88,10,Wednesday,4,4.0,0.0,0,78.8,142.47,0.676,0.2,None
SHP101938,2025-11-14,Delhi,North,Road,TransCo,FMCG,1495.0,1202.2,5.93,11,Friday,5,5.8,0.8,1,80.2,1613.09,1.342,1.079,Weather
SHP101939,2025-03-20,Hyderabad,North,Road,TransCo,FMCG,604.0,373.6,1.89,3,Thursday,3,2.6,-0.4,0,97.6,257.4,0.689,0.426,None
SHP101940,2025-10-22,Kolkata,West,Air,BlueLine,FMCG,1533.0,107.7,0.48,10,Wednesday,3,4.1,1.1,1,76.5,505.63,4.695,0.33,Warehouse congestion
SHP101941,2025-02-11,Chennai,South,Road,TransCo,FMCG,1390.0,98.2,0.4,2,Tuesday,5,5.4,0.4,1,89.4,163.25,1.662,0.117,Warehouse congestion
SHP101942,2025-04-08,Delhi,East,Road,BlueLine,Electronics,491.0,80.6,0.52,4,Tuesday,3,3.0,0.0,0,97.3,68.03,0.844,0.139,None
SHP101943,2025-06-21,Mumbai,East,Rail,QuickMove,Machinery,515.0,218.7,0.93,6,Saturday,4,2.5,-1.5,0,82.8,89.98,0.411,0.175,None
SHP101944,2025-08-14,Mumbai,East,Road,TransCo,Pharma,791.0,255.1,1.04,8,Thursday,4,3.5,-0.5,0,75.5,198.7,0.779,0.251,None
SHP101945,2025-08-06,Kolkata,West,Road,QuickMove,FMCG,993.0,649.5,3.43,8,Wednesday,4,2.8,-1.2,0,78.7,573.61,0.883,0.578,None
SHP101946,2025-09-30,Delhi,East,Rail,SwiftHaul,FMCG,1106.0,224.1,1.8,9,Tuesday,5,5.2,0.2,1,79.6,163.26,0.729,0.148,Warehouse congestion
SHP101947,2025-06-05,Delhi,Central,Sea,QuickMove,Electronics,1307.0,53.6,0.24,6,Thursday,7,7.3,0.3,1,84.9,57.35,1.07,0.044,Last-mile failure
SHP101948,2025-05-06,Delhi,West,Rail,BlueLine,FMCG,787.0,241.8,1.39,5,Tuesday,4,3.2,-0.8,0,90.7,138.68,0.574,0.176,None
SHP101949,2025-12-17,Kolkata,West,Sea,TransCo,FMCG,876.0,456.6,2.54,12,Wednesday,5,5.8,0.8,1,82.6,167.15,0.366,0.191,Last-mile failure
SHP101950,2025-07-05,Delhi,North,Rail,TransCo,Pharma,1247.0,241.3,1.42,7,Saturday,5,4.0,-1.0,0,79.4,184.83,0.766,0.148,None
SHP101951,2025-05-10,Chennai,Central,Road,BlueLine,Pharma,753.0,685.2,2.82,5,Saturday,4,3.8,-0.2,0,92.2,492.4,0.719,0.654,None
SHP101952,2025-05-13,Mumbai,South,Road,SwiftHaul,Apparel,1362.0,128.7,0.71,5,Tuesday,5,3.6,-1.4,0,90.6,182.38,1.417,0.134,None
SHP101953,2025-02-09,Kolkata,West,Sea,QuickMove,Pharma,896.0,187.0,1.44,2,Sunday,5,3.9,-1.1,0,97.1,106.85,0.571,0.119,None
SHP101954,2025-12-05,Delhi,South,Road,BlueLine,Electronics,1343.0,436.1,2.56,12,Friday,5,5.9,0.9,1,82.2,519.11,1.19,0.387,Carrier capacity
SHP101955,2025-04-13,Delhi,Central,Air,BlueLine,Pharma,510.0,301.2,1.42,4,Sunday,2,1.5,-0.5,0,90.8,602.16,1.999,1.181,None
SHP101956,2025-11-09,Chennai,West,Air,QuickMove,Pharma,688.0,325.7,2.0,11,Sunday,2,1.7,-0.3,0,78.6,768.1,2.358,1.116,None
SHP101957,2025-02-25,Hyderabad,West,Rail,BlueLine,Apparel,2685.0,271.6,2.08,2,Tuesday,9,7.3,-1.7,0,92.4,432.26,1.592,0.161,None
SHP101958,2025-11-26,Mumbai,West,Road,SwiftHaul,FMCG,926.0,170.4,0.79,11,Wednesday,4,3.7,-0.3,0,81.9,157.5,0.924,0.17,None
SHP101959,2025-08-15,Mumbai,South,Sea,BlueLine,Apparel,2346.0,245.6,1.83,8,Friday,12,12.2,0.2,1,75.5,247.39,1.007,0.105,Last-mile failure
SHP101960,2025-04-15,Mumbai,Central,Road,BlueLine,Pharma,1446.0,411.0,2.8,4,Tuesday,5,3.6,-1.4,0,91.3,585.47,1.425,0.405,None
SHP101961,2025-06-02,Kolkata,East,Road,BlueLine,Machinery,289.0,123.9,0.8,6,Monday,3,2.4,-0.6,0,85.8,61.67,0.498,0.213,None
SHP101962,2025-11-25,Hyderabad,South,Road,SwiftHaul,FMCG,816.0,78.2,0.61,11,Tuesday,4,3.2,-0.8,0,78.5,74.48,0.952,0.091,None
SHP101963,2025-12-26,Mumbai,West,Road,QuickMove,Electronics,821.0,205.0,0.84,12,Friday,4,3.4,-0.6,0,82.8,183.48,0.895,0.223,None
SHP101964,2025-10-12,Mumbai,North,Air,SwiftHaul,Apparel,1328.0,164.4,0.83,10,Sunday,3,2.1,-0.9,0,78.5,794.12,4.83,0.598,None
SHP101965,2025-07-15,Delhi,South,Rail,TransCo,FMCG,1567.0,287.3,2.23,7,Tuesday,6,7.1,1.1,1,82.6,281.8,0.981,0.18,Weather
SHP101966,2025-05-28,Delhi,North,Rail,BlueLine,FMCG,827.0,109.0,0.51,5,Wednesday,4,4.3,0.3,1,92.0,80.19,0.736,0.097,Carrier capacity
SHP101967,2025-03-29,Chennai,South,Sea,SwiftHaul,Electronics,1368.0,338.9,1.46,3,Saturday,8,6.3,-1.7,0,93.3,221.88,0.655,0.162,None
SHP101968,2025-02-09,Delhi,Central,Road,SwiftHaul,Electronics,1938.0,86.5,0.4,2,Sunday,6,5.2,-0.8,0,92.5,173.68,2.008,0.09,None
SHP101969,2025-05-31,Delhi,East,Sea,BlueLine,FMCG,768.0,196.9,0.88,5,Saturday,6,5.0,-1.0,0,91.1,89.2,0.453,0.116,None
SHP101970,2025-03-27,Hyderabad,Central,Road,QuickMove,Pharma,1490.0,36.4,0.23,3,Thursday,5,4.0,-1.0,0,96.5,75.2,2.066,0.05,None
SHP101971,2025-02-27,Kolkata,South,Road,BlueLine,FMCG,420.0,124.8,0.59,2,Thursday,3,1.0,-2.0,0,93.2,71.56,0.573,0.17,None
SHP101972,2025-11-18,Hyderabad,Central,Road,SwiftHaul,Electronics,1707.0,276.5,1.35,11,Tuesday,6,5.0,-1.0,0,82.4,486.14,1.758,0.285,None
SHP101973,2025-05-25,Hyderabad,Central,Air,BlueLine,Electronics,1394.0,167.0,1.08,5,Sunday,3,1.8,-1.2,0,85.9,933.09,5.587,0.669,None
SHP101974,2025-12-03,Chennai,South,Road,TransCo,Apparel,868.0,70.5,0.29,12,Wednesday,4,4.3,0.3,1,83.9,86.44,1.226,0.1,Carrier capacity
SHP101975,2025-05-17,Chennai,North,Sea,SwiftHaul,Machinery,745.0,294.4,1.31,5,Saturday,5,3.1,-1.9,0,94.4,119.93,0.407,0.161,None
SHP101976,2025-10-10,Kolkata,North,Sea,TransCo,Apparel,1320.0,111.0,0.68,10,Friday,7,8.1,1.1,1,76.3,78.99,0.712,0.06,Customs/Docs
SHP101977,2025-07-20,Kolkata,Central,Rail,SwiftHaul,Apparel,747.0,135.6,0.66,7,Sunday,4,3.8,-0.2,0,79.0,78.86,0.582,0.106,None
SHP101978,2025-11-23,Mumbai,South,Sea,TransCo,FMCG,1820.0,109.9,0.69,11,Sunday,10,9.8,-0.2,0,80.9,106.03,0.965,0.058,None
SHP101979,2025-07-12,Chennai,North,Road,TransCo,Apparel,607.0,598.3,2.86,7,Saturday,3,2.3,-0.7,0,78.1,330.53,0.552,0.545,None
SHP101980,2025-04-28,Delhi,West,Road,QuickMove,Machinery,1396.0,205.4,1.21,4,Monday,5,4.2,-0.8,0,89.0,293.89,1.431,0.211,None
SHP101981,2025-06-26,Delhi,West,Road,SwiftHaul,Apparel,677.0,322.8,1.47,6,Thursday,3,1.8,-1.2,0,91.0,227.43,0.705,0.336,None
SHP101982,2025-12-30,Mumbai,East,Rail,TransCo,FMCG,696.0,176.4,1.15,12,Tuesday,4,4.5,0.5,1,83.3,101.36,0.575,0.146,Warehouse congestion
SHP101983,2025-09-15,Hyderabad,West,Road,TransCo,FMCG,973.0,129.7,0.64,9,Monday,4,2.9,-1.1,0,75.4,121.22,0.935,0.125,None
SHP101984,2025-06-03,Mumbai,Central,Road,SwiftHaul,FMCG,2044.0,73.5,0.6,6,Tuesday,7,5.8,-1.2,0,85.3,168.88,2.298,0.083,None
SHP101985,2025-02-15,Mumbai,East,Road,SwiftHaul,Electronics,1083.0,40.8,0.17,2,Saturday,5,2.7,-2.3,0,94.7,68.1,1.669,0.063,None
SHP101986,2025-02-18,Chennai,East,Air,BlueLine,Apparel,801.0,69.6,0.43,2,Tuesday,3,2.1,-0.9,0,92.1,248.4,3.569,0.31,None
SHP101987,2025-03-06,Delhi,East,Road,BlueLine,FMCG,798.0,651.0,4.99,3,Thursday,4,3.4,-0.6,0,89.8,498.68,0.766,0.625,None
SHP101988,2025-03-13,Hyderabad,West,Sea,TransCo,FMCG,1273.0,94.7,0.7,3,Thursday,7,6.4,-0.6,0,93.7,74.79,0.79,0.059,None
SHP101989,2025-12-26,Chennai,North,Sea,QuickMove,FMCG,968.0,44.3,0.28,12,Friday,6,5.8,-0.2,0,85.1,44.22,0.998,0.046,None
SHP101990,2025-09-23,Hyderabad,West,Road,SwiftHaul,Machinery,753.0,,1.5,9,Tuesday,4,2.3,-1.7,0,75.2,193.38,0.654,0.257,None
SHP101991,2025-12-22,Delhi,West,Sea,TransCo,FMCG,1321.0,84.2,0.6,12,Monday,7,7.4,0.4,1,88.1,71.73,0.852,0.054,Warehouse congestion
SHP101992,2025-06-12,Kolkata,West,Road,QuickMove,Electronics,755.0,71.6,0.37,6,Thursday,4,5.6,1.6,1,84.4,74.72,1.044,0.099,Last-mile failure
SHP101993,2025-08-02,Delhi,West,Air,SwiftHaul,Pharma,1065.0,220.0,1.02,8,Saturday,3,1.8,-1.2,0,76.8,824.12,3.746,0.774,None
SHP101994,2025-01-07,Delhi,West,Sea,QuickMove,FMCG,662.0,158.1,1.3,1,Tuesday,5,3.2,-1.8,0,88.4,72.8,0.46,0.11,None
SHP101995,2025-02-11,Kolkata,West,Air,BlueLine,Electronics,906.0,82.7,0.58,2,Tuesday,3,0.5,-2.5,0,92.5,338.03,4.087,0.373,None
SHP101996,2025-09-25,Chennai,South,Road,TransCo,Machinery,1332.0,226.8,1.2,9,Thursday,5,5.9,0.9,1,79.0,304.0,1.34,0.228,Last-mile failure
SHP101997,2025-03-20,Mumbai,South,Road,TransCo,FMCG,1181.0,323.4,2.54,3,Thursday,5,4.4,-0.6,0,93.6,395.68,1.224,0.335,None
SHP101998,2025-01-15,Delhi,North,Road,QuickMove,Apparel,1337.0,112.1,0.62,1,Wednesday,5,4.5,-0.5,0,89.2,180.31,1.608,0.135,None
SHP101999,2025-04-16,Kolkata,West,Road,TransCo,Electronics,2115.0,633.3,4.11,4,Wednesday,6,6.4,0.4,1,95.8,1410.99,2.228,0.667,Warehouse congestion
SHP102000,2025-06-06,Kolkata,Central,Road,TransCo,FMCG,520.0,404.3,1.75,6,Friday,3,4.3,1.3,1,88.8,233.82,0.578,0.45,Customs/Docs
SHP102001,2025-09-25,Mumbai,North,Road,TransCo,Electronics,1014.0,206.7,1.68,9,Thursday,4,8.7,4.7,1,76.6,170.67,0.826,0.168,Warehouse congestion
SHP102002,2025-08-13,Kolkata,South,Sea,SwiftHaul,Electronics,858.0,492.8,2.11,8,Wednesday,6,5.0,-1.0,0,78.0,179.9,0.365,0.21,None
SHP102003,2025-06-22,Delhi,North,Road,SwiftHaul,FMCG,601.0,324.2,1.32,6,Sunday,3,1.5,-1.5,0,82.5,195.6,0.603,0.325,None
SHP102004,2025-06-03,Hyderabad,South,Air,QuickMove,Apparel,1245.0,191.9,1.18,6,Tuesday,3,3.1,0.1,1,86.0,928.94,4.841,0.746,Carrier capacity
SHP102005,2025-06-19,Chennai,West,Rail,QuickMove,FMCG,679.0,201.4,1.35,6,Thursday,4,2.5,-1.5,0,84.4,107.32,0.533,0.158,None
SHP102006,2025-12-11,Delhi,East,Sea,TransCo,Apparel,738.0,298.8,1.52,12,Thursday,5,7.5,2.5,1,85.9,109.13,0.365,0.148,Warehouse congestion
SHP102007,2025-07-02,Kolkata,North,Rail,SwiftHaul,FMCG,1537.0,44.4,0.2,7,Wednesday,6,4.6,-1.4,0,79.4,70.3,1.583,0.046,None
SHP102008,2025-11-01,Chennai,East,Sea,SwiftHaul,FMCG,1290.0,110.1,0.57,11,Saturday,8,7.4,-0.6,0,78.9,80.95,0.735,0.063,None
SHP102009,2025-11-16,Hyderabad,East,Sea,BlueLine,Apparel,1667.0,162.2,0.8,11,Sunday,10,10.9,0.9,1,77.1,127.8,0.788,0.077,Carrier capacity
SHP102010,2025-12-20,Kolkata,South,Sea,QuickMove,Machinery,892.0,183.5,1.3,12,Saturday,6,5.6,-0.4,0,84.8,88.23,0.481,0.099,None
SHP102011,2025-11-17,Mumbai,Central,Rail,QuickMove,FMCG,1096.0,45.2,0.19,11,Monday,5,4.3,-0.7,0,80.3,59.87,1.325,0.055,None
SHP102012,2025-10-15,Kolkata,South,Rail,TransCo,FMCG,911.0,160.4,0.67,10,Wednesday,5,4.4,-0.6,0,72.2,105.51,0.658,0.116,None
SHP102013,2025-01-29,Hyderabad,West,Rail,SwiftHaul,Electronics,682.0,150.8,0.98,1,Wednesday,4,2.1,-1.9,0,88.8,95.46,0.633,0.14,None
SHP102014,2025-04-11,Mumbai,Central,Rail,SwiftHaul,Electronics,2661.0,1326.5,10.27,4,Friday,9,8.4,-0.6,0,93.1,2576.73,1.943,0.968,None
SHP102015,2025-11-27,Kolkata,North,Air,SwiftHaul,Electronics,1973.0,81.1,0.56,11,Thursday,3,2.4,-0.6,0,81.1,597.3,7.365,0.303,None
SHP102016,2025-05-06,Mumbai,Central,Road,QuickMove,Electronics,1427.0,253.5,1.42,5,Tuesday,5,4.4,-0.6,0,88.8,366.64,1.446,0.257,None
SHP102017,2025-10-04,Kolkata,East,Air,BlueLine,Electronics,728.0,317.8,1.65,10,Saturday,3,2.3,-0.7,0,77.6,879.95,2.769,1.209,None
SHP102018,2025-10-15,Chennai,Central,Rail,TransCo,Apparel,584.0,218.5,0.91,10,Wednesday,4,4.0,0.0,0,76.9,92.5,0.423,0.158,None
SHP102019,2025-11-17,Chennai,East,Road,TransCo,Apparel,1636.0,126.9,0.67,11,Monday,6,6.3,0.3,1,81.7,208.86,1.646,0.128,Warehouse congestion
SHP102020,2025-06-03,Mumbai,East,Sea,QuickMove,Electronics,786.0,63.0,0.27,6,Tuesday,6,3.6,-2.4,0,83.9,47.69,0.757,0.061,None
SHP102021,2025-08-22,Kolkata,West,Road,QuickMove,Electronics,1321.0,132.6,0.79,8,Friday,5,5.0,0.0,0,75.8,161.47,1.218,0.122,None
SHP102022,2025-03-09,Hyderabad,East,Road,SwiftHaul,Pharma,1213.0,31.8,0.19,3,Sunday,5,6.3,1.3,1,96.1,63.02,1.982,0.052,Warehouse congestion
SHP102023,2025-10-11,Chennai,South,Road,BlueLine,Machinery,789.0,230.8,1.83,10,Saturday,4,3.6,-0.4,0,74.3,157.74,0.683,0.2,None
SHP102024,2025-03-28,Mumbai,Central,Road,QuickMove,Machinery,308.0,112.1,0.59,3,Friday,3,0.5,-2.5,0,94.9,57.96,0.517,0.188,None
SHP102025,2025-05-17,Delhi,Central,Rail,SwiftHaul,Pharma,1514.0,81.9,0.49,5,Saturday,6,6.1,0.1,1,92.0,115.25,1.407,0.076,Warehouse congestion
SHP102026,2025-02-08,Mumbai,North,Road,BlueLine,Machinery,764.0,142.4,0.9,2,Saturday,4,2.4,-1.6,0,92.3,135.79,0.954,0.178,None
SHP102027,2025-11-15,Delhi,South,Air,SwiftHaul,Pharma,997.0,331.1,1.51,11,Saturday,3,1.8,-1.2,0,80.7,1177.54,3.556,1.181,None
SHP102028,2025-08-27,Delhi,West,Rail,SwiftHaul,FMCG,1020.0,466.2,2.4,8,Wednesday,5,3.5,-1.5,0,76.3,255.72,0.549,0.251,None
SHP102029,2025-01-27,Hyderabad,Central,Road,TransCo,FMCG,1579.0,85.6,0.43,1,Monday,6,5.3,-0.7,0,92.9,167.2,1.953,0.106,None
SHP102030,2025-08-06,Kolkata,West,Road,QuickMove,FMCG,993.0,649.5,3.43,8,Wednesday,4,2.2,-1.8,0,76.5,589.4,0.907,0.594,None
SHP102031,2025-04-12,Chennai,Central,Sea,SwiftHaul,Apparel,1721.0,104.8,0.43,4,Saturday,9,11.6,2.6,1,94.7,110.72,1.056,0.064,Carrier capacity
SHP102032,2025-04-15,Hyderabad,South,Air,BlueLine,Apparel,2123.0,480.0,2.07,4,Tuesday,3,1.6,-1.4,0,93.3,4741.06,9.877,2.233,None
SHP102033,2025-11-06,Kolkata,East,Road,BlueLine,Electronics,856.0,90.6,0.54,11,Thursday,4,3.9,-0.1,0,79.0,92.57,1.022,0.108,None
SHP102034,2025-05-28,Hyderabad,North,Road,SwiftHaul,Apparel,1223.0,74.1,0.38,5,Wednesday,5,4.7,-0.3,0,90.5,98.34,1.327,0.08,None
SHP102035,2025-12-23,Mumbai,South,Sea,BlueLine,FMCG,201.0,190.2,1.33,12,Tuesday,3,1.8,-1.2,0,83.9,44.24,0.233,0.22,None
SHP102036,2025-08-09,Mumbai,West,Road,SwiftHaul,FMCG,899.0,490.3,2.41,8,Saturday,4,2.9,-1.1,0,78.4,376.55,0.768,0.419,None
SHP102037,2025-01-25,Delhi,South,Road,BlueLine,FMCG,1494.0,645.9,3.51,1,Saturday,5,5.2,0.2,1,92.4,1004.23,1.555,0.672,Carrier capacity
SHP102038,2025-08-05,Mumbai,North,Rail,TransCo,Pharma,1308.0,122.5,0.65,8,Tuesday,5,6.2,1.2,1,76.5,109.19,0.891,0.083,Warehouse congestion
SHP102039,2025-04-11,Chennai,South,Road,BlueLine,Pharma,1181.0,272.5,1.38,4,Friday,5,3.2,-1.8,0,92.8,303.06,1.112,0.257,None
SHP102040,2025-02-23,Hyderabad,Central,Road,SwiftHaul,Pharma,1332.0,106.6,0.44,2,Sunday,5,2.7,-2.3,0,94.1,144.56,1.356,0.109,None
SHP102041,2025-08-11,Delhi,South,Road,TransCo,FMCG,1151.0,112.5,0.69,8,Monday,5,4.3,-0.7,0,73.8,131.35,1.168,0.114,None
SHP102042,2025-12-13,Hyderabad,North,Rail,TransCo,Electronics,1592.0,275.1,1.52,12,Saturday,6,7.3,1.3,1,83.5,267.93,0.974,0.168,Customs/Docs
SHP102043,2025-04-30,Delhi,West,Road,QuickMove,Pharma,463.0,26.9,0.14,4,Wednesday,3,2.3,-0.7,0,91.5,40.31,1.499,0.087,None
SHP102044,2025-06-09,Mumbai,South,Rail,TransCo,Machinery,1312.0,97.3,0.64,6,Monday,6,4.1,-1.9,0,83.5,105.17,1.081,0.08,None
SHP102045,2025-10-12,Chennai,North,Road,QuickMove,FMCG,1107.0,329.4,2.1,10,Sunday,4,4.4,0.4,1,75.1,321.31,0.975,0.29,Carrier capacity
SHP102046,2025-12-01,Chennai,South,Sea,QuickMove,FMCG,1014.0,43.7,0.2,12,Monday,6,6.1,0.1,1,82.4,46.09,1.055,0.045,Weather
SHP102047,2025-09-16,Kolkata,West,Sea,QuickMove,FMCG,903.0,395.9,2.0,9,Tuesday,5,5.4,0.4,1,74.5,156.88,0.396,0.174,Carrier capacity
SHP102048,2025-12-30,Mumbai,West,Rail,SwiftHaul,Apparel,567.0,276.5,2.17,12,Tuesday,3,2.4,-0.6,0,84.6,122.35,0.442,0.216,None
SHP102049,2025-03-03,Delhi,West,Rail,SwiftHaul,Machinery,753.0,414.9,2.82,3,Monday,4,1.4,-2.6,0,96.1,226.5,0.546,0.301,None
SHP102050,2025-05-19,Chennai,North,Sea,BlueLine,FMCG,306.0,272.7,1.13,5,Monday,3,2.5,-0.5,0,90.2,62.88,0.231,0.205,None
SHP102051,2025-11-15,Kolkata,South,Sea,BlueLine,FMCG,2989.0,327.2,1.67,11,Saturday,15,13.9,-1.1,0,82.8,382.98,1.17,0.128,None
SHP102052,2025-10-16,Hyderabad,South,Rail,SwiftHaul,Electronics,619.0,456.9,1.92,10,Thursday,4,2.3,-1.7,0,77.5,177.25,0.388,0.286,None
SHP102053,2025-10-13,Chennai,East,Air,BlueLine,Electronics,402.0,218.0,1.01,10,Monday,2,3.2,1.2,1,81.0,391.35,1.795,0.974,Warehouse congestion
SHP102054,2025-03-01,Delhi,Central,Sea,BlueLine,Apparel,1590.0,97.6,0.62,3,Saturday,8,7.6,-0.4,0,92.7,100.01,1.025,0.063,None
SHP102055,2025-01-10,Mumbai,North,Sea,BlueLine,Electronics,2182.0,245.3,1.91,1,Friday,11,10.0,-1.0,0,92.0,257.89,1.051,0.118,None
SHP102056,2025-08-12,Kolkata,Central,Road,TransCo,Pharma,1600.0,364.2,2.37,8,Tuesday,6,5.2,-0.8,0,73.2,518.7,1.424,0.324,None
SHP102057,2025-01-11,Mumbai,North,Rail,BlueLine,Apparel,1289.0,225.4,1.31,1,Saturday,5,3.9,-1.1,0,92.1,224.74,0.997,0.174,None
SHP102058,2025-06-05,Hyderabad,Central,Sea,QuickMove,Machinery,639.0,404.2,3.17,6,Thursday,5,5.1,0.1,1,85.8,127.25,0.315,0.199,Carrier capacity
SHP102059,2025-08-30,Kolkata,North,Air,BlueLine,Electronics,805.0,53.9,0.22,8,Saturday,3,0.8,-2.2,0,75.9,183.04,3.396,0.227,None
SHP102060,2025-10-20,Hyderabad,South,Sea,BlueLine,Electronics,1837.0,229.7,1.57,10,Monday,10,9.2,-0.8,0,76.8,190.82,0.831,0.104,None
SHP102061,2025-11-14,Hyderabad,East,Sea,QuickMove,Pharma,1769.0,182.7,1.14,11,Friday,10,9.1,-0.9,0,79.0,146.88,0.804,0.083,None
SHP102062,2025-06-01,Kolkata,North,Road,QuickMove,Electronics,1149.0,,2.75,6,Sunday,5,3.6,-1.4,0,83.8,518.76,1.005,0.451,None
SHP102063,2025-09-21,Hyderabad,South,Sea,TransCo,Electronics,887.0,146.4,1.17,9,Sunday,6,7.2,1.2,1,75.9,80.55,0.55,0.091,Last-mile failure
SHP102064,2025-02-16,Mumbai,North,Road,SwiftHaul,Electronics,807.0,207.3,1.36,2,Sunday,4,2.1,-1.9,0,90.4,187.9,0.906,0.233,None
SHP102065,2025-01-09,Chennai,Central,Road,BlueLine,Electronics,1109.0,1322.3,10.96,1,Thursday,4,3.4,-0.6,0,90.7,1470.68,1.112,1.326,None
SHP102066,2025-08-04,Kolkata,West,Road,BlueLine,Machinery,775.0,333.2,1.91,8,Monday,4,4.2,0.2,1,76.1,213.9,0.642,0.276,Warehouse congestion
SHP102067,2025-01-28,Hyderabad,Central,Air,QuickMove,Pharma,774.0,102.1,0.47,1,Tuesday,3,2.6,-0.4,0,89.3,366.65,3.591,0.474,None
SHP102068,2025-09-21,Hyderabad,North,Road,SwiftHaul,Apparel,949.0,489.0,3.78,9,Sunday,4,2.9,-1.1,0,74.0,368.28,0.753,0.388,None
SHP102069,2025-07-15,Delhi,South,Road,SwiftHaul,Machinery,1389.0,2179.8,11.93,7,Tuesday,5,5.2,0.2,1,80.5,2477.39,1.137,1.784,Last-mile failure
SHP102070,2025-12-12,Chennai,South,Road,TransCo,Pharma,673.0,123.0,0.57,12,Friday,4,5.3,1.3,1,87.1,97.01,0.789,0.144,Weather
SHP102071,2025-10-15,Kolkata,South,Rail,TransCo,FMCG,911.0,160.4,0.67,10,Wednesday,5,4.6,-0.4,0,80.8,107.87,0.673,0.118,None
SHP102072,2025-10-18,Kolkata,West,Road,QuickMove,FMCG,655.0,152.6,1.15,10,Saturday,3,4.6,1.6,1,78.6,99.09,0.649,0.151,Last-mile failure
SHP102073,2025-09-21,Kolkata,North,Road,TransCo,Apparel,1080.0,344.8,1.95,9,Sunday,4,2.5,-1.5,0,76.7,341.34,0.99,0.316,None
SHP102074,2025-08-26,Mumbai,West,Road,SwiftHaul,Machinery,521.0,205.8,1.07,8,Tuesday,3,3.8,0.8,1,74.8,106.09,0.516,0.204,Last-mile failure
SHP102075,2025-10-14,Kolkata,South,Rail,TransCo,FMCG,762.0,467.9,2.03,10,Tuesday,4,3.7,-0.3,0,75.1,214.9,0.459,0.282,None
SHP102076,2025-04-11,Hyderabad,West,Sea,TransCo,Apparel,937.0,171.6,1.14,4,Friday,6,5.7,-0.3,0,93.7,90.27,0.526,0.096,None
SHP102077,2025-10-15,Kolkata,South,Rail,TransCo,FMCG,911.0,160.4,0.67,10,Wednesday,5,4.8,-0.2,0,77.2,108.76,0.678,0.119,None
SHP102078,2025-07-24,Mumbai,West,Rail,QuickMove,Pharma,1390.0,113.0,0.78,7,Thursday,5,4.8,-0.2,0,79.1,95.57,0.846,0.069,None
SHP102079,2025-04-29,Chennai,South,Road,TransCo,FMCG,848.0,202.4,0.85,4,Tuesday,4,3.5,-0.5,0,96.0,184.06,0.909,0.217,None
SHP102080,2025-02-04,Kolkata,Central,Road,BlueLine,FMCG,456.0,397.7,2.43,2,Tuesday,3,3.8,0.8,1,92.3,215.57,0.542,0.473,Last-mile failure
SHP102081,2025-03-04,Kolkata,North,Road,SwiftHaul,Apparel,961.0,,1.11,3,Tuesday,4,2.6,-1.4,0,92.5,209.81,0.982,0.218,None
SHP102082,2025-03-17,Hyderabad,South,Rail,BlueLine,FMCG,1784.0,218.4,0.98,3,Monday,7,5.1,-1.9,0,97.1,279.82,1.281,0.157,None
SHP102083,2025-06-03,Chennai,Central,Rail,BlueLine,FMCG,753.0,81.4,0.34,6,Tuesday,4,5.6,1.6,1,85.5,58.88,0.723,0.078,Warehouse congestion
SHP102084,2025-11-01,Delhi,North,Sea,SwiftHaul,FMCG,2368.0,141.8,0.79,11,Saturday,11,11.3,0.3,1,79.4,161.37,1.138,0.068,Warehouse congestion
SHP102085,2025-03-30,Hyderabad,West,Sea,SwiftHaul,FMCG,1581.0,50.7,0.24,3,Sunday,8,6.2,-1.8,0,92.3,61.95,1.222,0.039,None
SHP102086,2025-05-24,Mumbai,North,Road,TransCo,Pharma,941.0,368.1,2.65,5,Saturday,4,3.1,-0.9,0,92.0,382.21,1.038,0.406,None
SHP102087,2025-07-22,Chennai,East,Road,BlueLine,Pharma,1005.0,37.0,0.26,7,Tuesday,5,5.6,0.6,1,84.8,60.45,1.634,0.06,Carrier capacity
SHP102088,2025-08-04,Chennai,West,Rail,SwiftHaul,Machinery,1708.0,157.6,0.91,8,Monday,6,4.0,-2.0,0,77.3,151.41,0.961,0.089,None
SHP102089,2025-05-21,Chennai,North,Road,TransCo,Electronics,1953.0,290.6,1.55,5,Wednesday,6,5.9,-0.1,0,88.7,590.49,2.032,0.302,None
SHP102090,2025-04-05,Kolkata,South,Road,SwiftHaul,Apparel,837.0,81.5,0.6,4,Saturday,4,3.9,-0.1,0,94.1,96.74,1.187,0.116,None
SHP102091,2025-12-27,Hyderabad,West,Road,SwiftHaul,Apparel,1846.0,182.6,0.78,12,Saturday,6,6.4,0.4,1,86.1,320.55,1.755,0.174,Weather
SHP102092,2025-04-14,Mumbai,East,Road,BlueLine,Apparel,618.0,216.5,1.48,4,Monday,4,3.3,-0.7,0,94.7,153.26,0.708,0.248,None
SHP102093,2025-04-02,Hyderabad,Central,Sea,SwiftHaul,Pharma,1579.0,125.1,0.51,4,Wednesday,8,7.6,-0.4,0,92.0,118.52,0.947,0.075,None
SHP102094,2025-07-09,Hyderabad,East,Road,QuickMove,Electronics,999.0,103.8,0.42,7,Wednesday,5,3.4,-1.6,0,79.0,101.41,0.977,0.102,None
SHP102095,2025-12-12,Kolkata,South,Road,SwiftHaul,FMCG,1282.0,82.0,0.35,12,Friday,5,3.7,-1.3,0,83.5,124.12,1.514,0.097,None
SHP102096,2025-10-08,Delhi,West,Road,QuickMove,Electronics,612.0,90.8,0.54,10,Wednesday,3,2.2,-0.8,0,77.1,68.45,0.754,0.112,None
SHP102097,2025-03-05,Chennai,Central,Road,SwiftHaul,FMCG,1173.0,680.0,5.47,3,Wednesday,5,4.0,-1.0,0,94.9,814.55,1.198,0.694,None
SHP102098,2025-06-09,Delhi,Central,Sea,SwiftHaul,Electronics,1433.0,108.2,0.48,6,Monday,8,6.2,-1.8,0,87.3,99.75,0.922,0.07,None
SHP102099,2025-04-22,Delhi,West,Road,BlueLine,Machinery,1324.0,116.3,0.49,4,Tuesday,5,3.2,-1.8,0,94.2,173.43,1.491,0.131,None
SHP102100,2025-11-24,Mumbai,Central,Air,BlueLine,Pharma,843.0,264.2,1.75,11,Monday,3,2.1,-0.9,0,81.4,830.43,3.143,0.985,None
SHP102101,2025-09-24,Kolkata,Central,Sea,TransCo,FMCG,1168.0,231.6,1.21,9,Wednesday,7,6.5,-0.5,0,74.5,115.83,0.5,0.099,None
SHP102102,2025-04-27,Delhi,Central,Rail,TransCo,FMCG,402.0,208.2,1.17,4,Sunday,3,2.2,-0.8,0,90.0,79.61,0.382,0.198,None
SHP102103,2025-05-18,Chennai,Central,Rail,SwiftHaul,Pharma,1198.0,90.2,0.44,5,Sunday,5,3.5,-1.5,0,92.7,94.41,1.047,0.079,None
SHP102104,2025-05-31,Delhi,East,Sea,BlueLine,FMCG,768.0,196.9,0.88,5,Saturday,6,6.1,0.1,1,90.3,92.13,0.468,0.12,Customs/Docs
SHP102105,2025-10-30,Hyderabad,Central,Road,BlueLine,Apparel,868.0,592.2,3.51,10,Thursday,4,4.0,0.0,0,77.2,417.58,0.705,0.481,None
SHP102106,2025-07-17,Delhi,West,Rail,BlueLine,FMCG,880.0,204.0,0.9,7,Thursday,4,4.7,0.7,1,81.6,125.66,0.616,0.143,Warehouse congestion
SHP102107,2025-05-01,Kolkata,Central,Road,SwiftHaul,Pharma,1054.0,322.0,2.47,5,Thursday,4,3.2,-0.8,0,90.5,323.38,1.004,0.307,None
SHP102108,2025-08-16,Kolkata,South,Road,TransCo,Pharma,316.0,227.0,0.95,8,Saturday,3,2.2,-0.8,0,72.6,81.96,0.361,0.259,None
SHP102109,2025-07-31,Chennai,South,Road,SwiftHaul,Machinery,1029.0,168.7,1.39,7,Thursday,4,3.4,-0.6,0,,168.25,0.997,0.164,None
SHP102110,2025-12-11,Mumbai,Central,Sea,TransCo,FMCG,1377.0,54.6,0.24,12,Thursday,8,6.7,-1.3,0,84.0,61.82,1.132,0.045,None
SHP102111,2025-01-13,Chennai,South,Road,TransCo,Electronics,1707.0,317.4,1.3,1,Monday,6,5.2,-0.8,0,89.1,578.34,1.822,0.339,None
SHP102112,2025-05-11,Mumbai,South,Road,BlueLine,FMCG,1493.0,173.8,1.18,5,Sunday,5,6.1,1.1,1,89.6,270.33,1.555,0.181,Customs/Docs
SHP102113,2025-07-14,Hyderabad,North,Sea,TransCo,Apparel,538.0,110.0,0.48,7,Monday,4,3.6,-0.4,0,80.1,50.32,0.457,0.094,None
SHP102114,2025-07-02,Chennai,East,Air,SwiftHaul,Apparel,1388.0,480.9,3.46,7,Wednesday,3,0.9,-2.1,0,83.9,2644.49,5.499,1.905,None
SHP102115,2025-12-19,Delhi,South,Air,BlueLine,Pharma,515.0,220.9,0.97,12,Friday,2,2.2,0.2,1,86.0,439.65,1.99,0.854,Warehouse congestion
SHP102116,2025-03-25,Kolkata,North,Road,BlueLine,Machinery,1098.0,230.3,0.94,3,Tuesday,4,3.6,-0.4,0,96.4,263.06,1.142,0.24,None
SHP102117,2025-05-24,Mumbai,West,Road,QuickMove,FMCG,1139.0,137.1,0.61,5,Saturday,4,3.0,-1.0,0,89.1,168.65,1.23,0.148,None
SHP102118,2025-08-03,Chennai,North,Sea,QuickMove,Apparel,815.0,302.2,1.38,8,Sunday,5,4.9,-0.1,0,79.3,112.21,0.371,0.138,None
SHP102119,2025-12-02,Chennai,East,Road,TransCo,FMCG,781.0,652.2,3.21,12,Tuesday,4,4.6,0.6,1,85.3,451.23,0.692,0.578,Carrier capacity
SHP102120,2025-07-01,Mumbai,South,Rail,SwiftHaul,Apparel,1178.0,64.4,0.46,7,Tuesday,5,5.7,0.7,1,80.0,69.23,1.075,0.059,Weather
SHP102121,2025-09-07,Delhi,North,Road,SwiftHaul,Electronics,742.0,195.1,0.93,9,Sunday,4,2.0,-2.0,0,71.4,152.3,0.781,0.205,None
SHP102122,2025-03-28,Kolkata,South,Air,BlueLine,FMCG,1029.0,89.4,0.47,3,Friday,3,1.4,-1.6,0,96.4,432.66,4.84,0.42,None
SHP102123,2025-02-11,Mumbai,West,Rail,SwiftHaul,FMCG,1018.0,176.7,0.99,2,Tuesday,5,2.8,-2.2,0,95.5,127.96,0.724,0.126,None
SHP102124,2025-01-05,Hyderabad,North,Air,QuickMove,Electronics,805.0,374.9,2.66,1,Sunday,3,0.8,-2.2,0,91.8,1280.62,3.416,1.591,None
SHP102125,2025-12-08,Kolkata,East,Sea,SwiftHaul,Pharma,1366.0,96.2,0.72,12,Monday,8,9.9,1.9,1,82.2,80.88,0.841,0.059,Customs/Docs
SHP102126,2025-01-14,Chennai,East,Road,TransCo,Apparel,443.0,189.3,1.02,1,Tuesday,3,3.4,0.4,1,91.9,108.4,0.573,0.245,Customs/Docs
SHP102127,2025-10-05,Delhi,East,Road,SwiftHaul,Pharma,1146.0,35.2,0.19,10,Sunday,5,6.0,1.0,1,75.7,62.75,1.783,0.055,Last-mile failure
SHP102128,2025-04-03,Kolkata,West,Sea,QuickMove,Apparel,677.0,78.7,0.48,4,Thursday,5,4.1,-0.9,0,91.1,50.45,0.641,0.075,None
SHP102129,2025-12-15,Delhi,West,Rail,QuickMove,Pharma,1299.0,530.8,2.99,12,Monday,5,5.3,0.3,1,89.3,432.75,0.815,0.333,Last-mile failure
SHP102130,2025-06-05,Delhi,West,Air,TransCo,Machinery,621.0,104.3,0.47,6,Thursday,2,1.9,-0.1,0,88.0,279.73,2.682,0.45,None
SHP102131,2025-07-21,Chennai,North,Rail,SwiftHaul,Electronics,683.0,132.4,1.0,7,Monday,4,2.0,-2.0,0,81.3,76.32,0.576,0.112,None
SHP102132,2025-04-13,Kolkata,North,Road,SwiftHaul,Pharma,977.0,102.7,0.69,4,Sunday,4,3.3,-0.7,0,94.7,117.81,1.147,0.121,None
SHP102133,2025-06-01,Mumbai,East,Air,BlueLine,Machinery,218.0,153.5,0.69,6,Sunday,2,0.8,-1.2,0,88.1,164.85,1.074,0.756,None
SHP102134,2025-12-31,Mumbai,South,Rail,QuickMove,FMCG,2378.0,728.0,4.39,12,Wednesday,9,8.6,-0.4,0,84.0,1024.96,1.408,0.431,None
SHP102135,2025-11-06,Delhi,North,Road,QuickMove,Apparel,2479.0,537.8,2.27,11,Thursday,8,8.6,0.6,1,85.0,908.78,1.69,0.367,Carrier capacity
SHP102136,2025-04-22,Kolkata,South,Road,BlueLine,Machinery,908.0,432.9,1.74,4,Tuesday,4,4.0,0.0,0,93.7,385.94,0.892,0.425,None
SHP102137,2025-10-12,Delhi,South,Sea,TransCo,Machinery,776.0,92.5,0.43,10,Sunday,5,6.3,1.3,1,78.3,54.6,0.59,0.07,Warehouse congestion
SHP102138,2025-02-20,Hyderabad,North,Road,SwiftHaul,Apparel,1326.0,815.6,3.76,2,Thursday,5,3.7,-1.3,0,94.7,1069.48,1.311,0.807,None
SHP102139,2025-04-06,Hyderabad,North,Road,BlueLine,FMCG,1332.0,263.9,1.27,4,Sunday,5,4.5,-0.5,0,91.6,373.31,1.415,0.28,None
SHP102140,2025-04-18,Mumbai,North,Sea,QuickMove,Electronics,1192.0,256.3,1.93,4,Friday,7,5.4,-1.6,0,93.7,154.05,0.601,0.129,None
SHP102141,2025-03-21,Chennai,East,Road,BlueLine,FMCG,167.0,433.1,2.58,3,Friday,2,0.7,-1.3,0,98.0,105.82,0.244,0.634,None
SHP102142,2025-01-04,Mumbai,South,Road,TransCo,Pharma,958.0,785.1,3.74,1,Saturday,4,4.5,0.5,1,88.5,626.44,0.798,0.654,Warehouse congestion
SHP102143,2025-01-07,Mumbai,West,Sea,SwiftHaul,Pharma,1481.0,28.2,0.22,1,Tuesday,8,6.4,-1.6,0,92.7,48.91,1.734,0.033,None
SHP102144,2025-05-27,Hyderabad,South,Sea,TransCo,Machinery,1871.0,174.8,1.18,5,Tuesday,10,10.2,0.2,1,91.3,163.2,0.934,0.087,Last-mile failure
SHP102145,2025-05-31,Mumbai,North,Rail,QuickMove,Apparel,910.0,155.9,0.94,5,Saturday,4,3.1,-0.9,0,87.4,102.69,0.659,0.113,None
SHP102146,2025-06-01,Chennai,North,Road,SwiftHaul,FMCG,1237.0,55.4,0.43,6,Sunday,5,2.5,-2.5,0,85.0,91.03,1.643,0.074,None
SHP102147,2025-02-26,Hyderabad,South,Road,TransCo,FMCG,1149.0,567.9,2.28,2,Wednesday,5,5.3,0.3,1,93.6,632.03,1.113,0.55,Weather
SHP102148,2025-08-11,Hyderabad,North,Road,TransCo,Pharma,1105.0,28.7,0.19,8,Monday,4,5.4,1.4,1,74.3,57.02,1.987,0.052,Carrier capacity
SHP102149,2025-04-27,Chennai,East,Road,TransCo,Machinery,959.0,99.1,0.41,4,Sunday,4,3.7,-0.3,0,94.3,133.3,1.345,0.139,None
SHP102150,2025-10-04,Kolkata,East,Air,BlueLine,Electronics,728.0,317.8,1.65,10,Saturday,3,1.8,-1.2,0,73.6,859.1,2.703,1.18,None
SHP102151,2025-12-25,Hyderabad,East,Rail,BlueLine,Apparel,534.0,197.2,1.41,12,Thursday,4,3.9,-0.1,0,86.8,77.93,0.395,0.146,None
SHP102152,2025-09-26,Chennai,South,Air,TransCo,FMCG,416.0,467.0,2.84,9,Friday,2,2.8,0.8,1,73.2,655.41,1.403,1.576,Carrier capacity
SHP102153,2025-11-18,Hyderabad,East,Road,TransCo,Electronics,1312.0,154.9,1.15,11,Tuesday,5,7.0,2.0,1,79.4,211.69,1.367,0.161,Warehouse congestion
SHP102154,2025-08-19,Chennai,West,Road,BlueLine,Apparel,838.0,114.2,0.78,8,Tuesday,4,3.0,-1.0,0,76.3,107.38,0.94,0.128,None
SHP102155,2025-03-17,Hyderabad,South,Rail,BlueLine,FMCG,1784.0,218.4,0.98,3,Monday,7,6.6,-0.4,0,98.0,267.62,1.225,0.15,None
SHP102156,2025-11-05,Mumbai,West,Road,QuickMove,Electronics,979.0,11.8,0.08,11,Wednesday,4,3.4,-0.6,0,77.5,38.81,3.289,0.04,None
SHP102157,2025-12-28,Mumbai,South,Road,BlueLine,Electronics,2685.0,377.0,3.12,12,Sunday,8,8.1,0.1,1,84.0,927.33,2.46,0.345,Warehouse congestion
SHP102158,2025-01-04,Delhi,Central,Rail,BlueLine,Machinery,868.0,390.2,2.4,1,Saturday,4,3.5,-0.5,0,90.3,207.91,0.533,0.24,None
SHP102159,2025-09-26,Hyderabad,North,Sea,SwiftHaul,Pharma,667.0,369.0,1.95,9,Friday,5,2.4,-2.6,0,74.9,102.02,0.276,0.153,None
SHP102160,2025-10-06,Hyderabad,East,Rail,TransCo,FMCG,1511.0,934.9,7.46,10,Monday,7,8.0,1.0,1,76.6,910.95,0.974,0.603,Warehouse congestion
SHP102161,2025-08-22,Kolkata,West,Road,TransCo,Pharma,735.0,176.2,0.74,8,Friday,4,3.2,-0.8,0,75.9,125.19,0.71,0.17,None
SHP102162,2025-12-29,Hyderabad,South,Road,SwiftHaul,Electronics,1131.0,66.3,0.28,12,Monday,5,4.2,-0.8,0,85.6,84.76,1.278,0.075,None
SHP102163,2025-03-04,Mumbai,East,Road,SwiftHaul,Electronics,961.0,120.3,0.52,3,Tuesday,4,2.9,-1.1,0,91.1,131.7,1.095,0.137,None
SHP102164,2025-08-26,Mumbai,West,Road,SwiftHaul,Machinery,521.0,205.8,1.07,8,Tuesday,3,0.7,-2.3,0,79.2,116.44,0.566,0.223,None
SHP102165,2025-02-11,Mumbai,East,Road,BlueLine,FMCG,1044.0,518.8,2.16,2,Tuesday,5,3.4,-1.6,0,93.5,580.87,1.12,0.556,None
SHP102166,2025-09-25,Hyderabad,Central,Sea,SwiftHaul,FMCG,1220.0,214.2,1.29,9,Thursday,7,4.6,-2.4,0,80.4,118.45,0.553,0.097,None
SHP102167,2025-07-27,Chennai,Central,Rail,TransCo,Apparel,1151.0,400.2,1.78,7,Sunday,5,5.1,0.1,1,79.3,250.27,0.625,0.217,Customs/Docs
SHP102168,2025-03-19,Chennai,East,Road,SwiftHaul,Pharma,551.0,463.6,2.21,3,Wednesday,3,3.7,0.7,1,97.1,301.21,0.65,0.547,Carrier capacity
SHP102169,2025-01-17,Hyderabad,East,Road,QuickMove,FMCG,580.0,591.1,3.05,1,Friday,3,2.8,-0.2,0,88.5,316.82,0.536,0.546,None
SHP102170,2025-03-28,Chennai,North,Rail,SwiftHaul,Apparel,886.0,89.4,0.5,3,Friday,4,5.3,1.3,1,95.1,79.19,0.886,0.089,Last-mile failure
SHP102171,2025-12-12,Hyderabad,East,Sea,TransCo,FMCG,1119.0,91.7,0.63,12,Friday,7,8.4,1.4,1,83.0,70.78,0.772,0.063,Weather
SHP102172,2025-05-10,Mumbai,North,Road,BlueLine,FMCG,690.0,155.5,0.68,5,Saturday,4,2.9,-1.1,0,89.4,122.15,0.786,0.177,None
SHP102173,2025-07-13,Mumbai,East,Road,BlueLine,Electronics,736.0,190.5,0.86,7,Sunday,4,2.5,-1.5,0,78.5,160.66,0.843,0.218,None
SHP102174,2025-04-30,Delhi,South,Road,BlueLine,Machinery,869.0,416.8,2.15,4,Wednesday,4,3.9,-0.1,0,94.7,351.86,0.844,0.405,None
SHP102175,2025-02-12,Delhi,East,Sea,BlueLine,Electronics,970.0,66.2,0.31,2,Wednesday,6,5.9,-0.1,0,97.0,57.46,0.868,0.059,None
SHP102176,2025-02-22,Delhi,Central,Sea,TransCo,Electronics,694.0,327.9,1.78,2,Saturday,5,5.8,0.8,1,94.6,122.61,0.374,0.177,Last-mile failure
SHP102177,2025-09-07,Delhi,South,Air,SwiftHaul,FMCG,365.0,125.5,0.8,9,Sunday,2,1.6,-0.4,0,80.7,187.17,1.491,0.513,None
SHP102178,2025-09-25,Chennai,South,Road,TransCo,Machinery,1332.0,226.8,1.2,9,Thursday,5,4.6,-0.4,0,76.4,282.76,1.247,0.212,None
SHP102179,2025-01-04,Kolkata,North,Sea,SwiftHaul,Pharma,1626.0,105.4,0.67,1,Saturday,9,6.2,-2.8,0,88.1,95.26,0.904,0.059,None
SHP102180,2025-03-31,Delhi,West,Road,TransCo,Machinery,2101.0,207.3,1.26,3,Monday,6,6.5,0.5,1,99.9,560.21,2.702,0.267,Warehouse congestion
SHP102181,2025-02-24,Kolkata,East,Sea,BlueLine,Electronics,717.0,253.9,1.46,2,Monday,5,4.6,-0.4,0,95.5,109.63,0.432,0.153,None
SHP102182,2025-09-01,Hyderabad,North,Road,QuickMove,Pharma,146.0,233.4,1.88,9,Monday,2,0.7,-1.3,0,72.2,55.04,0.236,0.377,None
SHP102183,2025-10-24,Kolkata,Central,Road,QuickMove,Electronics,1576.0,89.4,0.71,10,Friday,6,6.1,0.1,1,76.3,124.03,1.387,0.079,Carrier capacity
SHP102184,2025-06-02,Mumbai,Central,Road,SwiftHaul,Machinery,952.0,379.1,3.12,6,Monday,4,2.8,-1.2,0,86.6,328.1,0.865,0.345,None
SHP102185,2025-01-12,Chennai,West,Road,BlueLine,FMCG,1284.0,221.0,1.21,1,Sunday,5,3.2,-1.8,0,91.1,300.69,1.361,0.234,None
SHP102186,2025-01-11,Mumbai,North,Rail,BlueLine,Apparel,1289.0,225.4,1.31,1,Saturday,5,4.6,-0.4,0,91.6,215.16,0.955,0.167,None
SHP102187,2025-01-07,Chennai,South,Rail,TransCo,Pharma,585.0,99.8,0.4,1,Tuesday,4,2.4,-1.6,0,92.0,63.03,0.632,0.108,None
SHP102188,2025-03-27,Mumbai,Central,Road,QuickMove,Electronics,588.0,225.6,1.4,3,Thursday,3,2.2,-0.8,0,93.8,149.84,0.664,0.255,None
SHP102189,2025-11-24,Delhi,North,Rail,BlueLine,Pharma,419.0,264.9,1.24,11,Monday,3,3.1,0.1,1,81.0,74.54,0.281,0.178,Warehouse congestion
SHP102190,2025-06-26,Delhi,West,Road,TransCo,Electronics,1269.0,214.7,1.41,6,Thursday,5,4.1,-0.9,0,85.4,246.39,1.148,0.194,None
SHP102191,2025-03-31,Mumbai,Central,Road,BlueLine,Apparel,1570.0,121.4,0.55,3,Monday,5,4.8,-0.2,0,94.5,235.0,1.936,0.15,None
SHP102192,2025-07-07,Chennai,Central,Sea,SwiftHaul,Machinery,1395.0,217.8,1.06,7,Monday,8,7.4,-0.6,0,81.7,142.34,0.654,0.102,None
SHP102193,2025-08-20,Hyderabad,North,Rail,TransCo,Apparel,1168.0,177.9,1.2,8,Wednesday,5,5.1,0.1,1,76.7,145.84,0.82,0.125,Last-mile failure
SHP102194,2025-07-02,Kolkata,East,Sea,QuickMove,FMCG,959.0,328.0,1.39,7,Wednesday,6,6.0,0.0,0,82.2,131.71,0.402,0.137,None
SHP102195,2025-01-03,Chennai,North,Air,BlueLine,Electronics,1370.0,397.0,1.7,1,Friday,3,1.4,-1.6,0,90.6,2237.35,5.636,1.633,None
SHP102196,2025-10-07,Kolkata,West,Sea,BlueLine,FMCG,1433.0,87.3,0.48,10,Tuesday,7,8.1,1.1,1,75.7,71.38,0.818,0.05,Warehouse congestion
SHP102197,2025-03-23,Chennai,South,Road,QuickMove,FMCG,311.0,81.4,0.33,3,Sunday,3,1.1,-1.9,0,95.3,53.1,0.652,0.171,None
SHP102198,2025-07-26,Delhi,East,Sea,QuickMove,Apparel,746.0,149.1,0.92,7,Saturday,5,5.6,0.6,1,81.4,70.37,0.472,0.094,Last-mile failure
SHP102199,2025-10-15,Chennai,South,Sea,BlueLine,FMCG,648.0,182.6,1.43,10,Wednesday,5,4.4,-0.6,0,76.4,68.78,0.377,0.106,None
SHP102200,2025-10-25,Hyderabad,East,Road,BlueLine,FMCG,542.0,141.4,0.6,10,Saturday,3,2.5,-0.5,0,75.5,83.61,0.591,0.154,None
SHP102201,2025-01-14,Mumbai,North,Road,TransCo,Apparel,644.0,227.9,1.46,1,Tuesday,3,2.8,-0.2,0,90.3,163.99,0.72,0.255,None
SHP102202,2025-09-21,Kolkata,South,Road,SwiftHaul,Apparel,929.0,168.9,0.72,9,Sunday,4,3.5,-0.5,0,77.9,161.68,0.957,0.174,None
SHP102203,2025-09-08,Kolkata,South,Road,BlueLine,FMCG,1140.0,183.3,1.52,9,Monday,5,3.1,-1.9,0,76.3,180.66,0.986,0.158,None
SHP102204,2025-09-03,Mumbai,West,Sea,QuickMove,FMCG,1146.0,72.5,0.44,9,Wednesday,6,5.2,-0.8,0,75.7,56.12,0.774,0.049,None
SHP102205,2025-10-09,Mumbai,West,Road,TransCo,Apparel,998.0,1908.3,10.28,10,Thursday,4,3.9,-0.1,0,76.0,1558.43,0.817,1.562,None
SHP102206,2025-10-07,Kolkata,West,Sea,SwiftHaul,Apparel,1509.0,499.2,3.84,10,Tuesday,8,6.6,-1.4,0,76.8,286.11,0.573,0.19,None
SHP102207,2025-11-08,Delhi,South,Sea,TransCo,FMCG,1625.0,1005.6,5.94,11,Saturday,9,11.1,2.1,1,78.1,585.5,0.582,0.36,Last-mile failure
SHP102208,2025-01-16,Chennai,Central,Rail,SwiftHaul,FMCG,904.0,74.1,0.33,1,Thursday,4,3.9,-0.1,0,89.6,70.35,0.949,0.078,None
SHP102209,2025-12-25,Chennai,South,Road,SwiftHaul,Electronics,946.0,177.7,1.21,12,Thursday,4,3.8,-0.2,0,86.1,199.8,1.124,0.211,None
SHP102210,2025-12-09,Hyderabad,West,Rail,BlueLine,FMCG,1114.0,200.1,1.61,12,Tuesday,5,4.5,-0.5,0,85.2,167.26,0.836,0.15,None
SHP102211,2025-03-17,Mumbai,Central,Road,SwiftHaul,FMCG,968.0,205.6,1.43,3,Monday,4,3.6,-0.4,0,94.3,243.47,1.184,0.252,None
SHP102212,2025-01-09,Mumbai,West,Rail,BlueLine,Apparel,472.0,118.5,0.49,1,Thursday,3,1.8,-1.2,0,87.6,64.31,0.543,0.136,None
SHP102213,2025-08-29,Mumbai,South,Road,TransCo,Apparel,1080.0,1385.2,9.72,8,Friday,5,4.0,-1.0,0,76.1,1106.95,0.799,1.025,None
SHP102214,2025-06-22,Mumbai,West,Rail,SwiftHaul,Apparel,2443.0,234.0,1.64,6,Sunday,8,6.8,-1.2,0,83.5,334.76,1.431,0.137,None
SHP102215,2025-10-08,Mumbai,South,Road,BlueLine,Apparel,1305.0,313.7,1.82,10,Wednesday,5,6.1,1.1,1,76.3,325.61,1.038,0.25,Carrier capacity
SHP102216,2025-04-30,Delhi,South,Road,BlueLine,Machinery,869.0,416.8,2.15,4,Wednesday,4,3.8,-0.2,0,94.2,390.96,0.938,0.45,None
SHP102217,2025-09-25,Mumbai,South,Road,BlueLine,Electronics,1161.0,167.4,0.96,9,Thursday,5,5.1,0.1,1,77.9,178.81,1.068,0.154,Carrier capacity
SHP102218,2025-07-21,Hyderabad,South,Road,QuickMove,Machinery,2142.0,268.6,1.44,7,Monday,7,6.2,-0.8,0,81.9,472.86,1.76,0.221,None
SHP102219,2025-05-28,Chennai,South,Sea,TransCo,Apparel,1214.0,30.6,0.15,5,Wednesday,7,6.5,-0.5,0,90.5,44.91,1.468,0.037,None
SHP102220,2025-12-28,Delhi,Central,Road,BlueLine,Apparel,780.0,308.7,1.45,12,Sunday,4,3.7,-0.3,0,89.2,220.7,0.715,0.283,None
SHP102221,2025-06-07,Kolkata,West,Road,SwiftHaul,Electronics,1176.0,389.3,2.36,6,Saturday,4,3.2,-0.8,0,85.8,451.38,1.159,0.384,None
SHP102222,2025-02-08,Hyderabad,West,Sea,TransCo,Electronics,657.0,90.7,0.46,2,Saturday,4,5.1,1.1,1,92.2,52.37,0.577,0.08,Weather
SHP102223,2025-06-17,Hyderabad,North,Rail,BlueLine,FMCG,1532.0,123.2,0.83,6,Tuesday,6,5.1,-0.9,0,84.6,144.18,1.17,0.094,None
SHP102224,2025-05-28,Delhi,North,Rail,BlueLine,FMCG,827.0,109.0,0.51,5,Wednesday,4,4.5,0.5,1,95.2,89.32,0.819,0.108,Last-mile failure
SHP102225,2025-09-09,Mumbai,West,Road,QuickMove,FMCG,913.0,806.6,4.99,9,Tuesday,4,2.7,-1.3,0,73.6,592.47,0.735,0.649,None
SHP102226,2025-08-17,Hyderabad,North,Rail,BlueLine,FMCG,606.0,121.5,0.87,8,Sunday,4,3.8,-0.2,0,75.7,63.77,0.525,0.105,None
SHP102227,2025-02-15,Mumbai,East,Road,SwiftHaul,Electronics,1083.0,40.8,0.17,2,Saturday,5,1.7,-3.3,0,95.7,73.45,1.8,0.068,None
SHP102228,2025-06-01,Chennai,North,Road,SwiftHaul,FMCG,1237.0,55.4,0.43,6,Sunday,5,4.8,-0.2,0,83.2,84.67,1.528,0.068,None
SHP102229,2025-09-08,Chennai,West,Road,QuickMove,FMCG,1364.0,109.8,0.48,9,Monday,5,2.5,-2.5,0,77.1,128.49,1.17,0.094,None
SHP102230,2025-06-02,Kolkata,East,Road,BlueLine,Machinery,289.0,123.9,0.8,6,Monday,3,2.3,-0.7,0,87.3,65.65,0.53,0.227,None
SHP102231,2025-10-31,Hyderabad,Central,Road,BlueLine,FMCG,732.0,252.9,1.82,10,Friday,4,2.8,-1.2,0,76.9,171.31,0.677,0.234,None
SHP102232,2025-12-13,Chennai,Central,Sea,TransCo,FMCG,1125.0,219.3,0.93,12,Saturday,6,6.3,0.3,1,88.3,123.36,0.563,0.11,Weather
SHP102233,2025-03-14,Chennai,East,Road,BlueLine,FMCG,735.0,251.5,1.32,3,Friday,4,3.0,-1.0,0,94.7,228.61,0.909,0.311,None
SHP102234,2025-09-30,Hyderabad,East,Road,QuickMove,FMCG,337.0,870.0,7.08,9,Tuesday,3,2.4,-0.6,0,76.9,278.31,0.32,0.826,None
SHP102235,2025-12-31,Chennai,North,Sea,TransCo,Electronics,470.0,21.1,0.14,12,Wednesday,4,4.7,0.7,1,80.3,34.47,1.634,0.073,Warehouse congestion
SHP102236,2025-10-12,Delhi,South,Road,QuickMove,FMCG,1620.0,787.1,3.79,10,Sunday,6,5.6,-0.4,0,77.7,952.02,1.21,0.588,None
SHP102237,2025-11-30,Delhi,East,Road,TransCo,FMCG,472.0,645.8,3.62,11,Sunday,3,3.4,0.4,1,82.7,276.02,0.427,0.585,Customs/Docs
SHP102238,2025-06-23,Delhi,South,Road,BlueLine,FMCG,2078.0,186.1,1.51,6,Monday,7,5.3,-1.7,0,86.6,419.83,2.256,0.202,None
SHP102239,2025-10-02,Hyderabad,West,Road,QuickMove,Pharma,891.0,293.0,1.85,10,Thursday,4,3.4,-0.6,0,75.6,212.45,0.725,0.238,None
SHP102240,2025-04-10,Delhi,West,Rail,TransCo,Machinery,1019.0,61.8,0.44,4,Thursday,5,4.0,-1.0,0,90.7,65.57,1.061,0.064,None
SHP102241,2025-11-30,Chennai,West,Sea,SwiftHaul,Apparel,1698.0,227.7,0.97,11,Sunday,8,8.1,0.1,1,82.3,169.48,0.744,0.1,Warehouse congestion
SHP102242,2025-02-21,Kolkata,Central,Rail,BlueLine,Apparel,1249.0,77.4,0.32,2,Friday,5,6.0,1.0,1,92.0,97.11,1.255,0.078,Carrier capacity
SHP102243,2025-10-12,Hyderabad,Central,Road,QuickMove,Apparel,864.0,86.0,0.36,10,Sunday,4,4.4,0.4,1,74.9,83.33,0.969,0.096,Warehouse congestion
SHP102244,2025-05-31,Hyderabad,West,Sea,BlueLine,Machinery,877.0,216.0,1.16,5,Saturday,5,4.4,-0.6,0,89.5,118.39,0.548,0.135,None
SHP102245,2025-12-30,Mumbai,West,Rail,SwiftHaul,Apparel,567.0,276.5,2.17,12,Tuesday,3,2.1,-0.9,0,86.3,119.47,0.432,0.211,None
SHP102246,2025-07-26,Delhi,North,Road,TransCo,Apparel,2430.0,119.1,0.53,7,Saturday,7,8.0,1.0,1,82.4,294.17,2.47,0.121,Last-mile failure
SHP102247,2025-03-27,Hyderabad,South,Road,TransCo,Machinery,1211.0,299.9,1.75,3,Thursday,5,5.1,0.1,1,99.1,382.64,1.276,0.316,Weather
SHP102248,2025-11-08,Chennai,East,Rail,TransCo,FMCG,1511.0,53.6,0.36,11,Saturday,7,8.0,1.0,1,80.3,70.89,1.323,0.047,Carrier capacity
SHP102249,2025-04-21,Chennai,South,Sea,BlueLine,Machinery,1463.0,144.7,1.04,4,Monday,8,8.0,0.0,0,94.3,123.52,0.854,0.084,None
SHP102250,2025-02-11,Mumbai,West,Rail,SwiftHaul,FMCG,1018.0,176.7,0.99,2,Tuesday,5,2.8,-2.2,0,94.6,129.55,0.733,0.127,None
SHP102251,2025-01-01,Hyderabad,Central,Road,TransCo,Pharma,827.0,69.5,0.3,1,Wednesday,4,3.0,-1.0,0,89.1,74.5,1.072,0.09,None
SHP102252,2025-09-18,Hyderabad,East,Road,BlueLine,Apparel,1059.0,98.6,0.41,9,Thursday,5,3.8,-1.2,0,76.5,116.28,1.179,0.11,None
SHP102253,2025-07-26,Delhi,East,Sea,QuickMove,Apparel,746.0,149.1,0.92,7,Saturday,5,4.8,-0.2,0,78.9,68.06,0.456,0.091,None
SHP102254,2025-09-21,Hyderabad,North,Road,SwiftHaul,Apparel,949.0,489.0,3.78,9,Sunday,4,4.1,0.1,1,77.3,349.27,0.714,0.368,Warehouse congestion
SHP102255,2025-05-28,Delhi,Central,Road,SwiftHaul,FMCG,640.0,439.5,2.18,5,Wednesday,3,2.0,-1.0,0,88.1,266.04,0.605,0.416,None
SHP102256,2025-01-31,Mumbai,West,Road,SwiftHaul,FMCG,789.0,243.2,0.98,1,Friday,4,4.7,0.7,1,91.9,212.83,0.875,0.27,Last-mile failure
SHP102257,2025-05-07,Mumbai,South,Sea,SwiftHaul,Electronics,610.0,47.8,0.25,5,Wednesday,5,5.1,0.1,1,91.9,41.1,0.86,0.067,Carrier capacity
SHP102258,2025-06-10,Delhi,South,Road,QuickMove,FMCG,1086.0,119.4,0.61,6,Tuesday,5,3.4,-1.6,0,82.0,113.23,0.948,0.104,None
SHP102259,2025-07-04,Kolkata,Central,Road,SwiftHaul,Apparel,1378.0,303.6,2.21,7,Friday,5,3.3,-1.7,0,80.8,363.66,1.198,0.264,None
SHP102260,2025-04-23,Chennai,East,Rail,TransCo,Machinery,761.0,138.4,0.96,4,Wednesday,4,4.2,0.2,1,96.9,101.57,0.734,0.133,Carrier capacity
SHP102261,2025-02-18,Chennai,East,Air,QuickMove,Apparel,971.0,60.2,0.3,2,Tuesday,3,2.7,-0.3,0,94.2,296.62,4.927,0.305,None
SHP102262,2025-07-12,Kolkata,West,Sea,SwiftHaul,FMCG,432.0,177.7,0.84,7,Saturday,4,2.3,-1.7,0,80.3,59.41,0.334,0.138,None
SHP102263,2025-10-07,Delhi,East,Road,SwiftHaul,Pharma,813.0,121.8,0.69,10,Tuesday,4,1.6,-2.4,0,75.5,105.46,0.866,0.13,None
SHP102264,2025-08-09,Mumbai,West,Road,SwiftHaul,FMCG,899.0,490.3,2.41,8,Saturday,4,3.5,-0.5,0,77.5,420.61,0.858,0.468,None
SHP102265,2025-10-27,Hyderabad,South,Road,QuickMove,Electronics,308.0,140.2,0.56,10,Monday,3,2.6,-0.4,0,75.8,62.65,0.447,0.203,None
SHP102266,2025-01-05,Hyderabad,North,Road,SwiftHaul,Pharma,792.0,216.3,1.28,1,Sunday,4,3.9,-0.1,0,91.1,183.24,0.847,0.231,None
SHP102267,2025-04-27,Mumbai,South,Sea,SwiftHaul,Machinery,1442.0,790.5,6.37,4,Sunday,8,8.0,0.0,0,95.3,505.27,0.639,0.35,None
SHP102268,2025-01-25,Delhi,South,Air,SwiftHaul,Pharma,376.0,269.1,1.39,1,Saturday,2,0.7,-1.3,0,90.7,445.67,1.656,1.185,None
SHP102269,2025-12-30,Mumbai,West,Sea,BlueLine,FMCG,572.0,118.2,0.51,12,Tuesday,4,3.9,-0.1,0,87.4,57.12,0.483,0.1,None
SHP102270,2025-05-13,Chennai,South,Sea,SwiftHaul,Apparel,1111.0,252.3,1.13,5,Tuesday,7,6.2,-0.8,0,91.0,156.92,0.622,0.141,None
SHP102271,2025-01-14,Mumbai,West,Road,SwiftHaul,Electronics,1512.0,311.5,1.29,1,Tuesday,5,2.9,-2.1,0,89.4,429.93,1.38,0.284,None
SHP102272,2025-11-21,Mumbai,North,Road,SwiftHaul,Machinery,411.0,33.2,0.19,11,Friday,3,2.0,-1.0,0,76.5,39.77,1.198,0.097,None
SHP102273,2025-10-28,Chennai,Central,Rail,TransCo,FMCG,342.0,151.1,0.76,10,Tuesday,3,3.5,0.5,1,75.6,56.33,0.373,0.165,Last-mile failure
SHP102274,2025-03-04,Kolkata,North,Road,BlueLine,FMCG,725.0,207.3,1.11,3,Tuesday,4,2.3,-1.7,0,94.8,167.53,0.808,0.231,None
SHP102275,2025-06-16,Mumbai,Central,Road,BlueLine,FMCG,294.0,292.6,1.3,6,Monday,3,1.9,-1.1,0,86.3,97.57,0.333,0.332,None
SHP102276,2025-06-09,Mumbai,West,Rail,SwiftHaul,Pharma,1134.0,950.9,7.41,6,Monday,5,3.9,-1.1,0,81.4,666.88,0.701,0.588,None
SHP102277,2025-06-16,Mumbai,North,Road,TransCo,FMCG,1211.0,171.3,0.73,6,Monday,5,6.7,1.7,1,81.6,215.12,1.256,0.178,Warehouse congestion
SHP102278,2025-12-03,Chennai,North,Sea,QuickMove,FMCG,930.0,123.8,0.55,12,Wednesday,6,6.4,0.4,1,81.4,66.74,0.539,0.072,Weather
SHP102279,2025-06-12,Chennai,West,Road,BlueLine,Electronics,1214.0,519.0,2.29,6,Thursday,5,3.7,-1.3,0,85.0,555.67,1.071,0.458,None
SHP102280,2025-11-22,Hyderabad,South,Road,SwiftHaul,Electronics,2041.0,122.9,0.74,11,Saturday,7,5.7,-1.3,0,77.5,234.93,1.912,0.115,None
SHP102281,2025-07-30,Mumbai,South,Road,SwiftHaul,Electronics,643.0,407.0,2.29,7,Wednesday,4,2.1,-1.9,0,81.0,276.55,0.679,0.43,None
SHP102282,2025-01-19,Hyderabad,West,Road,TransCo,Apparel,1483.0,79.4,0.45,1,Sunday,5,4.5,-0.5,0,89.4,133.93,1.687,0.09,None
SHP102283,2025-06-07,Delhi,South,Air,TransCo,FMCG,943.0,215.2,1.15,6,Saturday,3,2.4,-0.6,0,82.0,826.83,3.842,0.877,None
SHP102284,2025-12-03,Chennai,North,Sea,QuickMove,FMCG,930.0,123.8,0.55,12,Wednesday,6,6.4,0.4,1,87.2,73.31,0.592,0.079,Warehouse congestion
SHP102285,2025-04-23,Chennai,East,Rail,TransCo,Machinery,761.0,138.4,0.96,4,Wednesday,4,4.1,0.1,1,93.8,99.77,0.721,0.131,Carrier capacity
SHP102286,2025-08-11,Mumbai,South,Rail,BlueLine,FMCG,1888.0,33.9,0.22,8,Monday,7,6.8,-0.2,0,78.6,66.25,1.954,0.035,None
SHP102287,2025-05-08,Hyderabad,North,Sea,TransCo,FMCG,973.0,214.3,1.51,5,Thursday,6,5.3,-0.7,0,90.2,115.95,0.541,0.119,None
SHP102288,2025-12-26,Chennai,North,Sea,QuickMove,FMCG,968.0,44.3,0.28,12,Friday,6,4.9,-1.1,0,88.2,46.86,1.058,0.048,None
SHP102289,2025-11-10,Kolkata,South,Sea,SwiftHaul,FMCG,1430.0,75.3,0.31,11,Monday,8,8.2,0.2,1,81.4,72.3,0.96,0.051,Carrier capacity
SHP102290,2025-10-28,Mumbai,North,Air,QuickMove,FMCG,968.0,728.4,5.17,10,Tuesday,3,4.2,1.2,1,73.8,2594.28,3.562,2.68,Last-mile failure
SHP102291,2025-02-09,Kolkata,North,Road,SwiftHaul,FMCG,1358.0,400.3,2.23,2,Sunday,5,3.8,-1.2,0,92.8,540.36,1.35,0.398,None
SHP102292,2025-06-04,Mumbai,West,Rail,BlueLine,Electronics,542.0,197.0,0.83,6,Wednesday,3,2.8,-0.2,0,83.9,94.14,0.478,0.174,None
SHP102293,2025-12-11,Chennai,East,Sea,QuickMove,FMCG,899.0,188.6,1.02,12,Thursday,6,6.8,0.8,1,80.6,89.35,0.474,0.099,Warehouse congestion
SHP102294,2025-12-26,Mumbai,West,Road,QuickMove,Electronics,821.0,205.0,0.84,12,Friday,4,3.4,-0.6,0,87.0,170.62,0.832,0.208,None
SHP102295,2025-05-19,Chennai,Central,Rail,BlueLine,Machinery,845.0,712.8,5.83,5,Monday,4,5.3,1.3,1,91.0,441.46,0.619,0.522,Carrier capacity
SHP102296,2025-10-14,Delhi,South,Road,BlueLine,FMCG,849.0,76.2,0.4,10,Tuesday,4,4.7,0.7,1,79.4,69.74,0.915,0.082,Customs/Docs
SHP102297,2025-03-01,Delhi,North,Sea,TransCo,FMCG,989.0,279.5,1.38,3,Saturday,6,4.9,-1.1,0,91.9,140.78,0.504,0.142,None
SHP102298,2025-12-20,Chennai,North,Road,SwiftHaul,Electronics,480.0,184.4,1.49,12,Saturday,3,4.0,1.0,1,82.9,104.64,0.567,0.218,Last-mile failure
SHP102299,2025-01-11,Kolkata,Central,Road,SwiftHaul,Pharma,1052.0,311.0,1.53,1,Saturday,4,1.3,-2.7,0,88.2,291.75,0.938,0.277,None
SHP102300,2025-01-08,Mumbai,North,Sea,SwiftHaul,Machinery,632.0,152.7,1.06,1,Wednesday,5,3.5,-1.5,0,93.2,73.4,0.481,0.116,None
SHP102301,2025-03-14,Kolkata,North,Sea,SwiftHaul,Machinery,903.0,91.0,0.7,3,Friday,6,5.9,-0.1,0,98.0,65.66,0.722,0.073,None
SHP102302,2025-06-20,Chennai,Central,Rail,BlueLine,Machinery,664.0,216.1,1.12,6,Friday,4,2.7,-1.3,0,82.6,113.49,0.525,0.171,None
SHP102303,2025-10-05,Kolkata,North,Rail,BlueLine,Machinery,1340.0,87.2,0.42,10,Sunday,6,6.1,0.1,1,77.3,97.46,1.118,0.073,Warehouse congestion
SHP102304,2025-09-21,Kolkata,South,Road,SwiftHaul,Apparel,929.0,168.9,0.72,9,Sunday,4,2.4,-1.6,0,76.4,162.74,0.964,0.175,None
SHP102305,2025-10-08,Mumbai,South,Road,BlueLine,Apparel,1305.0,313.7,1.82,10,Wednesday,5,3.9,-1.1,0,76.2,335.74,1.07,0.257,None
SHP102306,2025-02-26,Hyderabad,East,Air,BlueLine,Pharma,771.0,397.1,2.83,2,Wednesday,3,1.5,-1.5,0,97.8,1267.08,3.191,1.643,None
SHP102307,2025-06-01,Kolkata,West,Road,SwiftHaul,Electronics,1046.0,253.7,1.02,6,Sunday,4,5.0,1.0,1,80.2,234.46,0.924,0.224,Carrier capacity
SHP102308,2025-06-02,Mumbai,West,Air,QuickMove,Pharma,1213.0,767.4,5.55,6,Monday,3,2.3,-0.7,0,81.3,3408.13,4.441,2.81,None
SHP102309,2025-08-19,Chennai,West,Road,BlueLine,Apparel,838.0,114.2,0.78,8,Tuesday,4,4.0,0.0,0,,92.5,0.81,0.11,None
SHP102310,2025-02-09,Mumbai,South,Road,TransCo,Electronics,363.0,162.6,0.72,2,Sunday,3,2.2,-0.8,0,91.4,91.25,0.561,0.251,None
SHP102311,2025-10-10,Chennai,Central,Road,TransCo,Apparel,961.0,153.3,1.19,10,Friday,4,4.3,0.3,1,78.3,146.47,0.955,0.152,Carrier capacity
SHP102312,2025-12-02,Mumbai,West,Road,TransCo,Machinery,1401.0,235.7,1.36,12,Tuesday,5,4.9,-0.1,0,81.9,293.53,1.245,0.21,None
SHP102313,2025-10-31,Chennai,North,Road,SwiftHaul,Machinery,705.0,572.6,2.89,10,Friday,4,3.9,-0.1,0,77.7,295.34,0.516,0.419,None
SHP102314,2025-07-25,Chennai,Central,Sea,QuickMove,Apparel,919.0,34.0,0.2,7,Friday,6,7.1,1.1,1,80.1,41.14,1.21,0.045,Last-mile failure
SHP102315,2025-04-11,Chennai,North,Sea,SwiftHaul,Apparel,2361.0,82.2,0.33,4,Friday,11,10.8,-0.2,0,97.5,114.7,1.395,0.049,None
SHP102316,2025-05-19,Chennai,North,Sea,BlueLine,FMCG,306.0,272.7,1.13,5,Monday,3,2.7,-0.3,0,88.5,60.62,0.222,0.198,None
SHP102317,2025-03-10,Mumbai,South,Road,BlueLine,Machinery,257.0,119.9,0.5,3,Monday,3,2.3,-0.7,0,98.4,61.26,0.511,0.238,None
SHP102318,2025-05-27,Chennai,East,Road,BlueLine,FMCG,403.0,67.6,0.49,5,Tuesday,3,2.5,-0.5,0,91.7,55.28,0.818,0.137,None
SHP102319,2025-12-28,Delhi,West,Rail,QuickMove,Apparel,1036.0,339.4,2.38,12,Sunday,5,4.4,-0.6,0,83.2,198.68,0.585,0.192,None
SHP102320,2025-06-07,Mumbai,South,Air,QuickMove,FMCG,952.0,118.0,0.49,6,Saturday,3,2.8,-0.2,0,83.3,471.69,3.997,0.495,None
SHP102321,2025-01-13,Chennai,West,Sea,SwiftHaul,Machinery,975.0,39.0,0.16,1,Monday,6,4.5,-1.5,0,92.3,48.54,1.245,0.05,None
SHP102322,2025-06-13,Kolkata,Central,Sea,SwiftHaul,FMCG,1112.0,254.3,1.2,6,Friday,6,4.7,-1.3,0,85.4,152.7,0.6,0.137,None
SHP102323,2025-12-31,Delhi,North,Sea,SwiftHaul,Electronics,1674.0,147.1,0.64,12,Wednesday,9,8.1,-0.9,0,84.8,126.48,0.86,0.076,None
SHP102324,2025-12-10,Chennai,East,Road,TransCo,FMCG,1875.0,1107.5,4.56,12,Wednesday,7,7.0,0.0,0,88.6,1953.32,1.764,1.042,None
SHP102325,2025-12-12,Chennai,South,Road,TransCo,Pharma,673.0,123.0,0.57,12,Friday,4,3.0,-1.0,0,86.7,93.58,0.761,0.139,None
SHP102326,2025-06-20,Kolkata,South,Rail,SwiftHaul,Machinery,1037.0,555.3,3.12,6,Friday,5,2.8,-2.2,0,83.4,359.08,0.647,0.346,None
SHP102327,2025-09-09,Mumbai,North,Rail,BlueLine,FMCG,1371.0,298.5,1.38,9,Tuesday,6,4.6,-1.4,0,74.0,227.09,0.761,0.166,None
SHP102328,2025-12-22,Hyderabad,West,Road,SwiftHaul,FMCG,1062.0,1056.2,4.53,12,Monday,4,3.7,-0.3,0,85.9,792.33,0.75,0.746,None
SHP102329,2025-11-25,Kolkata,Central,Road,BlueLine,FMCG,1151.0,545.4,4.17,11,Tuesday,5,7.6,2.6,1,80.5,520.35,0.954,0.452,Warehouse congestion
SHP102330,2025-10-11,Chennai,South,Road,BlueLine,Machinery,789.0,230.8,1.83,10,Saturday,4,4.1,0.1,1,77.9,166.28,0.72,0.211,Customs/Docs
SHP102331,2025-03-13,Delhi,North,Road,SwiftHaul,Machinery,1192.0,30.1,0.19,3,Thursday,5,3.2,-1.8,0,96.7,60.41,2.007,0.051,None
SHP102332,2025-10-14,Mumbai,North,Rail,QuickMove,Apparel,892.0,130.2,0.6,10,Tuesday,4,3.8,-0.2,0,79.5,91.06,0.699,0.102,None
SHP102333,2025-08-17,Hyderabad,North,Rail,BlueLine,FMCG,606.0,121.5,0.87,8,Sunday,4,2.6,-1.4,0,75.6,62.71,0.516,0.103,None
SHP102334,2025-06-18,Hyderabad,West,Road,TransCo,Electronics,833.0,40.1,0.23,6,Wednesday,4,5.4,1.4,1,89.8,60.74,1.515,0.073,Weather
SHP102335,2025-06-03,Delhi,West,Road,SwiftHaul,Machinery,1928.0,62.0,0.43,6,Tuesday,6,5.4,-0.6,0,86.9,137.71,2.221,0.071,None
SHP102336,2025-05-17,Hyderabad,East,Road,TransCo,FMCG,1153.0,116.9,0.93,5,Saturday,5,5.2,0.2,1,90.6,134.24,1.148,0.116,Warehouse congestion
SHP102337,2025-12-08,Chennai,North,Air,SwiftHaul,Machinery,393.0,281.1,2.34,12,Monday,2,1.0,-1.0,0,84.7,432.28,1.538,1.1,None
SHP102338,2025-08-27,Delhi,Central,Air,TransCo,Pharma,1161.0,334.0,2.56,8,Wednesday,3,1.9,-1.1,0,77.1,1309.67,3.921,1.128,None
SHP102339,2025-05-28,Kolkata,North,Road,BlueLine,Electronics,1593.0,25.5,0.21,5,Wednesday,6,6.3,0.3,1,86.5,64.46,2.528,0.04,Customs/Docs
SHP102340,2025-12-31,Kolkata,West,Road,BlueLine,Machinery,923.0,320.7,1.88,12,Wednesday,4,4.1,0.1,1,84.8,230.24,0.718,0.249,Carrier capacity
SHP102341,2025-01-25,Chennai,East,Air,TransCo,FMCG,431.0,253.2,1.32,1,Saturday,2,2.4,0.4,1,92.7,503.72,1.989,1.169,Customs/Docs
SHP102342,2025-05-18,Chennai,West,Sea,TransCo,Machinery,1148.0,163.8,1.02,5,Sunday,6,6.0,0.0,0,89.2,112.98,0.69,0.098,None
SHP102343,2025-05-18,Hyderabad,North,Road,SwiftHaul,Apparel,1257.0,556.8,2.82,5,Sunday,5,3.4,-1.6,0,86.2,706.52,1.269,0.562,None
SHP102344,2025-09-08,Kolkata,Central,Rail,QuickMove,Machinery,759.0,114.8,0.62,9,Monday,4,3.2,-0.8,0,72.4,75.1,0.654,0.099,None
SHP102345,2025-11-02,Chennai,East,Road,BlueLine,Machinery,1017.0,364.7,2.39,11,Sunday,5,3.1,-1.9,0,79.4,282.59,0.775,0.278,None
SHP102346,2025-10-27,Chennai,South,Road,SwiftHaul,Electronics,1603.0,126.2,0.77,10,Monday,6,4.4,-1.6,0,77.0,179.06,1.419,0.112,None
SHP102347,2025-06-13,Mumbai,South,Road,SwiftHaul,Pharma,422.0,320.4,1.37,6,Friday,3,2.4,-0.6,0,83.3,148.09,0.462,0.351,None
SHP102348,2025-11-04,Hyderabad,North,Road,SwiftHaul,Apparel,331.0,251.1,2.08,11,Tuesday,3,3.5,0.5,1,77.3,96.6,0.385,0.292,Weather
SHP102349,2025-03-14,Hyderabad,North,Road,SwiftHaul,Machinery,1752.0,123.0,0.62,3,Friday,6,5.0,-1.0,0,93.5,250.32,2.035,0.143,None
SHP102350,2025-08-17,Hyderabad,North,Rail,BlueLine,FMCG,606.0,121.5,0.87,8,Sunday,4,3.1,-0.9,0,80.2,68.54,0.564,0.113,None
SHP102351,2025-05-02,Mumbai,South,Air,BlueLine,Apparel,725.0,184.9,1.46,5,Friday,3,1.9,-1.1,0,95.3,546.07,2.953,0.753,None
SHP102352,2025-05-02,Chennai,South,Road,SwiftHaul,Apparel,1042.0,251.5,1.21,5,Friday,4,2.9,-1.1,0,91.1,280.62,1.116,0.269,None
SHP102353,2025-11-01,Hyderabad,East,Road,BlueLine,Electronics,752.0,97.0,0.47,11,Saturday,4,3.8,-0.2,0,80.5,87.78,0.905,0.117,None
SHP102354,2025-08-23,Kolkata,South,Rail,QuickMove,Electronics,406.0,41.9,0.24,8,Saturday,3,2.8,-0.2,0,78.6,39.98,0.954,0.098,None
SHP102355,2025-10-09,Mumbai,South,Rail,BlueLine,Apparel,1003.0,305.8,1.62,10,Thursday,5,6.2,1.2,1,73.6,189.8,0.621,0.189,Warehouse congestion
SHP102356,2025-02-21,Kolkata,Central,Rail,BlueLine,Apparel,1249.0,77.4,0.32,2,Friday,5,5.6,0.6,1,92.6,87.89,1.136,0.07,Customs/Docs
SHP102357,2025-02-11,Kolkata,West,Air,BlueLine,Electronics,906.0,82.7,0.58,2,Tuesday,3,1.1,-1.9,0,89.5,329.7,3.987,0.364,None
SHP102358,2025-01-13,Chennai,Central,Sea,SwiftHaul,FMCG,540.0,175.8,1.35,1,Monday,4,2.4,-1.6,0,90.9,71.79,0.408,0.133,None
SHP102359,2025-05-14,Mumbai,West,Road,SwiftHaul,Pharma,230.0,24.7,0.12,5,Wednesday,2,1.1,-0.9,0,89.9,35.28,1.428,0.153,None
SHP102360,2025-01-24,Chennai,South,Sea,BlueLine,FMCG,902.0,938.5,5.74,1,Friday,6,4.2,-1.8,0,88.4,368.88,0.393,0.409,None
SHP102361,2025-08-01,Kolkata,West,Road,SwiftHaul,Electronics,1956.0,315.3,1.48,8,Friday,6,4.3,-1.7,0,80.2,530.98,1.684,0.271,None
SHP102362,2025-02-11,Kolkata,West,Air,BlueLine,Electronics,906.0,82.7,0.58,2,Tuesday,3,1.7,-1.3,0,96.1,340.01,4.111,0.375,None
SHP102363,2025-06-01,Kolkata,North,Road,QuickMove,Electronics,1149.0,516.0,2.75,6,Sunday,5,3.2,-1.8,0,84.9,550.19,1.066,0.479,None
SHP102364,2025-06-06,Kolkata,Central,Road,TransCo,FMCG,520.0,404.3,1.75,6,Friday,3,4.0,1.0,1,83.4,205.67,0.509,0.396,Last-mile failure
SHP102365,2025-05-10,Mumbai,West,Rail,BlueLine,Electronics,838.0,796.2,4.95,5,Saturday,4,4.2,0.2,1,90.6,396.88,0.498,0.474,Weather
SHP102366,2025-04-03,Delhi,North,Rail,BlueLine,Electronics,2291.0,152.5,0.97,4,Thursday,8,6.1,-1.9,0,93.9,256.12,1.679,0.112,None
SHP102367,2025-12-01,Hyderabad,East,Road,TransCo,Apparel,622.0,543.4,4.26,12,Monday,4,4.6,0.6,1,84.0,333.02,0.613,0.535,Carrier capacity
SHP102368,2025-03-25,Hyderabad,West,Air,SwiftHaul,Machinery,1133.0,106.6,0.46,3,Tuesday,3,0.7,-2.3,0,93.0,565.65,5.306,0.499,None
SHP102369,2025-05-05,Chennai,East,Sea,TransCo,FMCG,488.0,125.7,0.6,5,Monday,4,2.0,-2.0,0,90.5,52.03,0.414,0.107,None
SHP102370,2025-01-09,Chennai,Central,Road,BlueLine,Electronics,1109.0,1322.3,10.96,1,Thursday,4,3.7,-0.3,0,90.5,1384.79,1.047,1.249,None
SHP102371,2025-10-29,Delhi,West,Rail,TransCo,Machinery,1654.0,89.6,0.49,10,Wednesday,6,6.7,0.7,1,74.2,100.49,1.122,0.061,Customs/Docs
SHP102372,2025-11-26,Mumbai,West,Road,SwiftHaul,FMCG,926.0,170.4,0.79,11,Wednesday,4,4.6,0.6,1,,154.59,0.907,0.167,Warehouse congestion
SHP102373,2025-06-11,Mumbai,North,Sea,BlueLine,Electronics,778.0,1070.9,5.89,6,Wednesday,5,6.2,1.2,1,84.3,311.44,0.291,0.4,Carrier capacity
SHP102374,2025-05-02,Mumbai,Central,Rail,SwiftHaul,FMCG,1069.0,44.5,0.27,5,Friday,5,2.1,-2.9,0,87.1,60.5,1.36,0.057,None
SHP102375,2025-11-06,Hyderabad,East,Rail,TransCo,Machinery,814.0,145.3,0.98,11,Thursday,4,4.2,0.2,1,78.4,87.78,0.604,0.108,Customs/Docs
SHP102376,2025-03-19,Hyderabad,North,Road,SwiftHaul,Apparel,561.0,226.3,1.07,3,Wednesday,3,1.5,-1.5,0,93.9,144.39,0.638,0.257,None
SHP102377,2025-11-07,Chennai,North,Road,QuickMove,Pharma,727.0,477.3,2.6,11,Friday,4,3.6,-0.4,0,80.9,371.66,0.779,0.511,None
SHP102378,2025-06-10,Hyderabad,South,Air,TransCo,Apparel,578.0,317.6,1.51,6,Tuesday,2,0.8,-1.2,0,83.9,724.6,2.281,1.254,None
SHP102379,2025-12-06,Chennai,West,Road,BlueLine,Machinery,725.0,188.0,1.26,12,Saturday,4,4.5,0.5,1,85.5,155.82,0.829,0.215,Carrier capacity
SHP102380,2025-12-26,Chennai,North,Road,BlueLine,FMCG,1826.0,61.5,0.29,12,Friday,6,5.9,-0.1,0,83.2,125.28,2.037,0.069,None
SHP102381,2025-02-11,Hyderabad,North,Road,QuickMove,Apparel,1064.0,587.2,3.31,2,Tuesday,4,2.8,-1.2,0,94.3,679.08,1.156,0.638,None
SHP102382,2025-12-25,Hyderabad,East,Rail,BlueLine,Apparel,534.0,197.2,1.41,12,Thursday,4,3.0,-1.0,0,84.4,94.45,0.479,0.177,None
SHP102383,2025-08-06,Chennai,West,Sea,SwiftHaul,Electronics,1017.0,54.0,0.24,8,Wednesday,6,4.8,-1.2,0,76.9,47.44,0.879,0.047,None
SHP102384,2025-09-09,Mumbai,Central,Road,SwiftHaul,Apparel,762.0,137.7,1.0,9,Tuesday,4,2.1,-1.9,0,77.6,99.85,0.725,0.131,None
SHP102385,2025-05-29,Chennai,South,Rail,TransCo,Pharma,1322.0,231.0,1.05,5,Thursday,6,6.4,0.4,1,89.6,195.06,0.844,0.148,Last-mile failure
SHP102386,2025-05-14,Mumbai,East,Sea,SwiftHaul,Electronics,993.0,454.5,2.17,5,Wednesday,7,5.7,-1.3,0,89.7,206.53,0.454,0.208,None
SHP102387,2025-02-19,Kolkata,South,Road,SwiftHaul,FMCG,1575.0,57.0,0.25,2,Wednesday,6,4.0,-2.0,0,94.6,119.38,2.094,0.076,None
SHP102388,2025-06-09,Delhi,Central,Sea,SwiftHaul,Electronics,1433.0,108.2,0.48,6,Monday,8,7.1,-0.9,0,86.0,94.05,0.869,0.066,None
SHP102389,2025-05-03,Chennai,South,Road,BlueLine,Machinery,861.0,992.7,5.04,5,Saturday,4,3.0,-1.0,0,85.2,761.25,0.767,0.884,None
SHP102390,2025-10-11,Kolkata,North,Road,SwiftHaul,Apparel,925.0,82.9,0.36,10,Saturday,4,3.0,-1.0,0,74.0,87.54,1.056,0.095,None
SHP102391,2025-12-21,Hyderabad,West,Sea,SwiftHaul,FMCG,513.0,145.6,0.82,12,Sunday,4,3.0,-1.0,0,85.5,52.95,0.364,0.103,None
SHP102392,2025-12-06,Hyderabad,West,Air,TransCo,Electronics,1076.0,224.1,1.17,12,Saturday,3,2.9,-0.1,0,88.3,947.7,4.229,0.881,None
SHP102393,2025-12-27,Hyderabad,South,Road,QuickMove,Machinery,807.0,37.4,0.18,12,Saturday,4,5.7,1.7,1,82.0,54.76,1.464,0.068,Warehouse congestion
SHP102394,2025-12-15,Delhi,North,Road,SwiftHaul,FMCG,676.0,139.3,0.74,12,Monday,4,3.7,-0.3,0,83.9,111.8,0.803,0.165,None
SHP102395,2025-03-27,Delhi,Central,Rail,SwiftHaul,FMCG,589.0,272.2,1.11,3,Thursday,4,2.3,-1.7,0,95.5,129.4,0.475,0.22,None
SHP102396,2025-08-03,Delhi,East,Road,TransCo,Apparel,1061.0,332.8,2.19,8,Sunday,5,6.5,1.5,1,74.4,287.85,0.865,0.271,Carrier capacity
SHP102397,2025-10-21,Delhi,East,Road,SwiftHaul,Pharma,738.0,650.9,3.47,10,Tuesday,4,3.6,-0.4,0,77.4,467.73,0.719,0.634,None
SHP102398,2025-09-16,Hyderabad,East,Road,SwiftHaul,Pharma,1733.0,241.3,1.18,9,Tuesday,6,5.3,-0.7,0,76.4,320.78,1.329,0.185,None
SHP102399,2025-08-03,Chennai,North,Sea,QuickMove,Apparel,815.0,302.2,1.38,8,Sunday,5,3.2,-1.8,0,77.2,123.77,0.41,0.152,None
SHP102400,2025-07-17,Delhi,West,Rail,BlueLine,FMCG,880.0,204.0,0.9,7,Thursday,4,2.9,-1.1,0,80.4,130.27,0.639,0.148,None
SHP102401,2025-09-14,Delhi,North,Road,QuickMove,Apparel,730.0,137.9,1.15,9,Sunday,4,2.4,-1.6,0,73.0,102.71,0.745,0.141,None
SHP102402,2025-10-21,Mumbai,North,Sea,BlueLine,Electronics,694.0,79.1,0.38,10,Tuesday,5,5.4,0.4,1,75.7,51.74,0.654,0.075,Customs/Docs
SHP102403,2025-10-19,Kolkata,South,Rail,BlueLine,Apparel,1386.0,429.8,2.44,10,Sunday,6,5.1,-0.9,0,78.9,343.98,0.8,0.248,None
SHP102404,2025-04-17,Chennai,Central,Rail,TransCo,Electronics,1424.0,95.2,0.62,4,Thursday,6,4.3,-1.7,0,94.4,109.46,1.15,0.077,None
SHP102405,2025-01-31,Mumbai,West,Road,SwiftHaul,FMCG,789.0,243.2,0.98,1,Friday,4,2.5,-1.5,0,85.3,195.27,0.803,0.247,None
SHP102406,2025-06-10,Delhi,South,Road,QuickMove,FMCG,1086.0,119.4,0.61,6,Tuesday,5,3.2,-1.8,0,86.6,151.12,1.266,0.139,None
SHP102407,2025-03-11,Chennai,Central,Road,QuickMove,Apparel,725.0,80.0,0.33,3,Tuesday,4,2.3,-1.7,0,95.8,88.03,1.1,0.121,None
SHP102408,2025-08-17,Kolkata,West,Rail,SwiftHaul,FMCG,971.0,524.6,3.0,8,Sunday,4,3.2,-0.8,0,75.7,273.97,0.522,0.282,None
SHP102409,2025-06-23,Delhi,South,Road,BlueLine,FMCG,2078.0,186.1,1.51,6,Monday,7,5.7,-1.3,0,84.6,377.09,2.026,0.181,None
SHP102410,2025-01-08,Kolkata,North,Rail,TransCo,FMCG,987.0,316.3,2.1,1,Wednesday,5,3.9,-1.1,0,88.8,189.37,0.599,0.192,None
SHP102411,2025-04-07,Hyderabad,West,Road,SwiftHaul,FMCG,1941.0,469.6,2.55,4,Monday,6,4.5,-1.5,0,93.8,971.05,2.068,0.5,None
SHP102412,2025-11-15,Hyderabad,North,Road,SwiftHaul,Apparel,1492.0,244.0,1.0,11,Saturday,5,4.9,-0.1,0,80.0,339.92,1.393,0.228,None
SHP102413,2025-09-28,Chennai,Central,Sea,QuickMove,Electronics,154.0,208.1,1.45,9,Sunday,3,3.2,0.2,1,74.5,38.77,0.186,0.252,Warehouse congestion
SHP102414,2025-11-21,Mumbai,South,Rail,QuickMove,Machinery,1288.0,205.7,1.25,11,Friday,6,7.5,1.5,1,80.5,164.91,0.802,0.128,Customs/Docs
SHP102415,2025-02-26,Hyderabad,South,Road,TransCo,FMCG,1149.0,567.9,2.28,2,Wednesday,5,5.3,0.3,1,93.4,705.3,1.242,0.614,Carrier capacity
SHP102416,2025-07-15,Chennai,North,Road,BlueLine,FMCG,1269.0,559.6,2.99,7,Tuesday,5,3.9,-1.1,0,82.0,601.62,1.075,0.474,None
SHP102417,2025-10-17,Kolkata,South,Road,BlueLine,Pharma,295.0,287.6,1.62,10,Friday,3,1.3,-1.7,0,78.0,96.49,0.336,0.327,None
SHP102418,2025-09-06,Delhi,Central,Road,QuickMove,Machinery,1571.0,50.2,0.25,9,Saturday,5,4.4,-0.6,0,72.3,93.44,1.861,0.059,None
SHP102419,2025-05-16,Mumbai,South,Road,SwiftHaul,Pharma,1424.0,346.3,1.65,5,Friday,5,3.8,-1.2,0,90.7,459.46,1.327,0.323,None
SHP102420,2025-01-21,Hyderabad,North,Sea,BlueLine,FMCG,1484.0,84.7,0.43,1,Tuesday,8,8.7,0.7,1,89.4,71.39,0.843,0.048,Last-mile failure
SHP102421,2025-12-11,Chennai,East,Sea,QuickMove,FMCG,899.0,188.6,1.02,12,Thursday,6,5.9,-0.1,0,83.1,101.08,0.536,0.112,None
SHP102422,2025-08-27,Delhi,Central,Air,TransCo,Pharma,1161.0,334.0,2.56,8,Wednesday,3,2.9,-0.1,0,77.0,1310.66,3.924,1.129,None
SHP102423,2025-11-15,Hyderabad,North,Road,SwiftHaul,Apparel,1492.0,244.0,1.0,11,Saturday,5,7.1,2.1,1,80.8,323.57,1.326,0.217,Customs/Docs
SHP102424,2025-07-15,Mumbai,East,Road,QuickMove,Apparel,604.0,206.2,1.03,7,Tuesday,4,2.7,-1.3,0,85.5,137.21,0.665,0.227,None
SHP102425,2025-10-15,Kolkata,North,Air,BlueLine,Pharma,1517.0,88.2,0.58,10,Wednesday,3,3.6,0.6,1,71.9,440.97,5.0,0.291,Carrier capacity
SHP102426,2025-08-19,Mumbai,South,Rail,TransCo,FMCG,2064.0,210.6,1.14,8,Tuesday,8,7.5,-0.5,0,75.4,234.94,1.116,0.114,None
SHP102427,2025-02-11,Mumbai,West,Road,SwiftHaul,Electronics,1779.0,137.6,0.57,2,Tuesday,6,3.7,-2.3,0,98.7,266.3,1.935,0.15,None
SHP102428,2025-01-04,Kolkata,North,Sea,SwiftHaul,Pharma,1626.0,105.4,0.67,1,Saturday,9,7.8,-1.2,0,88.5,92.25,0.875,0.057,None
SHP102429,2025-05-04,Delhi,West,Road,BlueLine,Pharma,1358.0,104.6,0.46,5,Sunday,5,6.9,1.9,1,90.7,171.94,1.644,0.127,Last-mile failure
SHP102430,2025-02-07,Mumbai,East,Road,SwiftHaul,Machinery,576.0,56.2,0.27,2,Friday,3,1.2,-1.8,0,94.1,64.16,1.142,0.111,None
SHP102431,2025-05-11,Kolkata,North,Rail,BlueLine,FMCG,94.0,505.7,2.38,5,Sunday,2,1.5,-0.5,0,90.2,59.84,0.118,0.637,None
SHP102432,2025-07-10,Delhi,West,Road,QuickMove,Electronics,1438.0,154.8,0.89,7,Thursday,5,4.1,-0.9,0,78.9,211.52,1.366,0.147,None
SHP102433,2025-05-12,Chennai,West,Air,SwiftHaul,Pharma,1145.0,108.4,0.46,5,Monday,3,2.2,-0.8,0,89.0,451.17,4.162,0.394,None
SHP102434,2025-03-10,Chennai,North,Rail,QuickMove,FMCG,531.0,324.1,1.89,3,Monday,3,5.1,2.1,1,95.6,149.65,0.462,0.282,Weather
SHP102435,2025-12-08,Mumbai,North,Road,BlueLine,Electronics,1254.0,50.9,0.21,12,Monday,5,4.4,-0.6,0,84.6,82.07,1.612,0.065,None
SHP102436,2025-01-26,Mumbai,Central,Road,BlueLine,Machinery,1063.0,137.4,0.6,1,Sunday,4,3.8,-0.2,0,90.6,176.64,1.286,0.166,None
SHP102437,2025-01-03,Hyderabad,South,Road,SwiftHaul,Electronics,1870.0,421.8,3.14,1,Friday,6,5.6,-0.4,0,91.0,850.97,2.017,0.455,None
SHP102438,2025-09-21,Kolkata,West,Road,BlueLine,FMCG,1159.0,55.6,0.23,9,Sunday,4,2.9,-1.1,0,77.0,78.28,1.408,0.068,None
SHP102439,2025-11-23,Mumbai,South,Sea,TransCo,FMCG,1820.0,109.9,0.69,11,Sunday,10,10.0,0.0,0,82.1,90.36,0.822,0.05,None
SHP102440,2025-09-14,Hyderabad,South,Air,BlueLine,Pharma,853.0,315.1,1.74,9,Sunday,3,1.6,-1.4,0,75.3,953.57,3.026,1.118,None
SHP102441,2025-03-09,Mumbai,East,Sea,SwiftHaul,FMCG,349.0,252.8,1.24,3,Sunday,4,2.3,-1.7,0,92.8,63.75,0.252,0.183,None
SHP102442,2025-01-20,Delhi,Central,Road,TransCo,Machinery,970.0,436.4,1.92,1,Monday,4,2.0,-2.0,0,92.5,402.97,0.923,0.415,None
SHP102443,2025-06-22,Mumbai,North,Sea,SwiftHaul,Electronics,936.0,57.3,0.3,6,Sunday,6,4.5,-1.5,0,85.7,50.08,0.874,0.054,None
SHP102444,2025-02-15,Chennai,Central,Road,BlueLine,FMCG,1010.0,191.3,0.79,2,Saturday,4,2.9,-1.1,0,95.4,228.21,1.193,0.226,None
SHP102445,2025-01-14,Chennai,East,Road,SwiftHaul,FMCG,1906.0,43.6,0.18,1,Tuesday,7,5.4,-1.6,0,91.0,110.08,2.525,0.058,None
SHP102446,2025-08-30,Kolkata,North,Air,BlueLine,Electronics,805.0,53.9,0.22,8,Saturday,3,0.7,-2.3,0,75.9,194.49,3.608,0.242,None
SHP102447,2025-12-02,Kolkata,South,Road,TransCo,Electronics,643.0,117.3,0.71,12,Tuesday,4,5.0,1.0,1,84.4,90.05,0.768,0.14,Customs/Docs
SHP102448,2025-08-29,Kolkata,West,Air,TransCo,Apparel,664.0,377.6,2.14,8,Friday,2,1.3,-0.7,0,79.6,989.63,2.621,1.49,None
SHP102449,2025-02-18,Chennai,West,Road,QuickMove,Apparel,448.0,352.8,1.88,2,Tuesday,3,2.1,-0.9,0,93.9,186.45,0.528,0.416,None
SHP102450,2025-08-20,Hyderabad,North,Rail,TransCo,Apparel,1168.0,177.9,1.2,8,Wednesday,5,4.7,-0.3,0,76.3,141.41,0.795,0.121,None
SHP102451,2025-09-30,Kolkata,West,Road,SwiftHaul,Apparel,481.0,17.6,0.08,9,Tuesday,3,1.5,-1.5,0,73.5,36.72,2.086,0.076,None
SHP102452,2025-04-03,Kolkata,Central,Rail,TransCo,Pharma,1053.0,136.9,0.71,4,Thursday,5,5.2,0.2,1,93.2,125.49,0.917,0.119,Weather
SHP102453,2025-02-22,Hyderabad,North,Sea,TransCo,FMCG,1225.0,220.5,0.98,2,Saturday,7,7.3,0.3,1,95.7,130.0,0.59,0.106,Last-mile failure
SHP102454,2025-08-28,Kolkata,North,Road,TransCo,Machinery,914.0,332.7,2.12,8,Thursday,4,4.7,0.7,1,76.5,252.0,0.757,0.276,Warehouse congestion
SHP102455,2025-01-11,Kolkata,Central,Road,SwiftHaul,Pharma,1052.0,311.0,1.53,1,Saturday,4,2.5,-1.5,0,92.7,356.94,1.148,0.339,None
SHP102456,2025-04-12,Kolkata,South,Road,BlueLine,Machinery,614.0,34.4,0.16,4,Saturday,3,3.1,0.1,1,,50.87,1.479,0.083,Customs/Docs
SHP102457,2025-12-22,Hyderabad,North,Road,SwiftHaul,Electronics,3432.0,669.4,2.86,12,Monday,10,10.2,0.2,1,85.3,2152.86,3.216,0.627,Warehouse congestion
SHP102458,2025-03-19,Kolkata,Central,Road,TransCo,Apparel,853.0,185.9,1.02,3,Wednesday,4,3.4,-0.6,0,94.2,181.82,0.978,0.213,None
SHP102459,2025-07-11,Mumbai,West,Rail,QuickMove,Apparel,1034.0,156.5,0.66,7,Friday,5,5.8,0.8,1,80.2,112.24,0.717,0.109,Warehouse congestion
SHP102460,2025-08-10,Delhi,East,Road,BlueLine,Machinery,1049.0,276.0,1.5,8,Sunday,5,3.4,-1.6,0,74.7,236.72,0.858,0.226,None
SHP102461,2025-12-25,Hyderabad,East,Rail,BlueLine,Apparel,534.0,197.2,1.41,12,Thursday,4,3.4,-0.6,0,86.4,83.82,0.425,0.157,None
SHP102462,2025-02-28,Chennai,East,Rail,TransCo,Apparel,791.0,213.9,1.03,2,Friday,4,3.3,-0.7,0,93.7,142.57,0.667,0.18,None
SHP102463,2025-11-15,Hyderabad,North,Road,SwiftHaul,Apparel,779.0,63.4,0.37,11,Saturday,4,2.4,-1.6,0,79.6,64.77,1.022,0.083,None
SHP102464,2025-05-08,Delhi,West,Road,BlueLine,Electronics,1174.0,204.2,0.98,5,Thursday,4,3.4,-0.6,0,89.6,243.14,1.191,0.207,None
SHP102465,2025-10-31,Mumbai,North,Rail,SwiftHaul,Electronics,916.0,80.4,0.4,10,Friday,4,3.1,-0.9,0,77.8,67.85,0.844,0.074,None
SHP102466,2025-10-31,Mumbai,Central,Sea,SwiftHaul,Machinery,1845.0,290.0,1.45,10,Friday,9,9.0,0.0,0,75.2,224.71,0.775,0.122,None
SHP102467,2025-09-26,Hyderabad,South,Rail,TransCo,FMCG,2042.0,1342.3,6.27,9,Friday,8,7.2,-0.8,0,77.1,1710.63,1.274,0.838,None
SHP102468,2025-07-09,Chennai,East,Rail,QuickMove,Machinery,940.0,81.1,0.56,7,Wednesday,5,3.4,-1.6,0,79.2,69.9,0.862,0.074,None
SHP102469,2025-04-12,Hyderabad,South,Road,QuickMove,Electronics,1284.0,,1.32,4,Saturday,5,4.9,-0.1,0,95.0,423.55,1.378,0.33,None
SHP102470,2025-10-09,Hyderabad,Central,Road,QuickMove,Electronics,1118.0,61.3,0.47,10,Thursday,4,4.7,0.7,1,75.5,81.73,1.333,0.073,Carrier capacity
SHP102471,2025-06-08,Hyderabad,West,Sea,TransCo,Pharma,807.0,295.0,1.41,6,Sunday,5,4.9,-0.1,0,83.9,111.81,0.379,0.139,None
SHP102472,2025-12-13,Kolkata,South,Air,BlueLine,Apparel,1182.0,264.3,1.64,12,Saturday,3,2.8,-0.2,0,88.0,1377.97,5.214,1.166,None
SHP102473,2025-06-12,Kolkata,South,Sea,TransCo,Apparel,1041.0,42.9,0.23,6,Thursday,6,5.5,-0.5,0,86.4,47.83,1.115,0.046,None
SHP102474,2025-12-27,Hyderabad,South,Road,QuickMove,Machinery,807.0,37.4,0.18,12,Saturday,4,3.0,-1.0,0,85.3,57.15,1.528,0.071,None
SHP102475,2025-03-27,Hyderabad,East,Road,TransCo,Electronics,1097.0,168.8,0.91,3,Thursday,5,4.5,-0.5,0,92.1,216.94,1.285,0.198,None
SHP102476,2025-11-07,Mumbai,Central,Air,TransCo,Electronics,1218.0,402.6,1.96,11,Friday,3,3.2,0.2,1,80.9,1920.2,4.769,1.577,Warehouse congestion
SHP102477,2025-12-15,Hyderabad,East,Rail,SwiftHaul,FMCG,548.0,142.0,0.92,12,Monday,4,2.3,-1.7,0,87.1,75.58,0.532,0.138,None
SHP102478,2025-11-26,Chennai,Central,Sea,QuickMove,Electronics,926.0,152.7,1.22,11,Wednesday,6,4.8,-1.2,0,80.4,84.78,0.555,0.092,None
SHP102479,2025-11-20,Delhi,North,Air,BlueLine,FMCG,475.0,544.2,3.34,11,Thursday,2,1.8,-0.2,0,80.1,937.95,1.724,1.975,None
SHP102480,2025-08-15,Chennai,West,Road,BlueLine,FMCG,574.0,1313.4,8.43,8,Friday,3,3.4,0.4,1,,548.94,0.418,0.956,Warehouse congestion
SHP102481,2025-03-21,Chennai,East,Road,BlueLine,FMCG,167.0,433.1,2.58,3,Friday,2,2.0,0.0,0,95.9,103.75,0.24,0.621,None
SHP102482,2025-06-23,Delhi,South,Road,BlueLine,FMCG,2078.0,186.1,1.51,6,Monday,7,4.8,-2.2,0,83.9,392.18,2.107,0.189,None
SHP102483,2025-10-15,Hyderabad,North,Sea,BlueLine,FMCG,1258.0,370.6,1.61,10,Wednesday,7,8.1,1.1,1,76.3,179.69,0.485,0.143,Carrier capacity
SHP102484,2025-12-28,Kolkata,North,Road,BlueLine,Electronics,824.0,139.6,1.05,12,Sunday,4,2.8,-1.2,0,85.3,115.69,0.829,0.14,None
SHP102485,2025-03-19,Chennai,South,Road,QuickMove,FMCG,1054.0,429.9,3.46,3,Wednesday,4,3.5,-0.5,0,96.9,476.94,1.109,0.453,None
SHP102486,2025-04-16,Kolkata,Central,Road,QuickMove,Pharma,799.0,114.5,0.6,4,Wednesday,4,2.8,-1.2,0,89.4,104.94,0.917,0.131,None
SHP102487,2025-12-23,Hyderabad,South,Road,TransCo,FMCG,1173.0,745.2,5.51,12,Tuesday,5,5.0,0.0,0,,761.2,1.021,0.649,None
SHP102488,2025-07-06,Delhi,East,Road,TransCo,FMCG,2067.0,898.3,5.72,7,Sunday,7,7.5,0.5,1,77.0,1501.99,1.672,0.727,Last-mile failure
SHP102489,2025-01-07,Kolkata,South,Air,TransCo,Machinery,1355.0,114.4,0.95,1,Tuesday,3,2.6,-0.4,0,88.7,499.81,4.369,0.369,None
SHP102490,2025-11-15,Kolkata,South,Sea,BlueLine,FMCG,2989.0,327.2,1.67,11,Saturday,15,17.3,2.3,1,80.0,367.55,1.123,0.123,Carrier capacity
SHP102491,2025-10-02,Kolkata,West,Sea,SwiftHaul,Machinery,664.0,110.6,0.63,10,Thursday,5,3.6,-1.4,0,77.8,54.43,0.492,0.082,None
SHP102492,2025-11-12,Hyderabad,South,Rail,SwiftHaul,Apparel,642.0,424.4,2.02,11,Wednesday,4,4.2,0.2,1,82.2,202.73,0.478,0.316,Warehouse congestion
SHP102493,2025-09-06,Kolkata,North,Road,SwiftHaul,FMCG,798.0,1202.2,7.78,9,Saturday,4,3.5,-0.5,0,73.7,727.96,0.606,0.912,None
SHP102494,2025-08-01,Kolkata,North,Road,TransCo,Machinery,408.0,59.0,0.34,8,Friday,3,3.5,0.5,1,77.6,51.85,0.879,0.127,Last-mile failure
SHP102495,2025-10-05,Kolkata,South,Air,TransCo,Electronics,985.0,230.3,1.01,10,Sunday,3,3.5,0.5,1,74.6,863.2,3.748,0.876,Carrier capacity
SHP102496,2025-02-14,Hyderabad,North,Rail,BlueLine,Electronics,617.0,157.2,0.96,2,Friday,4,1.8,-2.2,0,91.4,91.22,0.58,0.148,None
SHP102497,2025-01-12,Chennai,West,Road,SwiftHaul,Pharma,328.0,98.6,0.46,1,Sunday,3,1.2,-1.8,0,93.1,60.75,0.616,0.185,None
SHP102498,2025-11-16,Hyderabad,East,Sea,BlueLine,Apparel,1667.0,162.2,0.8,11,Sunday,10,9.1,-0.9,0,83.1,134.7,0.83,0.081,None
SHP102499,2025-03-30,Mumbai,East,Sea,QuickMove,FMCG,1168.0,237.2,1.41,3,Sunday,7,7.7,0.7,1,94.4,150.13,0.633,0.129,Carrier capacity
SHP102500,2025-06-14,Delhi,North,Road,TransCo,FMCG,753.0,118.3,0.87,6,Saturday,4,2.1,-1.9,0,82.2,94.54,0.799,0.126,None
SHP102501,2025-01-23,Hyderabad,West,Road,TransCo,Apparel,1436.0,142.0,1.1,1,Thursday,5,5.7,0.7,1,87.8,212.58,1.497,0.148,Last-mile failure
SHP102502,2025-04-21,Chennai,West,Road,BlueLine,FMCG,848.0,131.4,0.64,4,Monday,4,3.6,-0.4,0,95.9,136.85,1.041,0.161,None
SHP102503,2025-08-11,Mumbai,Central,Rail,QuickMove,Apparel,581.0,314.8,2.17,8,Monday,4,4.3,0.3,1,77.2,125.69,0.399,0.216,Carrier capacity
SHP102504,2025-01-21,Mumbai,Central,Road,QuickMove,Machinery,1205.0,309.3,1.36,1,Tuesday,5,3.8,-1.2,0,87.9,403.13,1.303,0.335,None
SHP102505,2025-03-21,Delhi,South,Road,BlueLine,Electronics,571.0,256.1,1.26,3,Friday,3,2.9,-0.1,0,95.4,168.17,0.657,0.295,None
SHP102506,2025-11-15,Chennai,East,Sea,QuickMove,Pharma,808.0,108.4,0.53,11,Saturday,6,4.8,-1.2,0,78.5,58.57,0.54,0.072,None
SHP102507,2025-06-21,Mumbai,East,Rail,QuickMove,Machinery,515.0,218.7,0.93,6,Saturday,4,3.5,-0.5,0,81.9,90.06,0.412,0.175,None
SHP102508,2025-10-23,Mumbai,West,Road,TransCo,Electronics,426.0,69.6,0.43,10,Thursday,3,3.4,0.4,1,74.2,53.31,0.766,0.125,Warehouse congestion
SHP102509,2025-01-20,Chennai,East,Road,SwiftHaul,Apparel,1202.0,59.8,0.39,1,Monday,5,4.6,-0.4,0,92.2,99.27,1.66,0.083,None
SHP102510,2025-01-10,Hyderabad,East,Rail,TransCo,Machinery,1503.0,71.5,0.42,1,Friday,7,7.7,0.7,1,86.6,93.71,1.311,0.062,Carrier capacity
SHP102511,2025-12-24,Hyderabad,West,Road,SwiftHaul,FMCG,877.0,77.7,0.35,12,Wednesday,4,5.3,1.3,1,84.7,81.01,1.043,0.092,Carrier capacity
SHP102512,2025-12-09,Chennai,East,Rail,BlueLine,Machinery,1535.0,520.0,3.45,12,Tuesday,7,7.1,0.1,1,82.8,523.68,1.007,0.341,Carrier capacity
SHP102513,2025-03-17,Kolkata,East,Road,QuickMove,Electronics,677.0,175.9,0.71,3,Monday,4,2.4,-1.6,0,97.4,142.76,0.812,0.211,None
SHP102514,2025-11-26,Mumbai,South,Air,SwiftHaul,FMCG,699.0,84.4,0.58,11,Wednesday,2,2.1,0.1,1,79.6,246.4,2.919,0.353,Carrier capacity
SHP102515,2025-10-12,Mumbai,North,Road,SwiftHaul,Pharma,446.0,520.9,3.34,10,Sunday,3,2.4,-0.6,0,78.4,210.65,0.404,0.472,None
SHP102516,2025-08-22,Kolkata,West,Road,QuickMove,Electronics,1321.0,132.6,0.79,8,Friday,5,3.9,-1.1,0,74.9,143.65,1.083,0.109,None
SHP102517,2025-11-14,Chennai,South,Rail,BlueLine,Pharma,1790.0,145.5,0.63,11,Friday,7,9.2,2.2,1,80.4,174.86,1.202,0.098,Weather
SHP102518,2025-07-11,Kolkata,West,Sea,SwiftHaul,Apparel,1108.0,934.9,5.62,7,Friday,6,6.0,0.0,0,78.7,355.04,0.38,0.32,None
SHP102519,2025-03-10,Chennai,Central,Road,QuickMove,Apparel,1244.0,268.6,1.11,3,Monday,5,3.4,-1.6,0,92.3,346.65,1.291,0.279,None
SHP102520,2025-03-26,Kolkata,West,Road,TransCo,Electronics,524.0,73.3,0.36,3,Wednesday,3,4.9,1.9,1,93.3,64.08,0.874,0.122,Customs/Docs
SHP102521,2025-11-24,Hyderabad,West,Air,SwiftHaul,Machinery,2474.0,110.9,0.64,11,Monday,4,4.0,0.0,0,79.1,973.18,8.775,0.393,None
SHP102522,2025-08-24,Chennai,East,Rail,SwiftHaul,Electronics,1350.0,657.8,2.89,8,Sunday,6,7.1,1.1,1,73.7,501.71,0.763,0.372,Warehouse congestion
SHP102523,2025-06-27,Mumbai,West,Air,SwiftHaul,FMCG,854.0,347.8,2.2,6,Friday,3,2.4,-0.6,0,86.6,1049.92,3.019,1.229,None
SHP102524,2025-12-10,Hyderabad,North,Road,BlueLine,FMCG,1043.0,104.9,0.46,12,Wednesday,4,2.9,-1.1,0,83.3,143.73,1.37,0.138,None
SHP102525,2025-04-19,Delhi,North,Air,QuickMove,Apparel,1436.0,866.4,3.91,4,Saturday,3,2.0,-1.0,0,95.7,4966.16,5.732,3.458,None
SHP102526,2025-05-06,Mumbai,East,Road,SwiftHaul,Machinery,1084.0,133.1,0.55,5,Tuesday,5,3.5,-1.5,0,88.5,167.82,1.261,0.155,None
SHP102527,2025-12-08,Hyderabad,South,Road,TransCo,FMCG,1148.0,75.3,0.38,12,Monday,5,5.8,0.8,1,84.3,108.7,1.444,0.095,Warehouse congestion
SHP102528,2025-02-28,Chennai,East,Rail,TransCo,Apparel,791.0,213.9,1.03,2,Friday,4,3.8,-0.2,0,92.0,149.1,0.697,0.188,None
SHP102529,2025-12-15,Hyderabad,East,Rail,SwiftHaul,FMCG,548.0,142.0,0.92,12,Monday,4,3.0,-1.0,0,85.0,72.66,0.512,0.133,None
SHP102530,2025-11-24,Hyderabad,South,Air,TransCo,Electronics,1186.0,125.1,1.01,11,Monday,3,3.7,0.7,1,78.4,519.62,4.154,0.438,Warehouse congestion
SHP102531,2025-07-09,Kolkata,North,Road,SwiftHaul,FMCG,2168.0,356.0,1.77,7,Wednesday,7,5.6,-1.4,0,78.2,686.59,1.929,0.317,None
SHP102532,2025-12-23,Kolkata,North,Road,SwiftHaul,FMCG,731.0,33.9,0.22,12,Tuesday,4,2.1,-1.9,0,88.0,52.75,1.556,0.072,None
SHP102533,2025-12-09,Hyderabad,West,Rail,BlueLine,FMCG,1114.0,,1.61,12,Tuesday,5,4.9,-0.1,0,87.4,164.71,0.823,0.148,None
SHP102534,2025-12-07,Mumbai,North,Sea,SwiftHaul,Machinery,698.0,153.5,0.79,12,Sunday,5,3.1,-1.9,0,88.9,77.08,0.502,0.11,None
SHP102535,2025-03-31,Mumbai,South,Rail,SwiftHaul,FMCG,688.0,49.6,0.23,3,Monday,4,4.3,0.3,1,94.8,51.88,1.046,0.075,Weather
SHP102536,2025-01-20,Kolkata,South,Road,SwiftHaul,Apparel,1320.0,52.2,0.22,1,Monday,5,5.6,0.6,1,86.2,90.73,1.738,0.069,Last-mile failure
SHP102537,2025-01-20,Chennai,East,Road,SwiftHaul,Apparel,1202.0,59.8,0.39,1,Monday,5,3.0,-2.0,0,89.9,103.07,1.724,0.086,None
SHP102538,2025-02-27,Mumbai,West,Road,QuickMove,FMCG,775.0,162.1,1.2,2,Thursday,4,3.9,-0.1,0,92.1,146.51,0.904,0.189,None
SHP102539,2025-08-06,Kolkata,West,Road,BlueLine,Apparel,419.0,284.0,2.27,8,Wednesday,3,1.6,-1.4,0,75.4,111.83,0.394,0.267,None
SHP102540,2025-02-09,Mumbai,South,Road,TransCo,Electronics,363.0,162.6,0.72,2,Sunday,3,2.8,-0.2,0,93.6,81.65,0.502,0.225,None
SHP102541,2025-10-12,Kolkata,West,Road,QuickMove,Machinery,729.0,61.1,0.39,10,Sunday,4,3.1,-0.9,0,79.8,64.51,1.056,0.088,None
SHP102542,2025-07-14,Delhi,East,Rail,BlueLine,FMCG,1187.0,160.9,0.95,7,Monday,6,5.9,-0.1,0,80.2,137.39,0.854,0.116,None
SHP102543,2025-05-29,Hyderabad,South,Road,QuickMove,Pharma,1376.0,573.2,2.76,5,Thursday,5,5.4,0.4,1,94.1,835.34,1.457,0.607,Carrier capacity
SHP102544,2025-12-08,Delhi,South,Road,TransCo,Apparel,857.0,934.7,5.35,12,Monday,4,4.7,0.7,1,83.6,834.58,0.893,0.974,Last-mile failure
SHP102545,2025-04-29,Hyderabad,West,Rail,SwiftHaul,Machinery,1657.0,175.8,0.86,4,Tuesday,6,5.4,-0.6,0,96.6,212.56,1.209,0.128,None
SHP102546,2025-03-03,Delhi,North,Sea,BlueLine,Machinery,1242.0,605.8,2.83,3,Monday,7,4.9,-2.1,0,95.3,313.07,0.517,0.252,None
SHP102547,2025-04-18,Hyderabad,Central,Rail,QuickMove,FMCG,509.0,1055.3,6.19,4,Friday,3,2.7,-0.3,0,89.5,309.64,0.293,0.608,None
SHP102548,2025-03-08,Delhi,North,Road,TransCo,Electronics,524.0,53.8,0.27,3,Saturday,3,3.0,0.0,0,95.4,56.42,1.049,0.108,None
SHP102549,2025-03-23,Chennai,South,Road,QuickMove,FMCG,311.0,81.4,0.33,3,Sunday,3,2.9,-0.1,0,96.4,54.57,0.67,0.175,None
SHP102550,2025-01-05,Chennai,North,Sea,QuickMove,Machinery,1675.0,13.5,0.06,1,Sunday,9,7.9,-1.1,0,86.8,39.15,2.9,0.023,None
SHP102551,2025-05-11,Delhi,Central,Rail,SwiftHaul,Machinery,608.0,69.0,0.31,5,Sunday,4,1.8,-2.2,0,89.4,59.91,0.868,0.099,None
SHP102552,2025-09-06,Hyderabad,West,Road,SwiftHaul,Apparel,860.0,164.2,0.76,9,Saturday,4,2.9,-1.1,0,74.0,138.79,0.845,0.161,None
SHP102553,2025-10-10,Delhi,North,Sea,BlueLine,Machinery,876.0,348.3,1.97,10,Friday,6,5.9,-0.1,0,78.3,136.88,0.393,0.156,None
SHP102554,2025-05-17,Kolkata,East,Air,SwiftHaul,FMCG,796.0,,0.65,5,Saturday,3,0.5,-2.5,0,89.1,588.55,3.669,0.739,None
SHP102555,2025-11-15,Kolkata,Central,Air,TransCo,Machinery,1806.0,225.9,1.51,11,Saturday,3,3.3,0.3,1,79.2,1284.64,5.687,0.711,Warehouse congestion
SHP102556,2025-10-29,Mumbai,North,Road,SwiftHaul,Electronics,615.0,167.2,0.8,10,Wednesday,3,3.2,0.2,1,74.6,108.24,0.647,0.176,Last-mile failure
SHP102557,2025-12-05,Mumbai,South,Road,SwiftHaul,FMCG,1431.0,114.9,0.74,12,Friday,5,4.4,-0.6,0,83.1,149.73,1.303,0.105,None
SHP102558,2025-05-04,Hyderabad,North,Air,SwiftHaul,Pharma,704.0,584.1,3.32,5,Sunday,2,0.8,-1.2,0,88.0,1820.14,3.116,2.585,None
SHP102559,2025-11-07,Mumbai,Central,Road,QuickMove,FMCG,651.0,32.7,0.18,11,Friday,3,2.5,-0.5,0,77.6,44.74,1.368,0.069,None
SHP102560,2025-10-19,Kolkata,South,Rail,BlueLine,Apparel,1386.0,429.8,2.44,10,Sunday,6,6.2,0.2,1,73.8,348.97,0.812,0.252,Customs/Docs
SHP102561,2025-04-02,Chennai,South,Rail,BlueLine,Apparel,1433.0,221.4,0.94,4,Wednesday,6,5.2,-0.8,0,96.6,249.34,1.126,0.174,None
SHP102562,2025-10-12,Delhi,South,Road,QuickMove,FMCG,1620.0,787.1,3.79,10,Sunday,6,3.9,-2.1,0,79.1,1166.37,1.482,0.72,None
SHP102563,2025-05-28,Delhi,Central,Road,SwiftHaul,FMCG,640.0,439.5,2.18,5,Wednesday,3,3.9,0.9,1,92.3,270.48,0.615,0.423,Carrier capacity
SHP102564,2025-08-14,Chennai,East,Rail,TransCo,Electronics,1037.0,167.7,0.99,8,Thursday,5,5.7,0.7,1,76.5,120.25,0.717,0.116,Warehouse congestion
SHP102565,2025-01-21,Hyderabad,North,Sea,BlueLine,FMCG,1484.0,84.7,0.43,1,Tuesday,8,8.7,0.7,1,89.1,83.72,0.988,0.056,Carrier capacity
SHP102566,2025-08-14,Hyderabad,North,Road,SwiftHaul,Electronics,639.0,293.6,1.21,8,Thursday,3,1.5,-1.5,0,77.4,179.21,0.61,0.28,None
SHP102567,2025-07-19,Kolkata,West,Air,BlueLine,Pharma,607.0,75.3,0.36,7,Saturday,2,2.1,0.1,1,82.9,203.8,2.707,0.336,Warehouse congestion
SHP102568,2025-12-27,Chennai,Central,Rail,QuickMove,Electronics,639.0,75.2,0.38,12,Saturday,4,2.7,-1.3,0,85.5,58.99,0.784,0.092,None
SHP102569,2025-12-18,Delhi,North,Road,SwiftHaul,FMCG,495.0,534.0,2.84,12,Thursday,3,1.6,-1.4,0,84.2,246.68,0.462,0.498,None
SHP102570,2025-04-09,Mumbai,East,Road,BlueLine,Pharma,1315.0,858.8,3.48,4,Wednesday,5,5.1,0.1,1,94.8,1040.77,1.212,0.791,Weather
SHP102571,2025-11-19,Kolkata,West,Road,SwiftHaul,FMCG,1324.0,145.9,0.8,11,Wednesday,5,5.3,0.3,1,86.7,185.72,1.273,0.14,Carrier capacity
SHP102572,2025-05-17,Hyderabad,East,Road,TransCo,FMCG,1153.0,116.9,0.93,5,Saturday,5,5.9,0.9,1,88.4,150.99,1.292,0.131,Last-mile failure
SHP102573,2025-02-13,Kolkata,South,Rail,TransCo,FMCG,1307.0,42.1,0.3,2,Thursday,6,5.0,-1.0,0,91.6,61.83,1.469,0.047,None
SHP102574,2025-08-05,Hyderabad,East,Road,SwiftHaul,Apparel,344.0,706.9,3.14,8,Tuesday,3,2.1,-0.9,0,78.8,221.43,0.313,0.644,None
SHP102575,2025-06-10,Kolkata,North,Road,TransCo,Pharma,1554.0,134.8,0.6,6,Tuesday,5,5.1,0.1,1,87.1,212.06,1.573,0.136,Weather
SHP102576,2025-11-09,Hyderabad,South,Road,BlueLine,Electronics,998.0,261.8,1.16,11,Sunday,4,4.2,0.2,1,77.9,260.02,0.993,0.261,Warehouse congestion
SHP102577,2025-07-20,Chennai,North,Sea,TransCo,Pharma,599.0,705.5,2.84,7,Sunday,4,4.1,0.1,1,80.6,168.12,0.238,0.281,Last-mile failure
SHP102578,2025-10-01,Mumbai,North,Road,SwiftHaul,FMCG,456.0,844.2,4.75,10,Wednesday,3,1.8,-1.2,0,75.7,303.57,0.36,0.666,None
SHP102579,2025-07-08,Hyderabad,North,Road,TransCo,Machinery,1720.0,63.5,0.36,7,Tuesday,6,4.7,-1.3,0,77.5,114.37,1.801,0.066,None
SHP102580,2025-10-22,Mumbai,East,Sea,QuickMove,FMCG,1932.0,478.7,2.12,10,Wednesday,11,10.4,-0.6,0,74.0,315.21,0.658,0.163,None
SHP102581,2025-03-09,Kolkata,East,Road,SwiftHaul,Machinery,448.0,68.4,0.38,3,Sunday,3,2.7,-0.3,0,93.9,52.25,0.764,0.117,None
SHP102582,2025-12-11,Delhi,South,Road,TransCo,Apparel,1603.0,50.1,0.35,12,Thursday,6,4.6,-1.4,0,85.3,95.63,1.909,0.06,None
SHP102583,2025-01-14,Kolkata,East,Road,BlueLine,Electronics,1279.0,,0.35,1,Tuesday,5,3.8,-1.2,0,91.4,90.27,1.753,0.071,None
SHP102584,2025-11-14,Kolkata,Central,Rail,SwiftHaul,Electronics,1065.0,49.8,0.21,11,Friday,5,3.3,-1.7,0,79.2,58.41,1.173,0.055,None
SHP102585,2025-12-11,Chennai,West,Road,SwiftHaul,Electronics,695.0,60.4,0.26,12,Thursday,3,3.0,0.0,0,84.5,62.46,1.034,0.09,None
SHP102586,2025-08-09,Hyderabad,South,Sea,BlueLine,Electronics,1465.0,449.0,2.51,8,Saturday,8,7.4,-0.6,0,77.5,288.81,0.643,0.197,None
SHP102587,2025-02-05,Mumbai,Central,Road,QuickMove,Pharma,838.0,48.2,0.2,2,Wednesday,4,2.4,-1.6,0,93.1,69.92,1.451,0.083,None
SHP102588,2025-12-26,Mumbai,East,Road,BlueLine,Pharma,260.0,206.7,1.28,12,Friday,3,3.7,0.7,1,84.5,72.31,0.35,0.278,Warehouse congestion
SHP102589,2025-08-19,Kolkata,West,Road,BlueLine,Electronics,616.0,82.3,0.47,8,Tuesday,3,4.0,1.0,1,78.7,67.65,0.822,0.11,Last-mile failure
SHP102590,2025-09-28,Delhi,North,Rail,SwiftHaul,Machinery,552.0,442.9,2.16,9,Sunday,3,2.0,-1.0,0,74.2,144.36,0.326,0.262,None
SHP102591,2025-08-23,Delhi,West,Road,BlueLine,Pharma,1523.0,54.7,0.29,8,Saturday,5,3.6,-1.4,0,75.1,86.78,1.586,0.057,None
SHP102592,2025-08-03,Chennai,North,Sea,QuickMove,Apparel,815.0,302.2,1.38,8,Sunday,5,2.9,-2.1,0,75.1,119.8,0.396,0.147,None
SHP102593,2025-12-05,Hyderabad,South,Road,SwiftHaul,FMCG,778.0,525.6,2.65,12,Friday,4,3.7,-0.3,0,84.7,349.03,0.664,0.449,None
SHP102594,2025-03-20,Kolkata,South,Sea,TransCo,FMCG,815.0,34.1,0.28,3,Thursday,5,4.6,-0.4,0,97.5,42.24,1.239,0.052,None
SHP102595,2025-09-02,Kolkata,West,Road,SwiftHaul,Pharma,673.0,49.0,0.26,9,Tuesday,3,2.0,-1.0,0,75.9,53.8,1.098,0.08,None
SHP102596,2025-08-15,Hyderabad,South,Road,SwiftHaul,FMCG,652.0,157.6,0.67,8,Friday,4,3.1,-0.9,0,76.1,107.52,0.682,0.165,None
SHP102597,2025-12-16,Delhi,West,Road,QuickMove,Machinery,1752.0,192.7,1.05,12,Tuesday,6,4.8,-1.2,0,84.8,337.48,1.751,0.193,None
SHP102598,2025-07-17,Chennai,South,Road,BlueLine,Electronics,1224.0,1241.4,10.24,7,Thursday,5,2.9,-2.1,0,81.5,1310.04,1.055,1.07,None
SHP102599,2025-07-08,Hyderabad,South,Sea,TransCo,Electronics,619.0,87.9,0.45,7,Tuesday,5,4.0,-1.0,0,79.8,50.0,0.569,0.081,None
SHP102600,2025-12-18,Delhi,North,Road,SwiftHaul,FMCG,495.0,534.0,2.84,12,Thursday,3,2.0,-1.0,0,84.7,259.67,0.486,0.525,None
SHP102601,2025-03-19,Chennai,South,Road,QuickMove,FMCG,1054.0,429.9,3.46,3,Wednesday,4,2.6,-1.4,0,95.7,483.62,1.125,0.459,None
SHP102602,2025-02-15,Mumbai,East,Road,SwiftHaul,Electronics,1083.0,40.8,0.17,2,Saturday,5,4.6,-0.4,0,92.2,68.18,1.671,0.063,None
SHP102603,2025-09-20,Hyderabad,East,Sea,BlueLine,Pharma,1863.0,2342.8,16.55,9,Saturday,11,10.1,-0.9,0,78.9,1510.02,0.645,0.811,None
SHP102604,2025-01-05,Hyderabad,North,Road,SwiftHaul,Pharma,792.0,216.3,1.28,1,Sunday,4,3.0,-1.0,0,93.8,195.41,0.903,0.247,None
SHP102605,2025-06-29,Kolkata,North,Rail,SwiftHaul,Pharma,1157.0,288.0,1.56,6,Sunday,5,3.2,-1.8,0,85.2,208.27,0.723,0.18,None
SHP102606,2025-07-01,Hyderabad,West,Road,SwiftHaul,Machinery,627.0,146.9,0.7,7,Tuesday,3,2.8,-0.2,0,79.8,100.86,0.687,0.161,None
SHP102607,2025-06-10,Kolkata,West,Road,QuickMove,Pharma,976.0,123.7,0.6,6,Tuesday,4,4.7,0.7,1,83.2,131.92,1.066,0.135,Carrier capacity
SHP102608,2025-09-30,Chennai,North,Road,BlueLine,Apparel,777.0,181.9,0.89,9,Tuesday,4,3.6,-0.4,0,75.2,145.6,0.8,0.187,None
SHP102609,2025-09-14,Delhi,North,Road,TransCo,Apparel,602.0,151.0,0.81,9,Sunday,3,3.0,0.0,0,73.0,100.91,0.668,0.168,None
SHP102610,2025-05-02,Hyderabad,South,Rail,SwiftHaul,Apparel,994.0,476.7,2.0,5,Friday,5,3.4,-1.6,0,89.7,351.98,0.738,0.354,None
SHP102611,2025-02-20,Hyderabad,North,Road,SwiftHaul,FMCG,1104.0,520.5,2.12,2,Thursday,4,3.4,-0.6,0,95.1,583.16,1.12,0.528,None
SHP102612,2025-08-29,Kolkata,South,Road,BlueLine,Pharma,688.0,173.9,1.29,8,Friday,4,2.6,-1.4,0,78.4,125.41,0.721,0.182,None
SHP102613,2025-06-21,Chennai,North,Road,TransCo,Electronics,1715.0,120.0,0.52,6,Saturday,6,6.3,0.3,1,87.9,201.35,1.678,0.117,Warehouse congestion
SHP102614,2025-10-04,Mumbai,North,Sea,SwiftHaul,Machinery,706.0,121.3,0.71,10,Saturday,5,4.7,-0.3,0,77.3,60.71,0.5,0.086,None
SHP102615,2025-09-21,Hyderabad,North,Road,SwiftHaul,Apparel,949.0,489.0,3.78,9,Sunday,4,3.5,-0.5,0,73.2,404.01,0.826,0.426,None
SHP102616,2025-12-06,Delhi,North,Road,BlueLine,Pharma,1464.0,31.9,0.15,12,Saturday,5,5.3,0.3,1,87.9,69.22,2.17,0.047,Warehouse congestion
SHP102617,2025-12-21,Chennai,South,Road,QuickMove,FMCG,1489.0,94.0,0.78,12,Sunday,5,5.4,0.4,1,86.9,156.95,1.67,0.105,Warehouse congestion
SHP102618,2025-04-24,Delhi,South,Road,SwiftHaul,Pharma,910.0,399.4,2.18,4,Thursday,4,2.7,-1.3,0,92.8,400.43,1.003,0.44,None
SHP102619,2025-04-21,Kolkata,North,Road,SwiftHaul,Apparel,1552.0,727.4,6.01,4,Monday,5,3.9,-1.1,0,91.7,995.81,1.369,0.642,None
SHP102620,2025-09-19,Kolkata,West,Sea,QuickMove,Machinery,917.0,162.9,1.0,9,Friday,5,4.4,-0.6,0,75.4,81.86,0.503,0.089,None
SHP102621,2025-03-23,Chennai,East,Road,TransCo,FMCG,796.0,98.3,0.64,3,Sunday,4,3.6,-0.4,0,97.6,111.88,1.138,0.141,None
SHP102622,2025-06-27,Hyderabad,North,Road,QuickMove,FMCG,458.0,91.0,0.4,6,Friday,3,1.8,-1.2,0,84.1,58.82,0.646,0.128,None
SHP102623,2025-11-22,Chennai,Central,Road,QuickMove,Apparel,1686.0,112.5,0.64,11,Saturday,6,7.8,1.8,1,80.3,175.8,1.563,0.104,Warehouse congestion
SHP102624,2025-05-29,Kolkata,North,Rail,SwiftHaul,Apparel,868.0,247.8,1.27,5,Thursday,4,3.5,-0.5,0,91.2,149.1,0.602,0.172,None
SHP102625,2025-11-09,Chennai,West,Air,QuickMove,Pharma,688.0,325.7,2.0,11,Sunday,2,2.8,0.8,1,77.1,760.97,2.336,1.106,Carrier capacity
SHP102626,2025-08-19,Delhi,South,Road,BlueLine,FMCG,667.0,266.5,1.54,8,Tuesday,4,3.0,-1.0,0,75.1,160.02,0.6,0.24,None
SHP102627,2025-10-28,Kolkata,East,Sea,TransCo,Pharma,1463.0,11.6,0.06,10,Tuesday,9,9.4,0.4,1,79.6,36.12,3.114,0.025,Warehouse congestion
SHP102628,2025-11-09,Mumbai,North,Sea,BlueLine,Electronics,1893.0,,0.75,11,Sunday,10,8.9,-1.1,0,76.1,107.43,0.953,0.057,None
SHP102629,2025-03-27,Kolkata,East,Road,QuickMove,Apparel,1509.0,654.5,3.36,3,Thursday,6,5.2,-0.8,0,97.4,1109.68,1.695,0.735,None
SHP102630,2025-04-21,Kolkata,North,Road,SwiftHaul,Apparel,1552.0,727.4,6.01,4,Monday,5,3.9,-1.1,0,96.0,1129.45,1.553,0.728,None
SHP102631,2025-11-24,Delhi,South,Road,QuickMove,Electronics,769.0,239.5,1.97,11,Monday,4,2.8,-1.2,0,80.9,195.61,0.817,0.254,None
SHP102632,2025-12-01,Chennai,South,Sea,QuickMove,FMCG,1014.0,43.7,0.2,12,Monday,6,5.2,-0.8,0,85.3,48.05,1.1,0.047,None
SHP102633,2025-06-03,Mumbai,North,Road,SwiftHaul,Apparel,1186.0,267.8,1.79,6,Tuesday,5,3.7,-1.3,0,81.7,287.77,1.075,0.243,None
SHP102634,2025-08-10,Kolkata,East,Sea,BlueLine,Apparel,1097.0,582.6,3.37,8,Sunday,7,6.1,-0.9,0,77.3,280.9,0.482,0.256,None
SHP102635,2025-03-27,Hyderabad,South,Road,TransCo,FMCG,1338.0,59.8,0.3,3,Thursday,5,5.5,0.5,1,94.1,106.29,1.777,0.079,Carrier capacity
SHP102636,2025-02-05,Mumbai,West,Rail,TransCo,Pharma,367.0,74.4,0.36,2,Wednesday,3,4.8,1.8,1,96.1,47.7,0.641,0.13,Warehouse congestion
SHP102637,2025-10-14,Mumbai,North,Rail,QuickMove,Apparel,892.0,130.2,0.6,10,Tuesday,4,3.2,-0.8,0,77.0,85.01,0.653,0.095,None
SHP102638,2025-01-19,Kolkata,East,Road,TransCo,Electronics,428.0,70.6,0.59,1,Sunday,3,3.3,0.3,1,86.9,57.62,0.816,0.135,Customs/Docs
SHP102639,2025-07-20,Kolkata,East,Road,BlueLine,Electronics,1087.0,343.8,1.83,7,Sunday,5,3.5,-1.5,0,78.5,339.95,0.989,0.313,None
SHP102640,2025-04-30,Kolkata,South,Rail,BlueLine,Electronics,1309.0,50.8,0.2,4,Wednesday,6,6.0,0.0,0,90.5,73.24,1.442,0.056,None
SHP102641,2025-04-07,Hyderabad,West,Road,SwiftHaul,FMCG,1941.0,469.6,2.55,4,Monday,6,6.7,0.7,1,91.0,838.36,1.785,0.432,Weather
SHP102642,2025-08-07,Kolkata,West,Road,BlueLine,Machinery,1536.0,459.5,1.9,8,Thursday,5,5.0,0.0,0,78.1,545.01,1.186,0.355,None
SHP102643,2025-07-09,Delhi,Central,Rail,TransCo,Apparel,688.0,103.0,0.74,7,Wednesday,4,3.5,-0.5,0,79.5,68.79,0.668,0.1,None
SHP102644,2025-09-04,Delhi,West,Road,TransCo,Pharma,869.0,78.1,0.4,9,Thursday,4,5.3,1.3,1,73.6,82.48,1.056,0.095,Last-mile failure
SHP102645,2025-01-12,Mumbai,West,Sea,QuickMove,FMCG,192.0,86.3,0.41,1,Sunday,3,1.2,-1.8,0,89.9,36.4,0.422,0.19,None
SHP102646,2025-06-23,Kolkata,East,Road,TransCo,Apparel,654.0,290.5,1.51,6,Monday,4,3.0,-1.0,0,84.2,182.64,0.629,0.279,None
SHP102647,2025-08-03,Hyderabad,South,Road,SwiftHaul,Apparel,646.0,49.0,0.4,8,Sunday,4,3.2,-0.8,0,76.7,53.64,1.095,0.083,None
SHP102648,2025-11-07,Mumbai,Central,Road,QuickMove,FMCG,651.0,32.7,0.18,11,Friday,3,4.1,1.1,1,84.3,50.21,1.535,0.077,Warehouse congestion
SHP102649,2025-06-04,Hyderabad,North,Road,TransCo,Electronics,1192.0,73.3,0.44,6,Wednesday,5,4.2,-0.8,0,85.0,98.45,1.343,0.083,None
SHP102650,2025-09-14,Delhi,West,Sea,QuickMove,FMCG,1325.0,39.1,0.25,9,Sunday,7,5.9,-1.1,0,77.2,46.24,1.183,0.035,None
SHP102651,2025-04-27,Hyderabad,East,Rail,BlueLine,Apparel,364.0,62.5,0.37,4,Sunday,3,1.6,-1.4,0,89.8,46.02,0.736,0.126,None
SHP102652,2025-05-24,Chennai,Central,Sea,BlueLine,Electronics,918.0,1168.2,6.25,5,Saturday,6,5.1,-0.9,0,89.2,450.03,0.385,0.49,None
SHP102653,2025-05-31,Kolkata,West,Road,SwiftHaul,Machinery,745.0,769.9,3.61,5,Saturday,4,1.8,-2.2,0,87.5,479.38,0.623,0.643,None
SHP102654,2025-06-26,Mumbai,Central,Road,SwiftHaul,FMCG,763.0,191.0,1.17,6,Thursday,4,2.6,-1.4,0,85.5,140.48,0.735,0.184,None
SHP102655,2025-12-30,Hyderabad,West,Rail,BlueLine,FMCG,1192.0,96.8,0.43,12,Tuesday,5,3.1,-1.9,0,86.5,99.11,1.024,0.083,None
SHP102656,2025-06-03,Hyderabad,West,Air,TransCo,Apparel,264.0,95.5,0.4,6,Tuesday,2,2.4,0.4,1,86.8,129.07,1.352,0.489,Last-mile failure
SHP102657,2025-03-15,Chennai,East,Air,QuickMove,Pharma,1195.0,258.4,1.21,3,Saturday,3,1.5,-1.5,0,94.7,1421.27,5.5,1.189,None
SHP102658,2025-11-05,Delhi,North,Road,TransCo,Pharma,1236.0,490.2,2.11,11,Wednesday,5,5.5,0.5,1,82.4,495.0,1.01,0.4,Warehouse congestion
SHP102659,2025-11-19,Kolkata,West,Road,SwiftHaul,FMCG,1324.0,145.9,0.8,11,Wednesday,5,4.0,-1.0,0,80.6,169.91,1.165,0.128,None
SHP102660,2025-02-03,Hyderabad,North,Road,QuickMove,Electronics,891.0,207.4,1.49,2,Monday,4,3.5,-0.5,0,94.8,212.74,1.026,0.239,None
SHP102661,2025-01-27,Kolkata,West,Rail,SwiftHaul,Apparel,1288.0,111.7,0.58,1,Monday,5,4.1,-0.9,0,89.1,107.68,0.964,0.084,None
SHP102662,2025-05-08,Hyderabad,North,Sea,TransCo,FMCG,973.0,214.3,1.51,5,Thursday,6,5.7,-0.3,0,88.9,111.33,0.52,0.114,None
SHP102663,2025-01-01,Delhi,Central,Road,BlueLine,Pharma,1881.0,284.9,1.87,1,Wednesday,6,4.7,-1.3,0,89.4,475.12,1.668,0.253,None
SHP102664,2025-05-13,Chennai,South,Road,SwiftHaul,Pharma,824.0,116.4,0.56,5,Tuesday,4,2.4,-1.6,0,92.6,131.25,1.128,0.159,None
SHP102665,2025-03-17,Hyderabad,South,Rail,BlueLine,FMCG,1784.0,218.4,0.98,3,Monday,7,7.5,0.5,1,94.1,294.3,1.348,0.165,Warehouse congestion
SHP102666,2025-04-11,Chennai,South,Road,BlueLine,Pharma,1181.0,272.5,1.38,4,Friday,5,4.1,-0.9,0,90.6,385.65,1.415,0.327,None
SHP102667,2025-04-16,Kolkata,Central,Road,QuickMove,Pharma,799.0,114.5,0.6,4,Wednesday,4,2.0,-2.0,0,93.3,119.67,1.045,0.15,None
SHP102668,2025-11-12,Chennai,West,Road,BlueLine,Electronics,1382.0,139.6,1.0,11,Wednesday,5,6.4,1.4,1,78.8,184.69,1.323,0.134,Weather
SHP102669,2025-09-21,Mumbai,West,Road,TransCo,FMCG,507.0,122.8,0.53,9,Sunday,3,3.1,0.1,1,77.1,80.23,0.653,0.158,Carrier capacity
SHP102670,2025-11-07,Mumbai,Central,Road,QuickMove,FMCG,651.0,32.7,0.18,11,Friday,3,3.7,0.7,1,80.3,44.95,1.375,0.069,Warehouse congestion
SHP102671,2025-11-29,Delhi,West,Air,SwiftHaul,Apparel,1070.0,54.4,0.31,11,Saturday,3,2.3,-0.7,0,80.9,208.14,3.826,0.195,None
SHP102672,2025-05-03,Kolkata,North,Road,TransCo,FMCG,1483.0,690.1,3.09,5,Saturday,5,5.7,0.7,1,92.2,1026.96,1.488,0.692,Warehouse congestion
SHP102673,2025-07-31,Hyderabad,North,Road,BlueLine,Electronics,872.0,80.3,0.38,7,Thursday,4,3.0,-1.0,0,80.6,83.83,1.044,0.096,None
SHP102674,2025-05-23,Delhi,East,Sea,SwiftHaul,Machinery,571.0,111.0,0.46,5,Friday,5,2.2,-2.8,0,88.1,55.36,0.499,0.097,None
SHP102675,2025-10-14,Mumbai,North,Rail,QuickMove,Apparel,892.0,130.2,0.6,10,Tuesday,4,6.5,2.5,1,77.1,81.93,0.629,0.092,Weather
SHP102676,2025-11-13,Delhi,South,Sea,TransCo,Electronics,603.0,79.7,0.58,11,Thursday,5,6.2,1.2,1,82.4,47.0,0.59,0.078,Carrier capacity
SHP102677,2025-01-09,Chennai,Central,Road,BlueLine,Electronics,1109.0,1322.3,10.96,1,Thursday,4,3.7,-0.3,0,90.0,1311.67,0.992,1.183,None
SHP102678,2025-12-02,Mumbai,West,Road,TransCo,Machinery,1401.0,235.7,1.36,12,Tuesday,5,5.7,0.7,1,85.2,329.75,1.399,0.235,Warehouse congestion
SHP102679,2025-12-23,Hyderabad,South,Road,TransCo,FMCG,1173.0,745.2,5.51,12,Tuesday,5,4.9,-0.1,0,84.0,777.41,1.043,0.663,None
SHP102680,2025-09-25,Mumbai,North,Road,TransCo,Electronics,1014.0,206.7,1.68,9,Thursday,4,3.7,-0.3,0,75.4,170.61,0.825,0.168,None
SHP102681,2025-05-27,Hyderabad,South,Rail,TransCo,Pharma,565.0,775.7,3.48,5,Tuesday,4,3.1,-0.9,0,90.9,286.51,0.369,0.507,None
SHP102682,2025-02-06,Chennai,West,Road,BlueLine,Electronics,2091.0,442.0,1.99,2,Thursday,6,4.2,-1.8,0,96.0,988.71,2.237,0.473,None
SHP102683,2025-11-06,Chennai,South,Road,TransCo,Apparel,925.0,36.1,0.16,11,Thursday,4,3.8,-0.2,0,83.5,57.08,1.581,0.062,None
SHP102684,2025-07-11,Kolkata,West,Rail,SwiftHaul,Pharma,1246.0,544.9,4.31,7,Friday,5,3.8,-1.2,0,81.0,420.22,0.771,0.337,None
SHP102685,2025-02-20,Mumbai,West,Rail,TransCo,FMCG,856.0,164.2,0.82,2,Thursday,4,3.2,-0.8,0,96.7,115.99,0.706,0.136,None
SHP102686,2025-12-26,Chennai,North,Road,BlueLine,FMCG,1826.0,61.5,0.29,12,Friday,6,4.8,-1.2,0,85.7,128.81,2.094,0.071,None
SHP102687,2025-03-10,Mumbai,West,Sea,SwiftHaul,Machinery,753.0,326.5,2.04,3,Monday,5,3.7,-1.3,0,96.2,134.86,0.413,0.179,None
SHP102688,2025-11-04,Kolkata,West,Rail,TransCo,Pharma,1171.0,910.2,7.22,11,Tuesday,5,6.5,1.5,1,85.2,625.39,0.687,0.534,Last-mile failure
SHP102689,2025-10-09,Kolkata,Central,Road,TransCo,Electronics,1161.0,93.0,0.56,10,Thursday,5,5.7,0.7,1,76.2,103.61,1.114,0.089,Warehouse congestion
SHP102690,2025-01-25,Delhi,West,Road,BlueLine,Machinery,667.0,219.1,1.0,1,Saturday,3,2.2,-0.8,0,87.8,140.88,0.643,0.211,None
SHP102691,2025-10-01,Mumbai,South,Sea,BlueLine,FMCG,871.0,375.0,2.49,10,Wednesday,6,6.2,0.2,1,80.8,150.44,0.401,0.173,Warehouse congestion
SHP102692,2025-05-28,Chennai,South,Rail,QuickMove,Pharma,985.0,117.0,0.52,5,Wednesday,5,4.4,-0.6,0,91.4,100.93,0.863,0.102,None
SHP102693,2025-08-10,Mumbai,West,Road,BlueLine,FMCG,925.0,319.4,1.32,8,Sunday,4,3.0,-1.0,0,74.0,237.82,0.745,0.257,None
SHP102694,2025-05-16,Kolkata,West,Road,SwiftHaul,Machinery,613.0,201.8,0.98,5,Friday,3,1.1,-1.9,0,89.7,132.44,0.656,0.216,None
SHP102695,2025-01-21,Delhi,West,Rail,TransCo,FMCG,466.0,215.8,0.95,1,Tuesday,3,2.3,-0.7,0,90.9,96.98,0.449,0.208,None
SHP102696,2025-10-23,Chennai,East,Road,SwiftHaul,Electronics,1927.0,817.9,4.36,10,Thursday,7,5.7,-1.3,0,74.9,1332.13,1.629,0.691,None
SHP102697,2025-03-15,Chennai,East,Rail,TransCo,FMCG,1095.0,194.5,1.15,3,Saturday,5,8.2,3.2,1,92.5,172.38,0.886,0.157,Weather
SHP102698,2025-11-14,Kolkata,Central,Rail,SwiftHaul,Electronics,1065.0,49.8,0.21,11,Friday,5,4.8,-0.2,0,81.6,62.59,1.257,0.059,None
SHP102699,2025-08-16,Hyderabad,Central,Rail,TransCo,FMCG,736.0,156.2,0.68,8,Saturday,4,4.5,0.5,1,72.7,80.79,0.517,0.11,Carrier capacity
SHP102700,2025-08-02,Delhi,West,Air,SwiftHaul,Pharma,1065.0,220.0,1.02,8,Saturday,3,1.1,-1.9,0,75.3,825.48,3.752,0.775,None
SHP102701,2025-11-30,Delhi,East,Road,TransCo,FMCG,472.0,645.8,3.62,11,Sunday,3,2.9,-0.1,0,78.9,248.62,0.385,0.527,None
SHP102702,2025-09-08,Delhi,North,Road,SwiftHaul,Machinery,640.0,128.4,0.53,9,Monday,3,2.3,-0.7,0,73.0,88.07,0.686,0.138,None
SHP102703,2025-12-22,Delhi,West,Sea,TransCo,FMCG,1321.0,84.2,0.6,12,Monday,7,8.2,1.2,1,84.3,70.34,0.835,0.053,Warehouse congestion
SHP102704,2025-06-05,Delhi,West,Air,TransCo,Machinery,621.0,104.3,0.47,6,Thursday,2,2.9,0.9,1,84.6,258.58,2.479,0.416,Last-mile failure
SHP102705,2025-12-30,Hyderabad,Central,Road,QuickMove,Electronics,1296.0,72.3,0.41,12,Tuesday,5,4.2,-0.8,0,78.9,103.73,1.435,0.08,None
SHP102706,2025-10-07,Kolkata,West,Sea,SwiftHaul,Apparel,1509.0,499.2,3.84,10,Tuesday,8,6.8,-1.2,0,76.9,329.47,0.66,0.218,None
SHP102707,2025-08-02,Hyderabad,South,Road,SwiftHaul,Electronics,679.0,181.1,1.38,8,Saturday,4,2.8,-1.2,0,78.0,128.64,0.71,0.189,None
SHP102708,2025-08-05,Hyderabad,North,Road,BlueLine,Electronics,708.0,131.8,0.6,8,Tuesday,4,3.1,-0.9,0,79.3,109.78,0.833,0.155,None
SHP102709,2025-12-24,Hyderabad,West,Road,SwiftHaul,FMCG,877.0,77.7,0.35,12,Wednesday,4,3.7,-0.3,0,84.9,87.89,1.131,0.1,None
SHP102710,2025-02-12,Mumbai,South,Road,BlueLine,Machinery,1019.0,166.0,1.19,2,Wednesday,4,3.1,-0.9,0,89.4,161.87,0.975,0.159,None
SHP102711,2025-04-29,Kolkata,North,Road,TransCo,Apparel,1661.0,87.5,0.61,4,Tuesday,6,5.7,-0.3,0,95.3,161.57,1.847,0.097,None
SHP102712,2025-08-02,Hyderabad,South,Road,SwiftHaul,FMCG,1282.0,79.4,0.4,8,Saturday,5,3.7,-1.3,0,76.5,105.08,1.323,0.082,None
SHP102713,2025-10-29,Kolkata,South,Road,QuickMove,Pharma,1703.0,519.8,3.43,10,Wednesday,6,5.9,-0.1,0,77.8,721.92,1.389,0.424,None
SHP102714,2025-07-24,Kolkata,East,Road,SwiftHaul,Pharma,542.0,365.5,1.77,7,Thursday,3,1.5,-1.5,0,80.2,200.35,0.548,0.37,None
SHP102715,2025-11-01,Delhi,North,Sea,SwiftHaul,FMCG,2368.0,141.8,0.79,11,Saturday,11,11.4,0.4,1,81.1,159.38,1.124,0.067,Warehouse congestion
SHP102716,2025-06-20,Mumbai,West,Sea,SwiftHaul,FMCG,955.0,68.1,0.32,6,Friday,6,3.8,-2.2,0,83.2,54.53,0.801,0.057,None
SHP102717,2025-01-04,Hyderabad,North,Road,QuickMove,Apparel,563.0,24.5,0.1,1,Saturday,3,1.5,-1.5,0,87.7,43.12,1.76,0.077,None
SHP102718,2025-06-17,Hyderabad,North,Rail,BlueLine,FMCG,1532.0,123.2,0.83,6,Tuesday,6,5.3,-0.7,0,84.7,131.07,1.064,0.086,None
SHP102719,2025-12-02,Kolkata,North,Air,TransCo,Apparel,1136.0,132.4,0.85,12,Tuesday,3,4.7,1.7,1,84.9,623.21,4.707,0.549,Carrier capacity
SHP102720,2025-10-30,Mumbai,North,Road,BlueLine,FMCG,1458.0,138.5,0.58,10,Thursday,5,3.5,-1.5,0,74.7,186.95,1.35,0.128,None
SHP102721,2025-09-23,Hyderabad,North,Rail,BlueLine,Apparel,1151.0,593.8,2.89,9,Tuesday,5,3.5,-1.5,0,73.4,388.66,0.655,0.338,None
SHP102722,2025-09-25,Chennai,East,Road,SwiftHaul,FMCG,643.0,127.3,0.72,9,Thursday,4,2.7,-1.3,0,73.4,87.79,0.69,0.137,None
SHP102723,2025-12-01,Kolkata,North,Road,SwiftHaul,Apparel,767.0,404.9,1.85,12,Monday,4,2.6,-1.4,0,87.3,341.16,0.843,0.445,None
SHP102724,2025-10-16,Kolkata,West,Road,SwiftHaul,Electronics,1091.0,,0.75,10,Thursday,4,3.3,-0.7,0,74.4,132.16,0.977,0.121,None
SHP102725,2025-06-05,Delhi,West,Air,TransCo,Machinery,621.0,104.3,0.47,6,Thursday,2,1.2,-0.8,0,86.0,266.67,2.557,0.429,None
SHP102726,2025-09-02,Kolkata,West,Road,SwiftHaul,Pharma,673.0,49.0,0.26,9,Tuesday,3,1.0,-2.0,0,73.4,55.46,1.132,0.082,None
SHP102727,2025-06-19,Chennai,West,Rail,BlueLine,Electronics,1553.0,83.9,0.35,6,Thursday,6,6.5,0.5,1,85.9,94.77,1.13,0.061,Warehouse congestion
SHP102728,2025-05-08,Hyderabad,South,Road,QuickMove,Machinery,641.0,442.9,3.21,5,Thursday,3,2.9,-0.1,0,92.7,275.42,0.622,0.43,None
SHP102729,2025-12-26,Chennai,South,Sea,QuickMove,Electronics,651.0,437.8,3.41,12,Friday,5,4.6,-0.4,0,87.2,142.08,0.325,0.218,None
SHP102730,2025-05-17,Delhi,East,Road,BlueLine,Apparel,615.0,292.0,2.25,5,Saturday,4,2.8,-1.2,0,89.4,170.23,0.583,0.277,None
SHP102731,2025-12-27,Chennai,Central,Rail,QuickMove,Electronics,639.0,75.2,0.38,12,Saturday,4,3.8,-0.2,0,85.5,55.66,0.74,0.087,None
SHP102732,2025-07-17,Mumbai,West,Sea,TransCo,Machinery,633.0,252.6,1.24,7,Thursday,4,4.8,0.8,1,79.1,86.19,0.341,0.136,Warehouse congestion
SHP102733,2025-04-08,Delhi,Central,Road,SwiftHaul,Electronics,819.0,327.1,1.49,4,Tuesday,4,3.2,-0.8,0,95.5,269.11,0.823,0.329,None
SHP102734,2025-02-11,Mumbai,Central,Road,SwiftHaul,FMCG,2917.0,515.5,4.09,2,Tuesday,8,6.4,-1.6,0,93.5,1636.55,3.175,0.561,None
SHP102735,2025-09-11,Chennai,East,Road,SwiftHaul,Apparel,455.0,133.2,0.94,9,Thursday,3,3.4,0.4,1,77.7,80.96,0.608,0.178,Warehouse congestion
SHP102736,2025-01-13,Hyderabad,South,Air,BlueLine,FMCG,1504.0,104.8,0.59,1,Monday,3,2.3,-0.7,0,88.1,674.14,6.433,0.448,None
SHP102737,2025-10-30,Mumbai,North,Road,BlueLine,Electronics,787.0,201.3,1.03,10,Thursday,4,3.2,-0.8,0,74.7,149.74,0.744,0.19,None
SHP102738,2025-06-23,Delhi,North,Sea,BlueLine,FMCG,1049.0,93.1,0.55,6,Monday,6,6.3,0.3,1,86.3,69.74,0.749,0.066,Weather
SHP102739,2025-01-25,Mumbai,North,Road,QuickMove,Electronics,548.0,117.7,0.77,1,Saturday,3,2.2,-0.8,0,90.9,88.88,0.755,0.162,None
SHP102740,2025-06-07,Mumbai,South,Sea,SwiftHaul,Apparel,719.0,662.9,3.91,6,Saturday,5,4.8,-0.2,0,88.7,204.2,0.308,0.284,None
SHP102741,2025-09-27,Kolkata,South,Sea,BlueLine,Apparel,1074.0,161.6,1.14,9,Saturday,7,3.8,-3.2,0,74.5,89.47,0.554,0.083,None
SHP102742,2025-03-17,Mumbai,Central,Road,SwiftHaul,FMCG,968.0,205.6,1.43,3,Monday,4,3.6,-0.4,0,93.9,206.17,1.003,0.213,None
SHP102743,2025-06-03,Chennai,Central,Road,BlueLine,Apparel,1261.0,142.1,0.6,6,Tuesday,5,5.8,0.8,1,83.9,185.4,1.305,0.147,Weather
SHP102744,2025-05-31,Delhi,South,Air,BlueLine,Pharma,1563.0,296.9,1.21,5,Saturday,3,3.0,0.0,0,89.4,1932.15,6.508,1.236,None
SHP102745,2025-07-19,Delhi,North,Road,TransCo,Apparel,2006.0,489.5,2.52,7,Saturday,6,5.9,-0.1,0,80.7,782.63,1.599,0.39,None
SHP102746,2025-10-03,Delhi,East,Road,SwiftHaul,Apparel,473.0,149.2,0.95,10,Friday,3,3.0,0.0,0,73.0,91.39,0.613,0.193,None
SHP102747,2025-05-14,Kolkata,West,Road,SwiftHaul,Pharma,793.0,445.6,3.26,5,Wednesday,4,2.1,-1.9,0,87.5,368.29,0.827,0.464,None
SHP102748,2025-04-09,Mumbai,West,Road,BlueLine,FMCG,558.0,254.0,1.24,4,Wednesday,3,4.8,1.8,1,94.1,161.81,0.637,0.29,Carrier capacity
SHP102749,2025-12-01,Chennai,South,Road,SwiftHaul,Machinery,697.0,213.1,1.03,12,Monday,4,3.0,-1.0,0,85.7,163.52,0.767,0.235,None
SHP102750,2025-08-08,Mumbai,Central,Air,TransCo,Electronics,1382.0,303.9,1.41,8,Friday,3,3.2,0.2,1,75.7,1480.67,4.872,1.071,Customs/Docs
SHP102751,2025-12-17,Kolkata,West,Sea,TransCo,FMCG,876.0,456.6,2.54,12,Wednesday,5,6.8,1.8,1,85.9,175.02,0.383,0.2,Carrier capacity
SHP102752,2025-07-25,Chennai,East,Road,TransCo,Apparel,486.0,,2.38,7,Friday,3,3.5,0.5,1,77.0,170.09,0.486,0.35,Weather
SHP102753,2025-04-03,Chennai,West,Road,TransCo,FMCG,1053.0,138.1,0.6,4,Thursday,4,3.4,-0.6,0,92.2,160.94,1.165,0.153,None
SHP102754,2025-11-16,Chennai,North,Rail,QuickMove,Machinery,444.0,112.9,0.69,11,Sunday,3,2.3,-0.7,0,78.5,53.28,0.472,0.12,None
SHP102755,2025-04-11,Chennai,South,Road,BlueLine,Pharma,1181.0,272.5,1.38,4,Friday,5,3.1,-1.9,0,91.9,315.8,1.159,0.267,None
SHP102756,2025-05-24,Hyderabad,South,Road,BlueLine,FMCG,963.0,,0.41,5,Saturday,4,3.7,-0.3,0,91.7,84.87,1.32,0.088,None
SHP102757,2025-04-09,Mumbai,South,Air,SwiftHaul,Machinery,941.0,215.0,1.0,4,Wednesday,3,1.0,-2.0,0,95.6,761.72,3.543,0.809,None
SHP102758,2025-04-05,Chennai,West,Road,TransCo,Apparel,2256.0,211.8,1.06,4,Saturday,7,6.9,-0.1,0,89.2,498.01,2.351,0.221,None
SHP102759,2025-05-01,Delhi,Central,Road,BlueLine,Electronics,1450.0,671.0,4.08,5,Thursday,5,4.4,-0.6,0,86.0,831.97,1.24,0.574,None
SHP102760,2025-05-16,Chennai,South,Road,TransCo,FMCG,1056.0,76.6,0.62,5,Friday,4,3.9,-0.1,0,90.3,101.33,1.323,0.096,None
SHP102761,2025-06-24,Delhi,South,Sea,TransCo,Pharma,1104.0,220.9,1.35,6,Tuesday,7,7.7,0.7,1,83.8,138.0,0.625,0.125,Carrier capacity
SHP102762,2025-03-17,Hyderabad,North,Sea,TransCo,Apparel,374.0,146.4,0.94,3,Monday,3,3.2,0.2,1,94.7,51.26,0.35,0.137,Carrier capacity
SHP102763,2025-10-15,Mumbai,South,Rail,BlueLine,Pharma,804.0,415.1,2.71,10,Wednesday,4,7.4,3.4,1,77.0,201.26,0.485,0.25,Customs/Docs
SHP102764,2025-02-22,Hyderabad,North,Road,QuickMove,Pharma,1298.0,90.3,0.51,2,Saturday,5,4.5,-0.5,0,97.2,129.45,1.434,0.1,None
SHP102765,2025-04-19,Delhi,North,Air,QuickMove,Apparel,1436.0,866.4,3.91,4,Saturday,3,2.4,-0.6,0,93.5,4936.0,5.697,3.437,None
SHP102766,2025-08-18,Delhi,East,Road,BlueLine,FMCG,586.0,44.1,0.25,8,Monday,3,2.5,-0.5,0,78.1,49.76,1.128,0.085,None
SHP102767,2025-12-10,Kolkata,South,Road,TransCo,Apparel,715.0,283.9,1.97,12,Wednesday,4,4.6,0.6,1,84.1,217.48,0.766,0.304,Carrier capacity
SHP102768,2025-04-08,Hyderabad,North,Sea,TransCo,FMCG,1152.0,58.5,0.29,4,Tuesday,7,5.8,-1.2,0,94.6,56.44,0.965,0.049,None
SHP102769,2025-11-06,Hyderabad,East,Rail,TransCo,Machinery,814.0,145.3,0.98,11,Thursday,4,4.2,0.2,1,81.4,100.11,0.689,0.123,Warehouse congestion
SHP102770,2025-08-31,Mumbai,Central,Road,BlueLine,Apparel,1485.0,705.9,2.86,8,Sunday,5,4.5,-0.5,0,75.3,989.95,1.402,0.667,None
SHP102771,2025-10-15,Chennai,East,Road,TransCo,Machinery,1016.0,185.7,0.76,10,Wednesday,5,3.6,-1.4,0,75.0,194.91,1.05,0.192,None
SHP102772,2025-08-19,Hyderabad,Central,Rail,QuickMove,FMCG,1428.0,95.0,0.4,8,Tuesday,6,5.4,-0.6,0,75.4,82.62,0.87,0.058,None
SHP102773,2025-12-02,Mumbai,West,Road,SwiftHaul,FMCG,789.0,270.8,1.27,12,Tuesday,4,2.9,-1.1,0,86.7,221.21,0.817,0.28,None
SHP102774,2025-08-12,Hyderabad,South,Road,BlueLine,FMCG,1668.0,565.5,2.76,8,Tuesday,6,4.2,-1.8,0,77.8,862.22,1.525,0.517,None
SHP102775,2025-11-01,Kolkata,South,Rail,TransCo,Apparel,1222.0,74.5,0.3,11,Saturday,5,6.3,1.3,1,75.0,72.83,0.978,0.06,Carrier capacity
SHP102776,2025-12-07,Kolkata,Central,Air,SwiftHaul,Pharma,494.0,294.4,1.38,12,Sunday,2,2.8,0.8,1,84.2,570.26,1.937,1.154,Warehouse congestion
SHP102777,2025-08-24,Mumbai,West,Air,BlueLine,Electronics,555.0,170.9,0.81,8,Sunday,2,1.1,-0.9,0,77.2,344.91,2.018,0.621,None
SHP102778,2025-04-20,Chennai,North,Road,SwiftHaul,Apparel,707.0,218.4,1.38,4,Sunday,4,3.1,-0.9,0,96.8,190.84,0.874,0.27,None
SHP102779,2025-01-07,Delhi,West,Road,TransCo,Electronics,549.0,95.8,0.51,1,Tuesday,3,4.1,1.1,1,89.8,75.09,0.784,0.137,Warehouse congestion
SHP102780,2025-07-03,Kolkata,East,Road,TransCo,FMCG,1755.0,578.0,2.63,7,Thursday,6,6.3,0.3,1,80.7,995.59,1.722,0.567,Carrier capacity
SHP102781,2025-06-12,Chennai,North,Road,TransCo,Apparel,1064.0,893.8,5.59,6,Thursday,4,3.1,-0.9,0,85.2,919.98,1.029,0.865,None
SHP102782,2025-08-13,Mumbai,East,Sea,BlueLine,Pharma,1927.0,500.4,2.05,8,Wednesday,11,9.9,-1.1,0,75.3,318.55,0.637,0.165,None
SHP102783,2025-08-30,Chennai,West,Sea,SwiftHaul,Electronics,246.0,562.5,3.65,8,Saturday,3,2.6,-0.4,0,73.7,69.36,0.123,0.282,None
SHP102784,2025-06-23,Hyderabad,West,Road,SwiftHaul,Electronics,1535.0,331.6,2.41,6,Monday,5,4.1,-0.9,0,82.5,453.76,1.368,0.296,None
SHP102785,2025-09-27,Kolkata,North,Road,TransCo,FMCG,916.0,138.3,0.69,9,Saturday,4,4.7,0.7,1,76.6,125.34,0.906,0.137,Customs/Docs
SHP102786,2025-05-26,Mumbai,West,Rail,QuickMove,Apparel,1365.0,29.9,0.22,5,Monday,5,4.7,-0.3,0,90.2,54.22,1.813,0.04,None
SHP102787,2025-08-16,Delhi,West,Road,BlueLine,Pharma,1425.0,354.5,2.05,8,Saturday,5,4.9,-0.1,0,74.9,388.25,1.095,0.272,None
SHP102788,2025-09-22,Kolkata,West,Road,SwiftHaul,Electronics,1256.0,162.9,1.25,9,Monday,5,4.2,-0.8,0,72.1,164.05,1.007,0.131,None
SHP102789,2025-10-12,Kolkata,West,Road,QuickMove,Machinery,729.0,61.1,0.39,10,Sunday,4,2.4,-1.6,0,77.9,64.51,1.056,0.088,None
SHP102790,2025-11-08,Mumbai,West,Road,BlueLine,Machinery,1597.0,565.5,2.62,11,Saturday,5,4.9,-0.1,0,78.0,755.6,1.336,0.473,None
SHP102791,2025-02-05,Delhi,South,Road,BlueLine,Pharma,668.0,270.2,1.51,2,Wednesday,4,1.1,-2.9,0,95.0,217.16,0.804,0.325,None
SHP102792,2025-03-16,Kolkata,East,Air,QuickMove,Apparel,606.0,146.9,0.73,3,Sunday,2,2.7,0.7,1,94.7,450.18,3.065,0.743,Weather
SHP102793,2025-12-10,Chennai,West,Rail,SwiftHaul,Electronics,665.0,319.4,2.48,12,Wednesday,4,2.5,-1.5,0,84.9,149.73,0.469,0.225,None
SHP102794,2025-03-25,Kolkata,North,Road,BlueLine,Machinery,1098.0,230.3,0.94,3,Tuesday,4,3.9,-0.1,0,98.5,286.2,1.243,0.261,None
SHP102795,2025-05-16,Kolkata,West,Road,SwiftHaul,Machinery,613.0,201.8,0.98,5,Friday,3,2.0,-1.0,0,85.8,121.2,0.601,0.198,None
SHP102796,2025-05-20,Hyderabad,West,Rail,QuickMove,Machinery,1138.0,,1.29,5,Tuesday,5,4.1,-0.9,0,88.2,150.0,0.878,0.132,None
SHP102797,2025-04-28,Delhi,Central,Rail,BlueLine,Apparel,1374.0,144.5,0.96,4,Monday,6,4.2,-1.8,0,96.9,171.93,1.19,0.125,None
SHP102798,2025-09-27,Mumbai,North,Road,SwiftHaul,Machinery,1066.0,222.3,1.43,9,Saturday,4,7.0,3.0,1,76.9,221.71,0.997,0.208,Warehouse congestion
SHP102799,2025-10-17,Chennai,West,Rail,SwiftHaul,Pharma,1628.0,94.8,0.47,10,Friday,6,5.7,-0.3,0,75.9,107.17,1.13,0.066,None
SHP102800,2025-05-24,Hyderabad,South,Road,BlueLine,FMCG,963.0,64.3,0.41,5,Saturday,4,3.1,-0.9,0,93.7,83.99,1.306,0.087,None
SHP102801,2025-08-16,Delhi,East,Road,QuickMove,Electronics,1048.0,140.8,0.61,8,Saturday,5,4.0,-1.0,0,78.3,139.17,0.988,0.133,None
SHP102802,2025-02-19,Kolkata,South,Road,SwiftHaul,FMCG,1575.0,57.0,0.25,2,Wednesday,6,4.2,-1.8,0,92.6,112.47,1.973,0.071,None
SHP102803,2025-05-30,Kolkata,East,Road,SwiftHaul,Machinery,932.0,475.8,2.36,5,Friday,4,2.6,-1.4,0,87.9,442.97,0.931,0.475,None
SHP102804,2025-11-15,Delhi,South,Air,SwiftHaul,Pharma,997.0,331.1,1.51,11,Saturday,3,2.9,-0.1,0,82.8,1051.24,3.175,1.054,None
SHP102805,2025-05-09,Delhi,South,Road,SwiftHaul,Machinery,1129.0,1962.2,9.86,5,Friday,5,2.5,-2.5,0,88.4,1793.66,0.914,1.589,None
SHP102806,2025-11-26,Hyderabad,Central,Road,TransCo,Pharma,1065.0,792.1,5.69,11,Wednesday,4,6.6,2.6,1,80.5,760.11,0.96,0.714,Last-mile failure
SHP102807,2025-09-28,Chennai,West,Rail,BlueLine,Electronics,398.0,173.0,0.97,9,Sunday,3,2.0,-1.0,0,78.0,70.44,0.407,0.177,None
SHP102808,2025-07-10,Chennai,Central,Road,BlueLine,FMCG,2705.0,652.4,3.8,7,Thursday,8,8.7,0.7,1,80.4,1428.32,2.189,0.528,Weather
SHP102809,2025-06-12,Chennai,North,Road,TransCo,Apparel,1064.0,893.8,5.59,6,Thursday,4,3.9,-0.1,0,85.0,880.95,0.986,0.828,None
SHP102810,2025-08-10,Hyderabad,Central,Rail,BlueLine,Apparel,379.0,315.6,1.27,8,Sunday,3,2.4,-0.6,0,73.0,87.67,0.278,0.231,None
SHP102811,2025-02-10,Mumbai,East,Road,TransCo,Apparel,809.0,224.3,0.94,2,Monday,4,2.8,-1.2,0,95.7,209.23,0.933,0.259,None
SHP102812,2025-10-09,Mumbai,South,Rail,BlueLine,Apparel,1003.0,305.8,1.62,10,Thursday,5,4.5,-0.5,0,72.7,166.65,0.545,0.166,None
SHP102813,2025-12-11,Delhi,South,Rail,BlueLine,Electronics,1115.0,126.3,0.55,12,Thursday,5,4.7,-0.3,0,87.7,116.65,0.924,0.105,None
SHP102814,2025-01-04,Kolkata,North,Road,BlueLine,Electronics,904.0,345.2,1.55,1,Saturday,4,3.0,-1.0,0,86.6,284.29,0.824,0.314,None
SHP102815,2025-02-03,Hyderabad,North,Road,QuickMove,Electronics,891.0,207.4,1.49,2,Monday,4,1.9,-2.1,0,92.0,203.33,0.98,0.228,None
SHP102816,2025-03-30,Hyderabad,West,Road,QuickMove,FMCG,2078.0,154.8,1.04,3,Sunday,6,5.8,-0.2,0,97.3,359.47,2.322,0.173,None
SHP102817,2025-01-02,Kolkata,South,Rail,SwiftHaul,FMCG,1336.0,221.8,0.91,1,Thursday,6,4.2,-1.8,0,92.9,224.18,1.011,0.168,None
SHP102818,2025-09-14,Hyderabad,West,Sea,SwiftHaul,Apparel,2207.0,141.6,0.86,9,Sunday,10,9.4,-0.6,0,75.2,126.96,0.897,0.058,None
SHP102819,2025-05-26,Kolkata,East,Road,SwiftHaul,Apparel,1107.0,85.5,0.35,5,Monday,5,3.6,-1.4,0,89.3,118.27,1.383,0.107,None
SHP102820,2025-04-21,Mumbai,North,Road,BlueLine,Electronics,1095.0,88.0,0.51,4,Monday,4,4.2,0.2,1,94.0,116.38,1.322,0.106,Last-mile failure
SHP102821,2025-12-03,Chennai,North,Sea,QuickMove,FMCG,930.0,123.8,0.55,12,Wednesday,6,5.5,-0.5,0,81.1,73.94,0.597,0.08,None
SHP102822,2025-09-25,Chennai,South,Road,TransCo,Machinery,1332.0,226.8,1.2,9,Thursday,5,4.6,-0.4,0,77.2,280.63,1.237,0.211,None
SHP102823,2025-10-30,Hyderabad,Central,Road,BlueLine,Apparel,868.0,592.2,3.51,10,Thursday,4,3.3,-0.7,0,75.1,440.13,0.743,0.507,None
SHP102824,2025-12-12,Chennai,West,Road,BlueLine,Apparel,744.0,299.9,1.31,12,Friday,4,4.0,0.0,0,84.5,239.53,0.799,0.322,None
SHP102825,2025-04-17,Chennai,West,Sea,SwiftHaul,Apparel,547.0,420.0,1.82,4,Thursday,4,3.1,-0.9,0,93.8,129.17,0.308,0.236,None
SHP102826,2025-07-03,Mumbai,South,Road,QuickMove,FMCG,2961.0,57.7,0.24,7,Thursday,9,7.8,-1.2,0,80.6,185.91,3.222,0.063,None
SHP102827,2025-06-15,Hyderabad,North,Road,BlueLine,FMCG,2189.0,26.9,0.13,6,Sunday,7,6.0,-1.0,0,85.9,83.61,3.108,0.038,None
SHP102828,2025-02-18,Mumbai,West,Rail,BlueLine,Machinery,738.0,249.5,1.29,2,Tuesday,4,1.7,-2.3,0,96.1,140.81,0.564,0.191,None
SHP102829,2025-04-05,Delhi,North,Sea,SwiftHaul,Apparel,1617.0,160.3,0.68,4,Saturday,8,6.9,-1.1,0,96.2,143.24,0.894,0.089,None
SHP102830,2025-06-06,Kolkata,Central,Road,TransCo,FMCG,520.0,404.3,1.75,6,Friday,3,4.4,1.4,1,84.9,224.37,0.555,0.431,Carrier capacity
SHP102831,2025-06-22,Delhi,North,Road,SwiftHaul,FMCG,601.0,324.2,1.32,6,Sunday,3,1.9,-1.1,0,86.5,214.39,0.661,0.357,None
SHP102832,2025-08-15,Delhi,East,Air,SwiftHaul,Electronics,1013.0,85.6,0.49,8,Friday,3,2.9,-0.1,0,78.1,328.26,3.835,0.324,None
SHP102833,2025-11-19,Chennai,North,Sea,SwiftHaul,FMCG,431.0,20.5,0.14,11,Wednesday,4,3.1,-0.9,0,76.5,32.91,1.605,0.076,None
SHP102834,2025-04-10,Delhi,South,Road,TransCo,Machinery,1233.0,109.1,0.74,4,Thursday,5,4.6,-0.4,0,92.8,162.52,1.49,0.132,None
SHP102835,2025-04-08,Delhi,East,Road,BlueLine,Electronics,491.0,80.6,0.52,4,Tuesday,3,2.2,-0.8,0,91.8,65.04,0.807,0.132,None
SHP102836,2025-11-01,Chennai,East,Sea,SwiftHaul,FMCG,1290.0,110.1,0.57,11,Saturday,8,8.1,0.1,1,80.1,81.1,0.737,0.063,Last-mile failure
SHP102837,2025-03-02,Chennai,West,Road,BlueLine,Electronics,1339.0,93.1,0.39,3,Sunday,5,5.0,0.0,0,97.5,152.35,1.636,0.114,None
SHP102838,2025-04-11,Chennai,Central,Rail,SwiftHaul,FMCG,1173.0,161.6,0.84,4,Friday,5,3.3,-1.7,0,95.2,149.55,0.925,0.127,None
SHP102839,2025-04-02,Chennai,South,Rail,BlueLine,Apparel,1433.0,221.4,0.94,4,Wednesday,6,5.0,-1.0,0,95.3,247.54,1.118,0.173,None
SHP102840,2025-08-06,Mumbai,South,Road,SwiftHaul,FMCG,973.0,540.3,4.38,8,Wednesday,4,2.7,-1.3,0,75.6,456.33,0.845,0.469,None
SHP102841,2025-06-15,Kolkata,East,Air,BlueLine,Machinery,842.0,193.0,1.21,6,Sunday,3,2.8,-0.2,0,84.2,663.23,3.436,0.788,None
SHP102842,2025-10-08,Chennai,Central,Sea,SwiftHaul,Machinery,1110.0,194.0,0.92,10,Wednesday,6,7.0,1.0,1,75.1,95.84,0.494,0.086,Weather
SHP102843,2025-08-15,Hyderabad,South,Road,SwiftHaul,FMCG,377.0,124.1,0.77,8,Friday,3,1.3,-1.7,0,74.5,69.26,0.558,0.184,None
SHP102844,2025-09-18,Delhi,South,Road,TransCo,FMCG,863.0,249.8,1.41,9,Thursday,4,2.4,-1.6,0,76.2,186.2,0.745,0.216,None
SHP102845,2025-09-03,Chennai,South,Rail,TransCo,Pharma,195.0,49.9,0.26,9,Wednesday,3,2.7,-0.3,0,73.9,34.64,0.694,0.178,None
SHP102846,2025-01-13,Chennai,West,Sea,SwiftHaul,Machinery,975.0,39.0,0.16,1,Monday,6,4.6,-1.4,0,87.4,43.76,1.122,0.045,None
SHP102847,2025-06-10,Delhi,South,Road,QuickMove,FMCG,1086.0,119.4,0.61,6,Tuesday,5,4.4,-0.6,0,85.6,128.89,1.079,0.119,None
SHP102848,2025-07-11,Hyderabad,North,Air,BlueLine,Apparel,698.0,168.3,1.2,7,Friday,2,1.7,-0.3,0,80.1,482.99,2.87,0.692,None
SHP102849,2025-02-02,Kolkata,South,Road,TransCo,Pharma,698.0,60.2,0.26,2,Sunday,4,2.5,-1.5,0,94.3,75.82,1.259,0.109,None
SHP102850,2025-08-15,Delhi,North,Road,TransCo,Pharma,1682.0,44.5,0.19,8,Friday,6,4.3,-1.7,0,79.2,83.47,1.876,0.05,None
SHP102851,2025-09-13,Kolkata,Central,Sea,SwiftHaul,Electronics,838.0,633.9,4.04,9,Saturday,5,4.2,-0.8,0,75.0,181.7,0.287,0.217,None
SHP102852,2025-01-29,Mumbai,North,Road,BlueLine,Pharma,1319.0,116.3,0.86,1,Wednesday,5,5.5,0.5,1,88.7,167.91,1.444,0.127,Carrier capacity
SHP102853,2025-10-31,Mumbai,West,Road,TransCo,Electronics,730.0,69.9,0.38,10,Friday,4,2.6,-1.4,0,75.0,69.12,0.989,0.095,None
SHP102854,2025-12-23,Kolkata,Central,Air,BlueLine,FMCG,731.0,88.7,0.41,12,Tuesday,2,2.2,0.2,1,83.1,228.84,2.58,0.313,Last-mile failure
SHP102855,2025-12-17,Mumbai,West,Road,SwiftHaul,Apparel,1225.0,478.7,3.58,12,Wednesday,5,4.1,-0.9,0,83.5,475.95,0.994,0.389,None
SHP102856,2025-09-11,Chennai,Central,Road,SwiftHaul,Apparel,1011.0,90.2,0.52,9,Thursday,4,2.5,-1.5,0,72.5,103.17,1.144,0.102,None
SHP102857,2025-08-15,Hyderabad,East,Road,TransCo,Pharma,1090.0,142.7,0.82,8,Friday,5,4.6,-0.4,0,76.6,157.83,1.106,0.145,None
SHP102858,2025-01-10,Chennai,East,Road,BlueLine,FMCG,2435.0,66.0,0.37,1,Friday,8,6.3,-1.7,0,88.6,191.12,2.896,0.078,None
SHP102859,2025-07-08,Hyderabad,North,Road,TransCo,Machinery,1720.0,63.5,0.36,7,Tuesday,6,5.1,-0.9,0,80.3,110.4,1.739,0.064,None
SHP102860,2025-07-25,Mumbai,North,Road,TransCo,FMCG,1824.0,253.4,1.06,7,Friday,6,5.6,-0.4,0,79.3,396.56,1.565,0.217,None
SHP102861,2025-12-15,Chennai,North,Road,TransCo,Electronics,1332.0,952.4,5.02,12,Monday,5,5.3,0.3,1,84.8,1100.81,1.156,0.826,Weather
SHP102862,2025-05-04,Hyderabad,North,Air,SwiftHaul,Pharma,704.0,584.1,3.32,5,Sunday,2,0.5,-1.5,0,93.5,1886.92,3.23,2.68,None
SHP102863,2025-11-01,Kolkata,South,Rail,TransCo,Apparel,1222.0,74.5,0.3,11,Saturday,5,5.3,0.3,1,82.3,77.78,1.044,0.064,Carrier capacity
SHP102864,2025-06-19,Chennai,East,Rail,SwiftHaul,Machinery,785.0,235.6,1.65,6,Thursday,4,3.4,-0.6,0,81.9,129.12,0.548,0.164,None
SHP102865,2025-03-03,Kolkata,West,Road,QuickMove,Pharma,395.0,69.3,0.33,3,Monday,3,1.3,-1.7,0,93.8,56.53,0.816,0.143,None
SHP102866,2025-04-30,Kolkata,West,Road,QuickMove,Pharma,1309.0,280.4,1.58,4,Wednesday,5,3.2,-1.8,0,89.9,378.01,1.348,0.289,None
SHP102867,2025-08-24,Kolkata,West,Road,SwiftHaul,Pharma,891.0,331.3,1.62,8,Sunday,4,2.9,-1.1,0,75.5,243.3,0.734,0.273,None
SHP102868,2025-11-14,Chennai,West,Rail,BlueLine,Electronics,519.0,323.8,2.03,11,Friday,3,4.1,1.1,1,80.7,121.4,0.375,0.234,Last-mile failure
SHP102869,2025-08-30,Hyderabad,West,Road,SwiftHaul,FMCG,166.0,157.7,1.22,8,Saturday,2,0.8,-1.2,0,78.5,51.93,0.329,0.313,None
SHP102870,2025-10-31,Chennai,South,Road,TransCo,FMCG,1372.0,332.2,1.86,10,Friday,5,5.9,0.9,1,78.4,399.12,1.201,0.291,Warehouse congestion
SHP102871,2025-10-04,Chennai,Central,Rail,SwiftHaul,FMCG,410.0,198.2,1.1,10,Saturday,3,2.6,-0.4,0,77.0,70.23,0.354,0.171,None
SHP102872,2025-11-20,Kolkata,North,Air,SwiftHaul,Pharma,1136.0,869.2,7.13,11,Thursday,3,2.6,-0.4,0,78.1,3543.01,4.076,3.119,None
SHP102873,2025-10-30,Delhi,West,Road,QuickMove,FMCG,1210.0,397.5,1.84,10,Thursday,5,4.1,-0.9,0,78.0,421.95,1.062,0.349,None
SHP102874,2025-05-02,Mumbai,South,Air,BlueLine,Apparel,725.0,184.9,1.46,5,Friday,3,2.0,-1.0,0,90.1,574.43,3.107,0.792,None
SHP102875,2025-09-18,Mumbai,South,Rail,BlueLine,Apparel,789.0,73.4,0.43,9,Thursday,4,2.2,-1.8,0,75.4,60.58,0.825,0.077,None
SHP102876,2025-10-10,Mumbai,Central,Road,QuickMove,FMCG,1369.0,240.1,1.23,10,Friday,5,5.3,0.3,1,80.2,314.0,1.308,0.229,Warehouse congestion
SHP102877,2025-01-14,Kolkata,West,Road,SwiftHaul,Machinery,672.0,628.3,4.58,1,Tuesday,3,2.9,-0.1,0,88.1,411.69,0.655,0.613,None
SHP102878,2025-11-12,Kolkata,West,Sea,QuickMove,FMCG,1897.0,51.7,0.26,11,Wednesday,9,8.2,-0.8,0,84.1,68.93,1.333,0.036,None
SHP102879,2025-12-18,Kolkata,Central,Rail,SwiftHaul,FMCG,791.0,660.4,3.52,12,Thursday,4,6.3,2.3,1,88.6,334.6,0.507,0.423,Customs/Docs
SHP102880,2025-12-20,Kolkata,North,Rail,BlueLine,FMCG,619.0,112.7,0.46,12,Saturday,4,4.8,0.8,1,85.1,68.08,0.604,0.11,Weather
SHP102881,2025-08-10,Chennai,South,Road,BlueLine,Pharma,1079.0,167.5,0.71,8,Sunday,5,3.2,-1.8,0,76.7,185.61,1.108,0.172,None
SHP102882,2025-01-15,Delhi,South,Road,QuickMove,Electronics,426.0,70.8,0.38,1,Wednesday,3,1.9,-1.1,0,88.6,52.1,0.736,0.122,None
SHP102883,2025-11-14,Mumbai,East,Rail,QuickMove,FMCG,622.0,100.3,0.8,11,Friday,4,3.6,-0.4,0,80.4,65.34,0.651,0.105,None
SHP102884,2025-02-08,Chennai,North,Rail,TransCo,FMCG,682.0,82.5,0.45,2,Saturday,4,4.2,0.2,1,93.8,64.35,0.78,0.094,Carrier capacity
SHP102885,2025-10-14,Delhi,North,Air,QuickMove,FMCG,400.0,105.3,0.73,10,Tuesday,2,2.0,0.0,0,75.0,178.03,1.691,0.445,None
SHP102886,2025-08-29,Kolkata,South,Road,BlueLine,Pharma,688.0,173.9,1.29,8,Friday,4,3.2,-0.8,0,74.9,111.77,0.643,0.162,None
SHP102887,2025-11-09,Delhi,North,Rail,TransCo,Machinery,568.0,169.0,0.8,11,Sunday,3,3.9,0.9,1,79.5,82.38,0.487,0.145,Warehouse congestion
SHP102888,2025-11-14,Kolkata,Central,Rail,SwiftHaul,Electronics,1065.0,49.8,0.21,11,Friday,5,3.8,-1.2,0,,59.62,1.197,0.056,None
SHP102889,2025-10-31,Mumbai,Central,Sea,SwiftHaul,Machinery,1845.0,290.0,1.45,10,Friday,9,10.9,1.9,1,72.9,208.97,0.721,0.113,Warehouse congestion
SHP102890,2025-11-02,Chennai,North,Road,SwiftHaul,Electronics,320.0,198.5,1.23,11,Sunday,3,2.2,-0.8,0,82.3,78.61,0.396,0.246,None
SHP102891,2025-06-26,Kolkata,West,Road,BlueLine,Machinery,1742.0,38.2,0.18,6,Thursday,6,5.1,-0.9,0,,82.82,2.168,0.048,None
SHP102892,2025-10-20,Hyderabad,South,Sea,BlueLine,Electronics,1837.0,229.7,1.57,10,Monday,10,9.8,-0.2,0,75.7,181.15,0.789,0.099,None
SHP102893,2025-11-19,Hyderabad,West,Air,BlueLine,Apparel,712.0,244.5,1.08,11,Wednesday,2,1.6,-0.4,0,80.4,641.87,2.625,0.902,None
SHP102894,2025-08-23,Delhi,West,Road,BlueLine,Pharma,1523.0,54.7,0.29,8,Saturday,5,4.0,-1.0,0,75.8,82.68,1.512,0.054,None
SHP102895,2025-08-25,Kolkata,South,Road,SwiftHaul,Electronics,1187.0,116.1,0.61,8,Monday,5,4.2,-0.8,0,78.6,135.02,1.163,0.114,None
SHP102896,2025-01-07,Delhi,South,Road,BlueLine,Machinery,777.0,81.2,0.53,1,Tuesday,4,3.3,-0.7,0,89.4,92.24,1.136,0.119,None
SHP102897,2025-05-17,Hyderabad,East,Road,TransCo,FMCG,1153.0,116.9,0.93,5,Saturday,5,4.3,-0.7,0,88.8,151.01,1.292,0.131,None
SHP102898,2025-07-17,Mumbai,West,Rail,TransCo,Pharma,452.0,156.7,1.2,7,Thursday,3,2.6,-0.4,0,81.2,64.06,0.409,0.142,None
SHP102899,2025-04-11,Kolkata,West,Road,BlueLine,FMCG,898.0,653.3,3.18,4,Friday,4,2.3,-1.7,0,95.2,568.41,0.87,0.633,None
SHP102900,2025-08-14,Kolkata,West,Sea,BlueLine,FMCG,1289.0,243.9,1.68,8,Thursday,7,7.1,0.1,1,81.3,142.65,0.585,0.111,Carrier capacity
SHP102901,2025-03-04,Kolkata,East,Rail,SwiftHaul,Apparel,471.0,74.1,0.41,3,Tuesday,3,2.0,-1.0,0,91.2,50.4,0.68,0.107,None
SHP102902,2025-12-26,Chennai,North,Sea,QuickMove,FMCG,968.0,44.3,0.28,12,Friday,6,6.4,0.4,1,85.2,47.98,1.083,0.05,Warehouse congestion
SHP102903,2025-01-04,Kolkata,East,Road,TransCo,Electronics,1140.0,573.5,2.52,1,Saturday,5,4.8,-0.2,0,91.4,626.14,1.092,0.549,None
SHP102904,2025-12-23,Chennai,North,Road,BlueLine,FMCG,1642.0,38.4,0.22,12,Tuesday,6,4.8,-1.2,0,83.2,81.51,2.123,0.05,None
SHP102905,2025-03-21,Chennai,East,Road,BlueLine,FMCG,167.0,433.1,2.58,3,Friday,2,1.9,-0.1,0,97.8,101.45,0.234,0.607,None
SHP102906,2025-12-27,Delhi,East,Sea,TransCo,FMCG,648.0,517.0,3.32,12,Saturday,5,4.9,-0.1,0,83.6,138.95,0.269,0.214,None
SHP102907,2025-05-30,Mumbai,South,Road,TransCo,Pharma,1834.0,120.5,0.56,5,Friday,6,5.8,-0.2,0,90.2,236.98,1.967,0.129,None
SHP102908,2025-11-24,Chennai,East,Sea,QuickMove,Apparel,1321.0,56.8,0.32,11,Monday,8,8.7,0.7,1,82.2,56.7,0.998,0.043,Warehouse congestion
SHP102909,2025-05-11,Delhi,Central,Road,TransCo,FMCG,548.0,255.0,1.39,5,Sunday,3,3.7,0.7,1,87.8,128.76,0.505,0.235,Last-mile failure
SHP102910,2025-09-16,Kolkata,Central,Sea,QuickMove,Apparel,350.0,305.8,1.3,9,Tuesday,3,1.4,-1.6,0,74.7,61.29,0.2,0.175,None
SHP102911,2025-04-17,Hyderabad,West,Air,QuickMove,Electronics,995.0,111.0,0.51,4,Thursday,3,2.3,-0.7,0,95.2,491.86,4.431,0.494,None
SHP102912,2025-01-05,Kolkata,West,Rail,BlueLine,Apparel,505.0,85.3,0.59,1,Sunday,3,3.4,0.4,1,90.3,58.27,0.683,0.115,Warehouse congestion
SHP102913,2025-08-16,Hyderabad,South,Rail,SwiftHaul,FMCG,444.0,344.2,1.68,8,Saturday,3,1.4,-1.6,0,77.7,114.31,0.332,0.257,None
SHP102914,2025-11-09,Delhi,West,Road,QuickMove,Machinery,760.0,294.4,1.88,11,Sunday,4,3.4,-0.6,0,81.6,219.25,0.745,0.288,None
SHP102915,2025-08-15,Delhi,East,Air,SwiftHaul,Electronics,1013.0,85.6,0.49,8,Friday,3,5.3,2.3,1,75.3,329.07,3.844,0.325,Carrier capacity
SHP102916,2025-06-09,Chennai,East,Road,QuickMove,Electronics,1028.0,53.1,0.27,6,Monday,5,2.9,-2.1,0,88.2,80.76,1.521,0.079,None
SHP102917,2025-05-13,Chennai,South,Road,SwiftHaul,Pharma,824.0,116.4,0.56,5,Tuesday,4,3.6,-0.4,0,88.3,116.02,0.997,0.141,None
SHP102918,2025-08-04,Kolkata,East,Sea,BlueLine,FMCG,1487.0,270.3,1.12,8,Monday,9,7.9,-1.1,0,79.1,165.89,0.614,0.112,None
SHP102919,2025-06-06,Delhi,East,Sea,BlueLine,Electronics,1305.0,2034.0,16.2,6,Friday,8,6.8,-1.2,0,85.7,1006.02,0.495,0.771,None
SHP102920,2025-08-22,Delhi,West,Road,SwiftHaul,Pharma,985.0,37.7,0.28,8,Friday,4,3.1,-0.9,0,75.1,57.71,1.531,0.059,None
SHP102921,2025-03-17,Delhi,South,Road,BlueLine,Electronics,1604.0,285.0,1.58,3,Monday,6,4.9,-1.1,0,93.3,433.35,1.521,0.27,None
SHP102922,2025-12-14,Kolkata,West,Road,SwiftHaul,Pharma,659.0,268.6,1.99,12,Sunday,3,2.2,-0.8,0,85.6,160.06,0.596,0.243,None
SHP102923,2025-02-15,Mumbai,East,Road,SwiftHaul,Electronics,1083.0,40.8,0.17,2,Saturday,5,2.7,-2.3,0,93.2,74.14,1.817,0.068,None
SHP102924,2025-12-14,Delhi,South,Road,BlueLine,Apparel,2108.0,663.5,4.64,12,Sunday,7,7.3,0.3,1,86.0,1284.04,1.935,0.609,Carrier capacity
SHP102925,2025-11-21,Mumbai,North,Road,SwiftHaul,Machinery,411.0,33.2,0.19,11,Friday,3,2.6,-0.4,0,79.5,39.37,1.186,0.096,None
SHP102926,2025-03-17,Hyderabad,South,Rail,BlueLine,FMCG,1784.0,218.4,0.98,3,Monday,7,7.7,0.7,1,95.1,254.47,1.165,0.143,Last-mile failure
SHP102927,2025-06-03,Hyderabad,South,Air,QuickMove,Apparel,1245.0,191.9,1.18,6,Tuesday,3,1.1,-1.9,0,86.0,975.12,5.081,0.783,None
SHP102928,2025-09-15,Kolkata,West,Sea,QuickMove,FMCG,1212.0,40.3,0.25,9,Monday,7,4.5,-2.5,0,74.9,44.65,1.108,0.037,None
SHP102929,2025-07-16,Hyderabad,North,Rail,TransCo,Pharma,1001.0,201.4,1.45,7,Wednesday,5,4.0,-1.0,0,79.5,137.07,0.681,0.137,None
SHP102930,2025-07-01,Chennai,South,Road,SwiftHaul,Machinery,1044.0,608.3,3.73,7,Tuesday,4,5.2,1.2,1,80.7,581.19,0.955,0.557,Carrier capacity
SHP102931,2025-04-27,Hyderabad,North,Sea,TransCo,Machinery,900.0,376.5,2.19,4,Sunday,6,5.7,-0.3,0,92.9,164.78,0.438,0.183,None
SHP102932,2025-04-20,Mumbai,North,Rail,SwiftHaul,FMCG,599.0,54.3,0.26,4,Sunday,4,1.9,-2.1,0,95.0,51.69,0.952,0.086,None
SHP102933,2025-11-19,Kolkata,West,Road,SwiftHaul,FMCG,1324.0,145.9,0.8,11,Wednesday,5,4.8,-0.2,0,80.9,178.85,1.226,0.135,None
SHP102934,2025-07-18,Chennai,East,Rail,SwiftHaul,Machinery,432.0,270.7,1.64,7,Friday,3,0.9,-2.1,0,81.4,93.17,0.344,0.216,None
SHP102935,2025-10-20,Kolkata,North,Road,BlueLine,Apparel,515.0,462.0,2.7,10,Monday,3,2.9,-0.1,0,77.7,221.09,0.479,0.429,None
SHP102936,2025-11-15,Hyderabad,North,Road,SwiftHaul,Apparel,779.0,63.4,0.37,11,Saturday,4,3.2,-0.8,0,79.5,71.38,1.126,0.092,None
SHP102937,2025-01-09,Chennai,East,Road,QuickMove,Electronics,415.0,320.1,1.58,1,Thursday,3,2.9,-0.1,0,86.0,135.1,0.422,0.326,None
SHP102938,2025-06-27,Kolkata,North,Road,BlueLine,Apparel,2101.0,18.3,0.08,6,Friday,7,6.2,-0.8,0,84.7,59.12,3.231,0.028,None
SHP102939,2025-12-19,Mumbai,North,Road,TransCo,Pharma,1168.0,614.3,2.91,12,Friday,5,5.0,0.0,0,85.5,568.47,0.925,0.487,None
SHP102940,2025-10-27,Kolkata,North,Rail,BlueLine,Electronics,755.0,386.9,2.74,10,Monday,4,3.5,-0.5,0,76.1,198.08,0.512,0.262,None
SHP102941,2025-09-20,Hyderabad,East,Sea,BlueLine,Pharma,1863.0,2342.8,16.55,9,Saturday,11,9.6,-1.4,0,73.6,1438.23,0.614,0.772,None
SHP102942,2025-06-25,Kolkata,East,Sea,SwiftHaul,Machinery,2012.0,107.4,0.66,6,Wednesday,11,9.4,-1.6,0,87.5,111.1,1.034,0.055,None
SHP102943,2025-11-17,Hyderabad,South,Rail,BlueLine,Machinery,1121.0,1266.1,7.55,11,Monday,5,4.8,-0.2,0,78.4,794.82,0.628,0.709,None
SHP102944,2025-02-23,Mumbai,North,Road,BlueLine,Pharma,1757.0,237.5,1.15,2,Sunday,6,4.6,-1.4,0,92.3,364.13,1.533,0.207,None
SHP102945,2025-05-30,Delhi,Central,Road,TransCo,Electronics,538.0,58.0,0.33,5,Friday,3,2.3,-0.7,0,89.1,56.97,0.982,0.106,None
SHP102946,2025-10-23,Kolkata,Central,Road,SwiftHaul,Electronics,1039.0,57.6,0.26,10,Thursday,4,3.2,-0.8,0,75.8,75.36,1.308,0.073,None
SHP102947,2025-07-23,Chennai,East,Road,BlueLine,FMCG,1091.0,54.4,0.26,7,Wednesday,5,3.7,-1.3,0,78.8,74.12,1.362,0.068,None
SHP102948,2025-01-19,Hyderabad,East,Road,TransCo,Apparel,398.0,676.9,3.05,1,Sunday,3,1.8,-1.2,0,90.0,254.89,0.377,0.64,None
SHP102949,2025-10-07,Kolkata,West,Sea,SwiftHaul,Apparel,1509.0,499.2,3.84,10,Tuesday,8,7.8,-0.2,0,76.5,276.69,0.554,0.183,None
SHP102950,2025-06-23,Hyderabad,Central,Road,TransCo,Apparel,2158.0,295.2,1.19,6,Monday,7,8.3,1.3,1,83.1,538.45,1.824,0.25,Warehouse congestion
SHP102951,2025-12-16,Kolkata,South,Road,SwiftHaul,Electronics,2328.0,212.3,1.09,12,Tuesday,7,7.4,0.4,1,82.8,425.07,2.002,0.183,Warehouse congestion
SHP102952,2025-06-21,Delhi,East,Sea,SwiftHaul,FMCG,1447.0,410.6,2.77,6,Saturday,9,7.7,-1.3,0,86.4,235.51,0.574,0.163,None
SHP102953,2025-07-22,Mumbai,South,Road,TransCo,Apparel,405.0,219.1,0.9,7,Tuesday,3,3.2,0.2,1,79.9,92.86,0.424,0.229,Customs/Docs
SHP102954,2025-08-17,Hyderabad,Central,Road,BlueLine,Apparel,1402.0,66.0,0.43,8,Sunday,5,5.1,0.1,1,78.3,109.79,1.663,0.078,Warehouse congestion
SHP102955,2025-11-28,Mumbai,Central,Sea,BlueLine,Electronics,1567.0,189.1,0.86,11,Friday,8,8.8,0.8,1,81.3,125.82,0.665,0.08,Last-mile failure
SHP102956,2025-03-31,Delhi,East,Rail,BlueLine,Machinery,943.0,127.2,0.63,3,Monday,5,3.8,-1.2,0,94.4,105.92,0.833,0.112,None
SHP102957,2025-10-28,Kolkata,North,Road,SwiftHaul,Electronics,871.0,343.6,2.26,10,Tuesday,4,2.5,-1.5,0,77.2,258.04,0.751,0.296,None
SHP102958,2025-05-08,Hyderabad,South,Road,BlueLine,Apparel,3282.0,368.2,2.84,5,Thursday,10,9.2,-0.8,0,91.5,1101.11,2.991,0.335,None
SHP102959,2025-03-09,Chennai,Central,Road,SwiftHaul,FMCG,455.0,65.7,0.33,3,Sunday,3,1.4,-1.6,0,93.4,57.55,0.876,0.126,None
SHP102960,2025-06-18,Chennai,North,Sea,QuickMove,Machinery,607.0,10.3,0.08,6,Wednesday,4,3.6,-0.4,0,81.9,32.21,3.127,0.053,None
SHP102961,2025-10-07,Delhi,East,Road,SwiftHaul,Pharma,813.0,121.8,0.69,10,Tuesday,4,4.0,0.0,0,74.4,102.87,0.845,0.127,None
SHP102962,2025-04-08,Mumbai,North,Road,QuickMove,Apparel,249.0,65.3,0.33,4,Tuesday,3,2.9,-0.1,0,94.8,46.71,0.715,0.188,None
SHP102963,2025-08-02,Mumbai,East,Rail,BlueLine,Pharma,841.0,239.6,1.06,8,Saturday,5,3.8,-1.2,0,79.8,131.24,0.548,0.156,None
SHP102964,2025-01-12,Mumbai,West,Road,TransCo,Electronics,787.0,117.6,0.77,1,Sunday,4,4.4,0.4,1,89.9,108.41,0.922,0.138,Weather
SHP102965,2025-12-13,Delhi,East,Road,TransCo,Electronics,703.0,444.8,2.77,12,Saturday,4,5.2,1.2,1,87.5,330.35,0.743,0.47,Carrier capacity
SHP102966,2025-04-21,Chennai,West,Road,BlueLine,FMCG,848.0,131.4,0.64,4,Monday,4,4.1,0.1,1,95.5,130.61,0.994,0.154,Customs/Docs
SHP102967,2025-02-17,Delhi,Central,Rail,SwiftHaul,Machinery,974.0,909.4,5.66,2,Monday,5,4.0,-1.0,0,92.3,555.27,0.611,0.57,None
SHP102968,2025-12-30,Hyderabad,West,Rail,BlueLine,FMCG,1192.0,96.8,0.43,12,Tuesday,5,5.2,0.2,1,84.9,91.67,0.947,0.077,Warehouse congestion
SHP102969,2025-07-15,Delhi,South,Road,SwiftHaul,FMCG,916.0,195.8,1.24,7,Tuesday,4,2.4,-1.6,0,81.3,189.19,0.966,0.207,None
SHP102970,2025-04-21,Chennai,South,Sea,BlueLine,Machinery,1463.0,144.7,1.04,4,Monday,8,7.0,-1.0,0,91.3,122.71,0.848,0.084,None
SHP102971,2025-05-29,Chennai,East,Sea,BlueLine,Electronics,1431.0,192.1,1.22,5,Thursday,9,8.5,-0.5,0,91.7,133.68,0.696,0.093,None
SHP102972,2025-03-15,Kolkata,Central,Sea,SwiftHaul,Apparel,426.0,464.6,2.0,3,Saturday,4,1.9,-2.1,0,97.1,125.11,0.269,0.294,None
SHP102973,2025-10-06,Hyderabad,East,Rail,BlueLine,FMCG,871.0,157.3,0.68,10,Monday,5,3.9,-1.1,0,78.0,90.2,0.573,0.104,None
SHP102974,2025-03-20,Kolkata,North,Road,QuickMove,FMCG,1085.0,198.3,1.39,3,Thursday,4,3.0,-1.0,0,94.8,206.56,1.042,0.19,None
SHP102975,2025-12-21,Chennai,West,Sea,QuickMove,Machinery,169.0,136.0,0.61,12,Sunday,3,1.3,-1.7,0,86.0,37.61,0.277,0.223,None
SHP102976,2025-01-04,Hyderabad,North,Road,QuickMove,Apparel,563.0,24.5,0.1,1,Saturday,3,2.2,-0.8,0,92.0,41.57,1.697,0.074,None
SHP102977,2025-12-31,Chennai,North,Sea,TransCo,Electronics,470.0,21.1,0.14,12,Wednesday,4,4.4,0.4,1,82.1,33.49,1.587,0.071,Carrier capacity
SHP102978,2025-12-21,Chennai,West,Road,QuickMove,Apparel,535.0,379.4,1.82,12,Sunday,3,3.0,0.0,0,80.2,177.72,0.468,0.332,None
SHP102979,2025-03-16,Kolkata,Central,Rail,TransCo,FMCG,893.0,15.9,0.07,3,Sunday,4,4.0,0.0,0,96.0,38.21,2.403,0.043,None
SHP102980,2025-04-13,Kolkata,North,Sea,BlueLine,Electronics,506.0,186.1,1.44,4,Sunday,4,2.3,-1.7,0,92.5,70.13,0.377,0.139,None
SHP102981,2025-06-22,Chennai,Central,Road,QuickMove,FMCG,783.0,261.8,1.09,6,Sunday,4,4.0,0.0,0,85.4,199.88,0.763,0.255,None
SHP102982,2025-07-21,Chennai,West,Road,TransCo,Machinery,464.0,655.1,4.5,7,Monday,3,2.7,-0.3,0,80.4,286.8,0.438,0.618,None
SHP102983,2025-02-06,Kolkata,West,Road,BlueLine,Machinery,952.0,155.0,0.63,2,Thursday,4,2.6,-1.4,0,96.1,180.46,1.164,0.19,None
SHP102984,2025-04-21,Kolkata,Central,Road,BlueLine,Electronics,93.0,208.6,0.89,4,Monday,2,1.1,-0.9,0,94.0,48.38,0.232,0.52,None
SHP102985,2025-01-16,Chennai,Central,Rail,SwiftHaul,FMCG,904.0,74.1,0.33,1,Thursday,4,5.1,1.1,1,91.1,72.73,0.982,0.08,Warehouse congestion
SHP102986,2025-11-11,Mumbai,East,Rail,SwiftHaul,Apparel,1734.0,275.4,2.04,11,Tuesday,7,6.5,-0.5,0,80.9,288.11,1.046,0.166,None
SHP102987,2025-12-29,Delhi,Central,Rail,TransCo,Apparel,1473.0,55.2,0.28,12,Monday,6,6.6,0.6,1,86.6,72.02,1.305,0.049,Customs/Docs
SHP102988,2025-08-02,Mumbai,Central,Rail,BlueLine,FMCG,1560.0,834.8,4.04,8,Saturday,6,5.3,-0.7,0,75.2,605.85,0.726,0.388,None
SHP102989,2025-10-07,Chennai,East,Sea,QuickMove,FMCG,1263.0,170.3,1.01,10,Tuesday,8,6.3,-1.7,0,76.9,93.14,0.547,0.074,None
SHP102990,2025-02-26,Hyderabad,East,Air,BlueLine,Pharma,771.0,397.1,2.83,2,Wednesday,3,0.9,-2.1,0,89.0,1337.12,3.367,1.734,None
SHP102991,2025-02-27,Mumbai,North,Sea,SwiftHaul,Electronics,579.0,115.9,0.59,2,Thursday,4,2.7,-1.3,0,92.4,57.73,0.498,0.1,None
SHP102992,2025-11-19,Chennai,North,Road,SwiftHaul,Electronics,1079.0,362.5,1.47,11,Wednesday,4,4.5,0.5,1,82.0,273.03,0.753,0.253,Carrier capacity
SHP102993,2025-06-17,Hyderabad,West,Sea,SwiftHaul,Apparel,944.0,250.7,1.9,6,Tuesday,6,6.0,0.0,0,82.3,119.87,0.478,0.127,None
SHP102994,2025-06-18,Chennai,North,Road,TransCo,FMCG,1051.0,82.2,0.4,6,Wednesday,4,3.7,-0.3,0,82.6,101.27,1.232,0.096,None
SHP102995,2025-02-21,Kolkata,South,Road,SwiftHaul,Apparel,638.0,585.1,2.79,2,Friday,3,2.0,-1.0,0,95.0,359.07,0.614,0.563,None
SHP102996,2025-05-06,Hyderabad,Central,Road,TransCo,Pharma,1663.0,270.6,1.43,5,Tuesday,6,5.7,-0.3,0,88.8,397.68,1.47,0.239,None
SHP102997,2025-04-25,Hyderabad,South,Air,SwiftHaul,Apparel,786.0,59.3,0.34,4,Friday,3,0.5,-2.5,0,96.2,224.99,3.794,0.286,None
SHP102998,2025-06-01,Hyderabad,East,Road,BlueLine,Electronics,458.0,358.7,1.65,6,Sunday,3,2.6,-0.4,0,85.1,185.81,0.518,0.406,None
SHP102999,2025-12-23,Chennai,North,Road,BlueLine,FMCG,1642.0,38.4,0.22,12,Tuesday,6,6.4,0.4,1,88.0,85.36,2.223,0.052,Weather
